{
  "credit": "Made with Blockbench",
  "parent": "builtin/entity",
  "texture_size": [
    128,
    64
  ],
  "display": {
    "thirdperson_righthand": {
      "rotation": [
        -180,
        53.75,
        -180
      ],
      "translation": [
        -1,
        -4.75,
        1
      ],
      "scale": [
        0.4,
        0.4,
        0.4
      ]
    },
    "thirdperson_lefthand": {
      "rotation": [
        -180,
        53.75,
        -180
      ],
      "translation": [
        -1,
        -4.75,
        1
      ],
      "scale": [
        0.4,
        0.4,
        0.4
      ]
    },
    "firstperson_righthand": {
      "rotation": [
        -180,
        53.75,
        -180
      ],
      "translation": [
        0.75,
        -1.25,
        0
      ],
      "scale": [
        0.4,
        0.4,
        0.4
      ]
    },
    "firstperson_lefthand": {
      "rotation": [
        -180,
        53.75,
        180
      ],
      "translation": [
        0.75,
        -1.25,
        0
      ],
      "scale": [
        0.4,
        0.4,
        0.4
      ]
    },
    "ground": {
      "translation": [
        0,
        3,
        0
      ],
      "scale": [
        0.35,
        0.35,
        0.35
      ]
    },
    "gui": {
      "rotation": [
        30,
        -135,
        0
      ],
      "translation": [
        0,
        -5.75,
        0
      ],
      "scale": [
        0.53,
        0.53,
        0.53
      ]
    },
    "fixed": {
      "translation": [
        0,
        -5.75,
        0
      ],
      "scale": [
        0.5,
        0.5,
        0.5
      ]
    }
  },
  "textures": {
    "particle": "metus_oblita:item/effigy_of_decay_default"
  }
}