{
  "credit": "Made with Blockbench",
  "parent": "builtin/entity",
  "texture_size": [
    128,
    128
  ],
  "display": {
    "thirdperson_righthand": {
      "rotation": [
        75,
        45,
        0
      ],
      "translation": [
        0,
        2.5,
        0
      ],
      "scale": [
        0.375,
        0.375,
        0.375
      ]
    },
    "thirdperson_lefthand": {
      "rotation": [
        75,
        45,
        0
      ],
      "translation": [
        0,
        2.5,
        0
      ],
      "scale": [
        0.375,
        0.375,
        0.375
      ]
    },
    "firstperson_righthand": {
      "rotation": [
        18.5,
        45,
        0
      ],
      "translation": [
        0,
        -1,
        0
      ],
      "scale": [
        0.375,
        0.375,
        0.375
      ]
    },
    "firstperson_lefthand": {
      "rotation": [
        18.5,
        45,
        0
      ],
      "translation": [
        0,
        -1,
        0
      ],
      "scale": [
        0.375,
        0.375,
        0.375
      ]
    },
    "ground": {
      "rotation": [
        17.92,
        24.65,
        -12.31
      ],
      "scale": [
        0.375,
        0.375,
        0.375
      ]
    },
    "gui": {
      "rotation": [
        30,
        -135,
        0
      ],
      "translation": [
        0,
        -4.75,
        0
      ],
      "scale": [
        0.56,
        0.56,
        0.56
      ]
    },
    "fixed": {
      "translation": [
        0,
        -5.5,
        0
      ],
      "scale": [
        0.5,
        0.5,
        0.5
      ]
    }
  },
  "textures": {
    "particle": "item/oblita_cruor_infuser_draining"
  }
}