{
  "credit": "Made with Blockbench",
  "parent": "builtin/entity",
  "texture_size": [
    128,
    64
  ],
  "display": {
    "thirdperson_righthand": {
      "rotation": [
        75,
        45,
        0
      ],
      "translation": [
        0,
        2.5,
        0
      ],
      "scale": [
        0.375,
        0.375,
        0.375
      ]
    },
    "gui": {
      "rotation": [
        18.41,
        -18.97,
        1.55
      ],
      "translation": [
        0,
        -5.5,
        0
      ],
      "scale": [
        0.69,
        0.69,
        0.69
      ]
    }
  }
}