{
	"format_version": "1.12.0",
	"minecraft:geometry": [
		{
			"description": {
				"identifier": "geometry.unknown",
				"texture_width": 256,
				"texture_height": 128,
				"visible_bounds_width": 5,
				"visible_bounds_height": 5,
				"visible_bounds_offset": [0, 1.5, 0]
			},
			"bones": [
				{
					"name": "bb_main",
					"pivot": [0, 0, 0],
					"cubes": [
						{"origin": [-24, -16, -24], "size": [48, 48, 48], "inflate": 0.05, "uv": [22, 10]},
						{"origin": [-8, 0, -8], "size": [16, 16, 16], "inflate": -0.05, "uv": [0, 6]}
					]
				}
			]
		}
	]
}