{
	"format_version": "1.12.0",
	"minecraft:geometry": [
		{
			"description": {
				"identifier": "geometry.cruor_collector_sphere",
				"texture_width": 128,
				"texture_height": 128,
				"visible_bounds_width": 3,
				"visible_bounds_height": 4,
				"visible_bounds_offset": [0, 1, 0]
			},
			"bones": [
				{
					"name": "item",
					"pivot": [0, 0, 0],
					"cubes": [
						{"origin": [-8, -8, -8], "size": [16, 16, 16], "uv": [64, 32]},
						{"origin": [-10.25, -10, -9.5], "size": [20, 20, 20], "uv": [0, 80]}
					]
				}
			]
		}
	]
}