{
	"format_version": "1.12.0",
	"minecraft:geometry": [
		{
			"description": {
				"identifier": "geometry.unknown",
				"texture_width": 64,
				"texture_height": 64,
				"visible_bounds_width": 2,
				"visible_bounds_height": 2.5,
				"visible_bounds_offset": [0, 0.75, 0]
			},
			"bones": [
				{
					"name": "frame",
					"pivot": [-0.5, 7.5, -4],
					"cubes": [
						{"origin": [-8, 0, 4], "size": [16, 16, 4], "uv": [0, 0]},
						{"origin": [-2, 14, -4], "size": [4, 2, 8], "uv": [34, 26]},
						{"origin": [-2, 0, -4], "size": [4, 2, 8], "uv": [35, 14]},
						{"origin": [-9, 7, -4], "size": [4, 2, 8], "pivot": [-7, 8, -4], "rotation": [0, 0, 90], "uv": [30, 38]},
						{"origin": [5, 7, -4], "size": [4, 2, 8], "pivot": [7, 8, -4], "rotation": [0, 0, -90], "uv": [30, 38], "mirror": true},
						{"origin": [-2.5, 4.5, -2], "size": [5, 5, 6], "pivot": [-0.5, 7.5, -4], "rotation": [0, 0, -90], "uv": [6, 40], "mirror": true},
						{"origin": [-1, 5, -5], "size": [2, 2, 3], "pivot": [-1, 7, -11], "rotation": [0, 0, -90], "uv": [0, 39], "mirror": true},
						{"origin": [-1.5, 3.5, -8], "size": [3, 3, 3], "pivot": [-1.5, 6.5, -12], "rotation": [0, 0, -90], "uv": [23, 39], "mirror": true}
					]
				},
				{
					"name": "part1",
					"parent": "frame",
					"pivot": [0, 8, 1],
					"cubes": [
						{"origin": [-7, 1, 0], "size": [14, 14, 2], "uv": [0, 22]}
					]
				},
				{
					"name": "part2",
					"parent": "frame",
					"pivot": [0, 8, -2],
					"cubes": [
						{"origin": [-7, 1, -3], "size": [14, 14, 2], "uv": [0, 22]}
					]
				}
			]
		}
	]
}