{
	"format_version": "1.12.0",
	"minecraft:geometry": [
		{
			"description": {
				"identifier": "geometry.effigy_of_decay",
				"texture_width": 128,
				"texture_height": 64,
				"visible_bounds_width": 2,
				"visible_bounds_height": 3.5,
				"visible_bounds_offset": [0, 1.25, 0]
			},
			"bones": [
				{
					"name": "base1",
					"pivot": [0, 0, 0],
					"cubes": [
						{"origin": [-6, 0, -6], "size": [12, 3, 12], "uv": [1, 1]},
						{"origin": [-2, 3, -2], "size": [4, 7, 5], "uv": [75, 16]},
						{"origin": [2, 3, 0], "size": [2, 7, 0], "uv": [47, 0]},
						{"origin": [-4, 3, 0], "size": [2, 7, 0], "uv": [47, 0], "mirror": true}
					]
				},
				{
					"name": "body1",
					"parent": "base1",
					"pivot": [0, 10, 1],
					"cubes": [
						{"origin": [-5, 10, -1], "size": [10, 11, 6], "uv": [40, 18]},
						{"origin": [0, 10, 5], "size": [0, 11, 1], "uv": [44, -1]},
						{"origin": [-4.5, 13, -4], "size": [9, 7, 8], "pivot": [-0.5, 17, 3], "rotation": [12.5, 0, 0], "uv": [51, 0]}
					]
				},
				{
					"name": "tendril1",
					"parent": "body1",
					"pivot": [0, 19, 1.75],
					"rotation": [0, 0, 90],
					"cubes": [
						{"origin": [0, 18, 0.75], "size": [12, 2, 2], "uv": [78, 1]}
					]
				},
				{
					"name": "tendril2",
					"parent": "tendril1",
					"pivot": [1, 19, 1.75],
					"cubes": [
						{"origin": [1, 18, 0.75], "size": [12, 2, 2], "uv": [78, 1]}
					]
				},
				{
					"name": "tendril3",
					"parent": "tendril2",
					"pivot": [1, 19, 1.75],
					"cubes": [
						{"origin": [1, 18, 0.75], "size": [12, 2, 2], "uv": [86, 6]}
					]
				},
				{
					"name": "tendril4",
					"parent": "body1",
					"pivot": [1, 14, 2],
					"rotation": [0, 0, -90],
					"cubes": [
						{"origin": [1, 13, 1], "size": [12, 2, 2], "uv": [78, 1]}
					]
				},
				{
					"name": "tendril5",
					"parent": "tendril4",
					"pivot": [1, 14, 2],
					"cubes": [
						{"origin": [1, 13, 1], "size": [12, 2, 2], "uv": [78, 1]}
					]
				},
				{
					"name": "tendril6",
					"parent": "tendril5",
					"pivot": [1, 14, 2],
					"cubes": [
						{"origin": [1, 13, 1], "size": [12, 2, 2], "uv": [86, 6]}
					]
				},
				{
					"name": "tendril7",
					"parent": "body1",
					"pivot": [-1, 14, 2],
					"rotation": [0, 0, 90],
					"cubes": [
						{"origin": [-13, 13, 1], "size": [12, 2, 2], "uv": [78, 1], "mirror": true}
					]
				},
				{
					"name": "tendril8",
					"parent": "tendril7",
					"pivot": [-1, 14, 2],
					"cubes": [
						{"origin": [-13, 13, 1], "size": [12, 2, 2], "uv": [78, 1], "mirror": true}
					]
				},
				{
					"name": "tendril9",
					"parent": "tendril8",
					"pivot": [-1, 14, 2],
					"cubes": [
						{"origin": [-13, 13, 1], "size": [12, 2, 2], "uv": [86, 6], "mirror": true}
					]
				},
				{
					"name": "tendril10",
					"parent": "body1",
					"pivot": [0, 19, 1.75],
					"rotation": [0, 0, -90],
					"cubes": [
						{"origin": [-12, 18, 0.75], "size": [12, 2, 2], "uv": [78, 1], "mirror": true}
					]
				},
				{
					"name": "tendril11",
					"parent": "tendril10",
					"pivot": [0, 19, 1.75],
					"cubes": [
						{"origin": [-12, 18, 0.75], "size": [12, 2, 2], "uv": [78, 1], "mirror": true}
					]
				},
				{
					"name": "tendril12",
					"parent": "tendril11",
					"pivot": [0, 19, 1.75],
					"cubes": [
						{"origin": [-12, 18, 0.75], "size": [12, 2, 2], "uv": [86, 6], "mirror": true}
					]
				},
				{
					"name": "head1",
					"parent": "body1",
					"pivot": [0, 20, 1],
					"cubes": [
						{"origin": [-4, 20, -4], "size": [8, 7, 8], "uv": [0, 20]},
						{"origin": [-4, 18, -4], "size": [8, 2, 1], "uv": [26, 18]}
					]
				}
			]
		}
	]
}