{
	"format_version": "1.12.0",
	"minecraft:geometry": [
		{
			"description": {
				"identifier": "geometry.unknown",
				"texture_width": 64,
				"texture_height": 64,
				"visible_bounds_width": 3,
				"visible_bounds_height": 3.5,
				"visible_bounds_offset": [0, 1.25, 0]
			},
			"bones": [
				{
					"name": "Body_1",
					"pivot": [0, 24, 0],
					"cubes": [
						{"origin": [-4, 12, -2], "size": [8, 11, 4], "uv": [0, 34]},
						{"origin": [-4.5, 15, -3], "size": [9, 7, 6], "uv": [34, 19]}
					]
				},
				{
					"name": "Head_1",
					"parent": "Body_1",
					"pivot": [0, 23, -1],
					"cubes": [
						{"origin": [-3, 23, -5], "size": [6, 8, 8], "uv": [0, 0]},
						{"origin": [-4, 26, -8], "size": [8, 6, 9], "pivot": [0, 26, 1], "rotation": [-15, 0, 0], "uv": [30, 33]},
						{"origin": [-4, 22, -7], "size": [8, 4, 9], "pivot": [0, 25, 2], "rotation": [5, 0, 0], "uv": [30, 50]}
					]
				},
				{
					"name": "Arm_Left_1",
					"parent": "Body_1",
					"pivot": [5, 21, 0],
					"cubes": [
						{"origin": [4, 11, -2], "size": [4, 12, 4], "uv": [46, 2]},
						{"origin": [5, 11, 0], "size": [5, 14, 0], "uv": [35, 4]}
					]
				},
				{
					"name": "Claw_Left_1",
					"parent": "Arm_Left_1",
					"pivot": [8, 12, -1],
					"rotation": [0, 0, 0],
					"cubes": [
						{"origin": [5, 7, -2], "size": [3, 4, 2], "uv": [21, 30]}
					]
				},
				{
					"name": "Claw_Left_2",
					"parent": "Arm_Left_1",
					"pivot": [8, 13, 1.5],
					"rotation": [9.00717, -20.70481, -24.14867],
					"cubes": [
						{"origin": [5, 9, 0.5], "size": [3, 4, 2], "uv": [21, 30]}
					]
				},
				{
					"name": "Arm_Right_1",
					"parent": "Body_1",
					"pivot": [-5, 21, 0],
					"cubes": [
						{"origin": [-8, 11, -2], "size": [4, 12, 4], "uv": [46, 2], "mirror": true},
						{"origin": [-10, 11, 0], "size": [5, 14, 0], "uv": [35, 4], "mirror": true}
					]
				},
				{
					"name": "Claw_Right_1",
					"parent": "Arm_Right_1",
					"pivot": [-8, 12, -1],
					"rotation": [0, 0, 0],
					"cubes": [
						{"origin": [-8, 7, -2], "size": [3, 4, 2], "uv": [21, 30], "mirror": true}
					]
				},
				{
					"name": "Claw_Right_2",
					"parent": "Arm_Right_1",
					"pivot": [-8, 13, 1.5],
					"rotation": [9.00717, 20.70481, 24.14867],
					"cubes": [
						{"origin": [-8, 9, 0.5], "size": [3, 4, 2], "uv": [21, 30], "mirror": true}
					]
				},
				{
					"name": "Leg_Left_1",
					"parent": "Body_1",
					"pivot": [1.9, 12, 0],
					"cubes": [
						{"origin": [-0.1, 0, -2], "size": [4, 12, 4], "uv": [0, 18]},
						{"origin": [0.9, 0, -4], "size": [2, 3, 2], "uv": [19, 20]}
					]
				},
				{
					"name": "Leg_Right_1",
					"parent": "Body_1",
					"pivot": [-1.9, 12, 0],
					"cubes": [
						{"origin": [-3.9, 0, -2], "size": [4, 12, 4], "uv": [0, 18], "mirror": true},
						{"origin": [-2.9, 0, -4], "size": [2, 3, 2], "uv": [19, 20], "mirror": true}
					]
				}
			]
		}
	]
}