{
	"format_version": "1.12.0",
	"minecraft:geometry": [
		{
			"description": {
				"identifier": "geometry.unknown",
				"texture_width": 128,
				"texture_height": 128,
				"visible_bounds_width": 5,
				"visible_bounds_height": 5.5,
				"visible_bounds_offset": [0, 2.25, 0]
			},
			"bones": [
				{
					"name": "body_main1",
					"pivot": [0, 23.81487, 1.20282]
				},
				{
					"name": "legs1",
					"parent": "body_main1",
					"pivot": [0, 15.81487, 1.20282]
				},
				{
					"name": "leg1",
					"parent": "legs1",
					"pivot": [-1, 17.81487, -2.79718],
					"cubes": [
						{"origin": [-5, -0.18513, -6.79718], "size": [10, 19, 10], "uv": [1, 70]}
					]
				},
				{
					"name": "leg2",
					"parent": "leg1",
					"pivot": [-1, 7.81071, 2.28522],
					"rotation": [90, 0, 0],
					"cubes": [
						{"origin": [-5, -8.29272, -6.09613], "size": [10, 16, 9], "uv": [42, 75]},
						{"origin": [0, -8.29272, 2.90387], "size": [0, 16, 2], "uv": [57, 5]}
					]
				},
				{
					"name": "leg3",
					"parent": "leg2",
					"pivot": [-1, -8.29272, -1.09613],
					"rotation": [90, 0, 0],
					"cubes": [
						{"origin": [-3, -9.29272, -14.09613], "size": [6, 6, 13], "uv": [90, 53]},
						{"origin": [0, -11.29272, -14.09613], "size": [0, 2, 13], "uv": [44, -12]}
					]
				},
				{
					"name": "body1",
					"parent": "legs1",
					"pivot": [0, 16.81487, 1.20282],
					"cubes": [
						{"origin": [-8, 15.81487, -3.79718], "size": [16, 21, 11], "uv": [0, 0]},
						{"origin": [0, 24.81487, 7.20282], "size": [0, 22, 13], "uv": [89, -11], "mirror": true},
						{"origin": [0, 36.81487, 2.20282], "size": [0, 6, 5], "uv": [0, -5], "mirror": true}
					]
				},
				{
					"name": "armleft1",
					"parent": "body1",
					"pivot": [7, 35.81487, 4.20282],
					"rotation": [38.59191, 23.21895, -31.17636],
					"cubes": [
						{"origin": [7, 18.81487, -0.79718], "size": [6, 20, 10], "uv": [0, 32]},
						{"origin": [10, 26.81487, -16.79718], "size": [0, 9, 16], "uv": [49, 29]},
						{"origin": [7, 18.81487, -19.79718], "size": [6, 8, 19], "uv": [13, 43]},
						{"origin": [10, 10.81487, -16.79718], "size": [0, 8, 33], "uv": [24, -1]}
					]
				},
				{
					"name": "armleft2",
					"parent": "armleft1",
					"pivot": [12, 25.81487, -20.79718],
					"cubes": [
						{"origin": [7, 23.81487, -36.79718], "size": [6, 3, 17], "uv": [47, 55]}
					]
				},
				{
					"name": "armleft3",
					"parent": "armleft1",
					"pivot": [12, 20.81487, -20.79718],
					"cubes": [
						{"origin": [7, 18.81487, -36.79718], "size": [6, 3, 17], "uv": [47, 55]}
					]
				},
				{
					"name": "armright1",
					"parent": "body1",
					"pivot": [-7, 35.81487, 4.20282],
					"rotation": [40.94233, -24.49553, 30.22555],
					"cubes": [
						{"origin": [-13, 18.81487, -0.79718], "size": [6, 20, 10], "uv": [0, 32], "mirror": true},
						{"origin": [-10, 26.81487, -16.79718], "size": [0, 9, 16], "uv": [49, 29], "mirror": true},
						{"origin": [-13, 18.81487, -19.79718], "size": [6, 8, 19], "uv": [13, 43], "mirror": true},
						{"origin": [-10, 10.81487, -16.79718], "size": [0, 8, 33], "uv": [24, -1], "mirror": true}
					]
				},
				{
					"name": "armright2",
					"parent": "armright1",
					"pivot": [-12, 25.81487, -20.79718],
					"cubes": [
						{"origin": [-13, 23.81487, -36.79718], "size": [6, 3, 17], "uv": [47, 55], "mirror": true}
					]
				},
				{
					"name": "armright3",
					"parent": "armright1",
					"pivot": [-12, 20.81487, -20.79718],
					"cubes": [
						{"origin": [-13, 18.81487, -36.79718], "size": [6, 3, 17], "uv": [47, 55], "mirror": true}
					]
				},
				{
					"name": "neck1",
					"parent": "body1",
					"pivot": [0, 32.81487, -2.79718],
					"cubes": [
						{"origin": [-4, 28.81487, -9.79718], "size": [8, 14, 11], "uv": [87, 72]},
						{"origin": [1, 42.81487, -3.79718], "size": [5, 21, 4], "uv": [82, 41]},
						{"origin": [6, 59.81487, -3.79718], "size": [7, 4, 4], "uv": [102, 26]},
						{"origin": [6, 46.81487, -1.79718], "size": [12, 17, 0], "uv": [102, 36]},
						{"origin": [-18, 46.81487, -1.79718], "size": [12, 17, 0], "uv": [102, 36], "mirror": true},
						{"origin": [-6, 42.81487, -3.79718], "size": [5, 21, 4], "uv": [82, 41], "mirror": true},
						{"origin": [-13, 59.81487, -3.79718], "size": [7, 4, 4], "uv": [102, 26], "mirror": true}
					]
				},
				{
					"name": "headmain1",
					"parent": "neck1",
					"pivot": [0, 37.81487, -6.79718]
				},
				{
					"name": "head1",
					"parent": "headmain1",
					"pivot": [-5, 39.81487, -7.79718],
					"rotation": [0, 0, -90],
					"cubes": [
						{"origin": [-10, 36.81487, -17.79718], "size": [10, 7, 12], "uv": [57, 13]},
						{"origin": [-10, 34.81487, -17.79718], "size": [10, 2, 3], "uv": [45, 40]}
					]
				},
				{
					"name": "head2",
					"parent": "headmain1",
					"pivot": [5, 39.81487, -7.79718],
					"rotation": [0, 0, 90],
					"cubes": [
						{"origin": [0, 36.81487, -17.79718], "size": [10, 7, 12], "uv": [57, 13], "mirror": true},
						{"origin": [0, 34.81487, -17.79718], "size": [10, 2, 3], "uv": [45, 40], "mirror": true}
					]
				},
				{
					"name": "sphere1",
					"parent": "headmain1",
					"pivot": [-5, 40.81487, -9.79718],
					"cubes": [
						{"origin": [-9, 36.81487, -13.79718], "size": [8, 8, 8], "inflate": -2.5, "uv": [36, 104]}
					]
				},
				{
					"name": "sphere2",
					"parent": "sphere1",
					"pivot": [-5, 40.81487, -9.79718],
					"cubes": [
						{"origin": [-9, 36.81487, -13.79718], "size": [8, 8, 8], "inflate": -2.5, "uv": [4, 104]}
					]
				}
			]
		}
	]
}