{
	"format_version": "1.12.0",
	"minecraft:geometry": [
		{
			"description": {
				"identifier": "geometry.oblita_altar",
				"texture_width": 128,
				"texture_height": 128,
				"visible_bounds_width": 4,
				"visible_bounds_height": 3.5,
				"visible_bounds_offset": [0, 1.25, 0]
			},
			"bones": [
				{
					"name": "bone",
					"pivot": [8, 0, -8],
					"cubes": [
						{"origin": [-8, 0, -8], "size": [16, 6, 16], "uv": [0, 0]},
						{"origin": [-5, 4, -5], "size": [10, 6, 10], "uv": [50, 0]},
						{"origin": [-7, 10, -7], "size": [14, 6, 14], "uv": [0, 24]},
						{"origin": [-9, 8, -4], "size": [5, 10, 8], "pivot": [-6, 12, 0], "rotation": [0, 0, -22.5], "uv": [82, 46]},
						{"origin": [4, 8, -4], "size": [5, 10, 8], "pivot": [6, 12, 0], "rotation": [0, 0, 22.5], "uv": [96, 16], "mirror": true},
						{"origin": [-4, 8, 4], "size": [8, 10, 5], "pivot": [0, 12, 6], "rotation": [-22.5, 0, 0], "uv": [100, 35], "mirror": true},
						{"origin": [-4, 7, -9], "size": [8, 10, 5], "pivot": [0, 11, -8], "rotation": [22.5, 0, 0], "uv": [93, 0], "mirror": true}
					]
				},
				{
					"name": "circle1",
					"pivot": [0, 0.1, 0],
					"cubes": [
						{"origin": [-24, 0.1, -24], "size": [48, 0, 48], "uv": [-48, 65]}
					]
				}
			]
		}
	]
}