{
	"format_version": "1.12.0",
	"minecraft:geometry": [
		{
			"description": {
				"identifier": "geometry.oblita_pedestal",
				"texture_width": 128,
				"texture_height": 64,
				"visible_bounds_width": 3,
				"visible_bounds_height": 2.5,
				"visible_bounds_offset": [0, 0.75, 0]
			},
			"bones": [
				{
					"name": "bone",
					"pivot": [8, 0, -8],
					"cubes": [
						{"origin": [-7, 0, -7], "size": [14, 3, 14], "uv": [1, 6]},
						{"origin": [-5, 3, -5], "size": [10, 9, 10], "uv": [0, 45]},
						{"origin": [-8, 12, -8], "size": [16, 4, 16], "uv": [0, 24]},
						{"origin": [-8, 8, -8], "size": [16, 4, 0], "uv": [45, 5]},
						{"origin": [-24, 8, -8], "size": [16, 4, 0], "pivot": [-8, 6, -8], "rotation": [0, 90, 0], "uv": [45, 0]},
						{"origin": [-24, 8, 8], "size": [16, 4, 0], "pivot": [-8, 6, 8], "rotation": [0, 180, 0], "uv": [45, 15]},
						{"origin": [-8, 8, 8], "size": [16, 4, 0], "pivot": [8, 6, 8], "rotation": [0, -90, 0], "uv": [45, 10]}
					]
				}
			]
		}
	]
}