{
	"format_version": "1.12.0",
	"minecraft:geometry": [
		{
			"description": {
				"identifier": "geometry.unknown",
				"texture_width": 256,
				"texture_height": 256,
				"visible_bounds_width": 2,
				"visible_bounds_height": 5.5,
				"visible_bounds_offset": [0, 2.25, 0]
			},
			"bones": [
				{
					"name": "laser1",
					"pivot": [0, 0, 0],
					"rotation": [-90, 0, 0],
					"cubes": [
						{"origin": [-2, -2, -65], "size": [4, 4, 65], "uv": [0, 14]},
						{"origin": [-2, -2, -65], "size": [4, 4, 65], "inflate": 1, "uv": [77, 9]}
					]
				},
				{
					"name": "laser2",
					"pivot": [0, 8, 0],
					"rotation": [-90, 0, 0],
					"cubes": [
						{"origin": [-2, 6, -42], "size": [4, 4, 50], "uv": [15, 29]},
						{"origin": [-2, 6, -42], "size": [4, 4, 50], "inflate": 1, "uv": [92, 24]}
					]
				},
				{
					"name": "laser3",
					"pivot": [0, 8, 0],
					"rotation": [-90, 0, 0],
					"cubes": [
						{"origin": [-2, 6, -24], "size": [4, 4, 32], "uv": [33, 47]},
						{"origin": [-2, 6, -24], "size": [4, 4, 32], "inflate": 1, "uv": [110, 42]}
					]
				},
				{
					"name": "laser4",
					"pivot": [0, 8, 0],
					"rotation": [-90, 0, 0],
					"cubes": [
						{"origin": [-2, 6, -8], "size": [4, 4, 16], "uv": [49, 63]},
						{"origin": [-2, 6, -8], "size": [4, 4, 16], "inflate": 1, "uv": [126, 58]}
					]
				}
			]
		}
	]
}