{
	"format_version": "1.12.0",
	"minecraft:geometry": [
		{
			"description": {
				"identifier": "geometry.unknown",
				"texture_width": 64,
				"texture_height": 64,
				"visible_bounds_width": 3,
				"visible_bounds_height": 2.5,
				"visible_bounds_offset": [0, 0.75, 0]
			},
			"bones": [
				{
					"name": "bb_main",
					"pivot": [0, 0, 0],
					"cubes": [
						{"origin": [-8, 0, -8], "size": [16, 16, 16], "uv": [0, 0]}
					]
				},
				{
					"name": "bone",
					"pivot": [0, 14, -7],
					"cubes": [
						{"origin": [-2, 13, -10], "size": [4, 5, 4], "uv": [34, 33]}
					]
				},
				{
					"name": "bone3",
					"pivot": [0, 2, -8],
					"cubes": [
						{"origin": [-2, -2, -10], "size": [4, 5, 4], "uv": [17, 33]}
					]
				},
				{
					"name": "bone2",
					"pivot": [6, 8, -8],
					"cubes": [
						{"origin": [-10, 5, -10], "size": [4, 5, 4], "pivot": [0, 0, 0], "rotation": [0, 0, 90], "uv": [0, 33]}
					]
				},
				{
					"name": "bone4",
					"pivot": [-6, 8, -8],
					"cubes": [
						{"origin": [6, 5, -10], "size": [4, 5, 4], "pivot": [0, 0, 0], "rotation": [0, 0, -90], "uv": [0, 33], "mirror": true}
					]
				}
			]
		}
	]
}