{
	"format_version": "1.12.0",
	"minecraft:geometry": [
		{
			"description": {
				"identifier": "geometry.oblita_cruor_infuser",
				"texture_width": 128,
				"texture_height": 128,
				"visible_bounds_width": 4,
				"visible_bounds_height": 3.5,
				"visible_bounds_offset": [0, 1.25, 0]
			},
			"bones": [
				{
					"name": "bone",
					"pivot": [8, 0, -8],
					"cubes": [
						{"origin": [-8, 0, -8], "size": [16, 6, 16], "uv": [0, 0]},
						{"origin": [-5, 4, -5], "size": [10, 6, 10], "uv": [50, 0]},
						{"origin": [-7, 10, -7], "size": [14, 6, 14], "uv": [0, 24]}
					]
				},
				{
					"name": "spike1",
					"parent": "bone",
					"pivot": [-6.29289, 16, -6.29289],
					"rotation": [4.98107, -44.78238, -7.05323],
					"cubes": [
						{"origin": [-9.29289, 13, -6.29289], "size": [9, 12, 0], "uv": [0, 46]}
					]
				},
				{
					"name": "spike2",
					"parent": "bone",
					"pivot": [6.29289, 16, -6.29289],
					"rotation": [4.98107, 44.78238, 7.05323],
					"cubes": [
						{"origin": [0.29289, 13, -6.29289], "size": [9, 12, 0], "pivot": [6.29289, 16, -6.29289], "rotation": [0, 0, 5], "uv": [0, 46], "mirror": true}
					]
				},
				{
					"name": "spike3",
					"parent": "bone",
					"pivot": [6.29289, 16, 6.45711],
					"rotation": [12.28522, -43.86911, -10.39101],
					"cubes": [
						{"origin": [0.29289, 13, 6.45711], "size": [9, 12, 0], "uv": [0, 46], "mirror": true}
					]
				},
				{
					"name": "spike4",
					"parent": "bone",
					"pivot": [-6.29289, 16, 6.29289],
					"rotation": [-4.98107, 44.78238, -7.05323],
					"cubes": [
						{"origin": [-9.29289, 13, 6.29289], "size": [9, 12, 0], "uv": [0, 46]}
					]
				},
				{
					"name": "slab1",
					"parent": "bone",
					"pivot": [0, 12, -8],
					"cubes": [
						{"origin": [-4, 8, -9], "size": [8, 10, 5], "uv": [93, 0], "mirror": true}
					]
				},
				{
					"name": "slab2",
					"parent": "bone",
					"pivot": [-6, 12, 0],
					"cubes": [
						{"origin": [-9, 8, -4], "size": [5, 10, 8], "uv": [82, 46]}
					]
				},
				{
					"name": "slab3",
					"parent": "bone",
					"pivot": [0, 12, 6],
					"cubes": [
						{"origin": [-4, 8, 4], "size": [8, 10, 5], "uv": [100, 35], "mirror": true}
					]
				},
				{
					"name": "slab4",
					"parent": "bone",
					"pivot": [6, 12, 0],
					"cubes": [
						{"origin": [4, 8, -4], "size": [5, 10, 8], "uv": [96, 16], "mirror": true}
					]
				}
			]
		}
	]
}