{
	"format_version": "1.12.0",
	"minecraft:geometry": [
		{
			"description": {
				"identifier": "geometry.oblita_pedestal_cruor_collector",
				"texture_width": 128,
				"texture_height": 128,
				"visible_bounds_width": 3,
				"visible_bounds_height": 3.5,
				"visible_bounds_offset": [0, 1.25, 0]
			},
			"bones": [
				{
					"name": "bone",
					"pivot": [8, 0, -8],
					"cubes": [
						{"origin": [-7, 0, -7], "size": [14, 3, 14], "uv": [1, 6]},
						{"origin": [-5, 3, -5], "size": [10, 9, 10], "uv": [0, 45]},
						{"origin": [-8, 12, -8], "size": [16, 4, 16], "uv": [0, 24]},
						{"origin": [-8, 8, -8], "size": [16, 4, 0], "uv": [45, 5]},
						{"origin": [-24, 8, -8], "size": [16, 4, 0], "pivot": [-8, 6, -8], "rotation": [0, 90, 0], "uv": [45, 0]},
						{"origin": [-24, 8, 8], "size": [16, 4, 0], "pivot": [-8, 6, 8], "rotation": [0, 180, 0], "uv": [45, 15]},
						{"origin": [-8, 8, 8], "size": [16, 4, 0], "pivot": [8, 6, 8], "rotation": [0, -90, 0], "uv": [45, 10]}
					]
				},
				{
					"name": "item",
					"pivot": [-0.25, 28, 0.5],
					"cubes": [
						{"origin": [-8, 20, -8], "size": [16, 16, 16], "uv": [64, 32]},
						{
							"origin": [10, 38, 10],
							"size": [-20, -20, -20],
							"uv": {
								"north": {"uv": [40, 100], "uv_size": [20, -20]},
								"east": {"uv": [20, 100], "uv_size": [20, -20]},
								"south": {"uv": [0, 100], "uv_size": [20, -20]},
								"west": {"uv": [60, 100], "uv_size": [20, -20]},
								"up": {"uv": [40, 120], "uv_size": [20, -20]},
								"down": {"uv": [20, 100], "uv_size": [20, 20]}
							}
						}
					]
				}
			]
		}
	]
}