{
	"format_version": "1.12.0",
	"minecraft:geometry": [
		{
			"description": {
				"identifier": "geometry.oblita_pedestal_ancient_artifact",
				"texture_width": 128,
				"texture_height": 64,
				"visible_bounds_width": 3,
				"visible_bounds_height": 3.5,
				"visible_bounds_offset": [0, 1.25, 0]
			},
			"bones": [
				{
					"name": "bone",
					"pivot": [8, 0, -8],
					"cubes": [
						{"origin": [-7, 0, -7], "size": [14, 3, 14], "uv": [1, 6]},
						{"origin": [-5, 3, -5], "size": [10, 9, 10], "uv": [0, 45]},
						{"origin": [-8, 12, -8], "size": [16, 4, 16], "uv": [0, 24]},
						{"origin": [-8, 8, -8], "size": [16, 4, 0], "uv": [45, 5]},
						{"origin": [-24, 8, -8], "size": [16, 4, 0], "pivot": [-8, 6, -8], "rotation": [0, 90, 0], "uv": [45, 0]},
						{"origin": [-24, 8, 8], "size": [16, 4, 0], "pivot": [-8, 6, 8], "rotation": [0, 180, 0], "uv": [45, 15]},
						{"origin": [-8, 8, 8], "size": [16, 4, 0], "pivot": [8, 6, 8], "rotation": [0, -90, 0], "uv": [45, 10]}
					]
				},
				{
					"name": "item",
					"pivot": [-0.25, 25, 0.5],
					"cubes": [
						{"origin": [-6.25, 21, 0], "size": [12, 1, 1], "uv": [82, 51]},
						{"origin": [-2.25, 18, 0], "size": [4, 3, 1], "uv": [87, 60]},
						{"origin": [2.75, 19, 0], "size": [2, 2, 1], "uv": [90, 56]},
						{"origin": [-5.25, 19, 0], "size": [2, 2, 1], "uv": [117, 57]},
						{"origin": [-3.25, 20, 0], "size": [1, 1, 1], "uv": [118, 54]},
						{"origin": [1.75, 20, 0], "size": [1, 1, 1], "uv": [118, 54]},
						{"origin": [-7.25, 22, 0], "size": [14, 2, 1], "uv": [98, 61]},
						{"origin": [-4.25, 24, 0], "size": [8, 1, 1], "uv": [110, 51]},
						{"origin": [-5.25, 25, 0], "size": [10, 3, 1], "uv": [105, 46]},
						{"origin": [-4.25, 28, 0], "size": [8, 5, 1], "uv": [98, 54]}
					]
				}
			]
		}
	]
}