{
	"format_version": "1.12.0",
	"minecraft:geometry": [
		{
			"description": {
				"identifier": "geometry.unknown",
				"texture_width": 128,
				"texture_height": 128,
				"visible_bounds_width": 3,
				"visible_bounds_height": 5,
				"visible_bounds_offset": [0, 1.5, 0]
			},
			"bones": [
				{
					"name": "main1",
					"pivot": [0, 13, 3]
				},
				{
					"name": "body1",
					"parent": "main1",
					"pivot": [0, 13, 3],
					"cubes": [
						{"origin": [-4, 12, 0.5], "size": [8, 14, 4], "uv": [0, 0]},
						{"origin": [-0.5, 12, 4.5], "size": [0, 12, 3], "uv": [81, 11]}
					]
				},
				{
					"name": "spikes2",
					"parent": "body1",
					"pivot": [-0.5, 18, 4],
					"rotation": [0, -5, 0],
					"cubes": [
						{"origin": [-0.5, 12, 4.5], "size": [0, 14, 7], "uv": [88, 6]}
					]
				},
				{
					"name": "spikes3",
					"parent": "body1",
					"pivot": [-0.5, 18, 4],
					"rotation": [0, 5, 0],
					"cubes": [
						{"origin": [-0.5, 12, 4.5], "size": [0, 16, 10], "uv": [103, 2]}
					]
				},
				{
					"name": "spikes4",
					"parent": "body1",
					"pivot": [-0.5, 18, 4],
					"cubes": [
						{"origin": [1.5, 12, 4.5], "size": [0, 16, 7], "pivot": [-0.5, 18, 4], "rotation": [0, 17.5, 0], "uv": [85, 21]}
					]
				},
				{
					"name": "spikes5",
					"parent": "body1",
					"pivot": [0.5, 18, 4],
					"cubes": [
						{"origin": [-1.5, 12, 4.5], "size": [0, 16, 7], "pivot": [0.5, 18, 4], "rotation": [0, -17.5, 0], "uv": [85, 21], "mirror": true}
					]
				},
				{
					"name": "armright1",
					"parent": "body1",
					"pivot": [-4, 23.03407, 2.05026],
					"cubes": [
						{"origin": [-8, 18.03407, 0.5], "size": [4, 7, 4], "uv": [19, 19], "mirror": true}
					]
				},
				{
					"name": "armright2",
					"parent": "armright1",
					"pivot": [-6, 24.03407, 2.55026],
					"cubes": [
						{"origin": [-7.5, 14.03407, 1.5], "size": [3, 10, 2], "uv": [41, 19], "mirror": true}
					]
				},
				{
					"name": "armright3",
					"parent": "armright2",
					"pivot": [-4, 16.03407, 2.05026],
					"cubes": [
						{"origin": [-8, 11.03407, 0.5], "size": [4, 7, 4], "uv": [19, 26], "mirror": true}
					]
				},
				{
					"name": "clawright1",
					"parent": "armright3",
					"pivot": [-7.5, 21.03407, 1.55026],
					"cubes": [
						{"origin": [-8, 11.03407, 1.5], "size": [4, 10, 0], "uv": [52, 19], "mirror": true}
					]
				},
				{
					"name": "clawright2",
					"parent": "armright3",
					"pivot": [-7.5, 21.03407, 3.55026],
					"cubes": [
						{"origin": [-8, 11.03407, 3.5], "size": [4, 10, 0], "uv": [52, 19], "mirror": true}
					]
				},
				{
					"name": "armleft1",
					"parent": "body1",
					"pivot": [4, 23.03407, 2.05026],
					"cubes": [
						{"origin": [4, 18.03407, 0.5], "size": [4, 7, 4], "uv": [19, 19]}
					]
				},
				{
					"name": "armleft2",
					"parent": "armleft1",
					"pivot": [6, 24.03407, 2.55026],
					"cubes": [
						{"origin": [4.5, 14.03407, 1.5], "size": [3, 10, 2], "uv": [41, 19]}
					]
				},
				{
					"name": "armleft3",
					"parent": "armleft2",
					"pivot": [4, 16.03407, 2.05026],
					"cubes": [
						{"origin": [4, 11.03407, 0.5], "size": [4, 7, 4], "uv": [19, 26]}
					]
				},
				{
					"name": "clawleft1",
					"parent": "armleft3",
					"pivot": [7.5, 21.03407, 1.55026],
					"cubes": [
						{"origin": [4, 11.03407, 1.5], "size": [4, 10, 0], "uv": [52, 19]}
					]
				},
				{
					"name": "clawleft2",
					"parent": "armleft3",
					"pivot": [7.5, 21.03407, 3.55026],
					"cubes": [
						{"origin": [4, 11.03407, 3.5], "size": [4, 10, 0], "uv": [52, 19]}
					]
				},
				{
					"name": "head1",
					"parent": "body1",
					"pivot": [0, 24.48715, 1.40461],
					"rotation": [-22.5, 0, 0],
					"cubes": [
						{"origin": [0, 24.18058, -4.13658], "size": [5, 10, 8], "uv": [33, 0]},
						{"origin": [-1, 25.18058, -3.63658], "size": [1, 8, 5], "uv": [91, 0]}
					]
				},
				{
					"name": "head2",
					"parent": "head1",
					"pivot": [0, 28.18058, 1.86342],
					"cubes": [
						{"origin": [-5, 24.18058, -4.13658], "size": [5, 10, 8], "uv": [44, 46]},
						{"origin": [0, 24.68058, -3.88658], "size": [1, 9, 5], "uv": [101, 29]}
					]
				},
				{
					"name": "horn3",
					"parent": "head2",
					"pivot": [-3.57104, 32.96381, -2.13377],
					"rotation": [20.50474, -12.9206, -43.57727],
					"cubes": [
						{"origin": [-4.52136, 32.84386, -3.68833], "size": [2, 10, 2], "uv": [82, 0]}
					]
				},
				{
					"name": "horn4",
					"parent": "head2",
					"pivot": [-0.39013, 32.11724, -0.66235],
					"rotation": [-59.56633, 57.32994, -49.62045],
					"cubes": [
						{"origin": [-1.34044, 31.99729, -2.21691], "size": [2, 10, 2], "uv": [82, 0]}
					]
				},
				{
					"name": "horn1",
					"parent": "head1",
					"pivot": [2.08102, 31.28226, -3.62052],
					"rotation": [70.7662, -34.32769, -24.74472],
					"cubes": [
						{"origin": [0.43327, 30.87342, -5.42017], "size": [4, 10, 4], "uv": [65, 0]}
					]
				},
				{
					"name": "horn2",
					"parent": "horn1",
					"pivot": [2.25933, 39.79305, -2.74063],
					"rotation": [-45, 0, 0],
					"cubes": [
						{"origin": [1.30902, 39.6731, -4.29519], "size": [2, 10, 2], "uv": [82, 0]}
					]
				},
				{
					"name": "jaw1",
					"parent": "head1",
					"pivot": [0, 23.23715, -1.34539],
					"cubes": [
						{"origin": [-4, 21.43058, -3.88658], "size": [8, 3, 4], "uv": [0, 37]}
					]
				},
				{
					"name": "teeth1",
					"parent": "jaw1",
					"pivot": [0, 20.43058, -1.88658],
					"cubes": [
						{"origin": [-3, 18.43058, -3.88658], "size": [6, 3, 3], "uv": [27, 38]}
					]
				},
				{
					"name": "tongue1",
					"parent": "jaw1",
					"pivot": [0, 33.43058, -1.88658],
					"cubes": [
						{"origin": [-2, 23.43058, -2.88658], "size": [4, 10, 3], "uv": [64, 15]},
						{"origin": [0, 17.43058, -5.88658], "size": [0, 16, 8], "uv": [66, 21]},
						{"origin": [0, 17.43058, -4.88658], "size": [0, 16, 7], "pivot": [0, 32.43058, 0.11342], "rotation": [0, -45, 0], "uv": [52, 22]},
						{"origin": [0, 17.43058, -4.88658], "size": [0, 16, 7], "pivot": [0, 32.43058, 0.11342], "rotation": [0, 45, 0], "uv": [52, 22]}
					]
				},
				{
					"name": "jaw2",
					"parent": "jaw1",
					"pivot": [0, 21.43058, 0.11342],
					"cubes": [
						{"origin": [-4, 17.43058, -3.88658], "size": [8, 4, 4], "uv": [0, 44]}
					]
				},
				{
					"name": "teeth2",
					"parent": "jaw2",
					"pivot": [0, 22.43058, -1.88658],
					"rotation": [0, 0, -180],
					"cubes": [
						{"origin": [-4, 20.43058, -3.88658], "size": [8, 3, 3], "uv": [26, 44]}
					]
				},
				{
					"name": "legright1",
					"parent": "main1",
					"pivot": [0, 11, 1.5],
					"cubes": [
						{"origin": [-4, 0, 0.5], "size": [4, 12, 4], "uv": [0, 19], "mirror": true}
					]
				},
				{
					"name": "legleft1",
					"parent": "main1",
					"pivot": [0, 11, 1.5],
					"cubes": [
						{"origin": [0, 0, 0.5], "size": [4, 12, 4], "uv": [0, 19]}
					]
				},
				{
					"name": "newlegright1",
					"parent": "main1",
					"pivot": [-1.99144, 12.92388, 2.01321],
					"rotation": [-22.5, 7.5, 0],
					"cubes": [
						{"origin": [-4.99144, 1.92388, 1.01321], "size": [5, 11, 6], "uv": [0, 53], "mirror": true},
						{"origin": [-8.99144, 1.92388, 5.01321], "size": [4, 6, 0], "pivot": [-4.99144, 5.92388, 5.01321], "rotation": [0, 67.5, 0], "uv": [43, 31], "mirror": true}
					]
				},
				{
					"name": "newlegright2",
					"parent": "newlegright1",
					"pivot": [-1.49144, 4.47765, 5.64307],
					"rotation": [22.5, 0, 0],
					"cubes": [
						{"origin": [-4.49144, -10.52235, 3.64307], "size": [4, 15, 5], "uv": [23, 51], "mirror": true}
					]
				},
				{
					"name": "newlegleft1",
					"parent": "main1",
					"pivot": [1.99144, 12.92388, 2.01321],
					"rotation": [-22.5, -7.5, 0],
					"cubes": [
						{"origin": [-0.00856, 1.92388, 1.01321], "size": [5, 11, 6], "uv": [0, 53]},
						{"origin": [4.99144, 1.92388, 5.01321], "size": [4, 6, 0], "pivot": [4.99144, 5.92388, 5.01321], "rotation": [0, -67.5, 0], "uv": [43, 31]}
					]
				},
				{
					"name": "newlegleft2",
					"parent": "newlegleft1",
					"pivot": [1.49144, 4.47765, 5.64307],
					"rotation": [22.5, 0, 0],
					"cubes": [
						{"origin": [0.49144, -10.52235, 3.64307], "size": [4, 15, 5], "uv": [23, 51]}
					]
				}
			]
		}
	]
}