{
	"format_version": "1.12.0",
	"minecraft:geometry": [
		{
			"description": {
				"identifier": "geometry.unknown",
				"texture_width": 128,
				"texture_height": 64,
				"visible_bounds_width": 3,
				"visible_bounds_height": 3.5,
				"visible_bounds_offset": [0, 1.25, 0]
			},
			"bones": [
				{
					"name": "main1",
					"pivot": [0, 13, 3]
				},
				{
					"name": "body1",
					"parent": "main1",
					"pivot": [0, 13, 3],
					"cubes": [
						{"origin": [-4, 12, 0.5], "size": [8, 14, 4], "uv": [0, 0]},
						{"origin": [-0.5, 12, 4.5], "size": [0, 12, 2], "uv": [36, 17]}
					]
				},
				{
					"name": "armleft1",
					"parent": "body1",
					"pivot": [4, 23.03407, 2.05026],
					"cubes": [
						{"origin": [4, 11.03407, 0.5], "size": [4, 14, 4], "uv": [19, 19]}
					]
				},
				{
					"name": "armright1",
					"parent": "body1",
					"pivot": [-4, 23.03407, 2.05026],
					"cubes": [
						{"origin": [-8, 11.03407, 0.5], "size": [4, 14, 4], "uv": [19, 19], "mirror": true}
					]
				},
				{
					"name": "head1",
					"parent": "body1",
					"pivot": [0, 25.247, 2.59735],
					"rotation": [-12.5, 0, 0],
					"cubes": [
						{"origin": [-5, 24.94044, -2.94385], "size": [10, 10, 8], "uv": [28, 0]}
					]
				},
				{
					"name": "jaw1",
					"parent": "head1",
					"pivot": [0, 23.997, -0.15265],
					"cubes": [
						{"origin": [-4, 18.19044, -2.69385], "size": [8, 7, 4], "uv": [0, 37]}
					]
				},
				{
					"name": "legleft1",
					"parent": "main1",
					"pivot": [0, 11, 1.5],
					"cubes": [
						{"origin": [0, 0, 0.5], "size": [4, 12, 4], "uv": [0, 19]}
					]
				},
				{
					"name": "legright1",
					"parent": "main1",
					"pivot": [0, 11, 1.5],
					"cubes": [
						{"origin": [-4, 0, 0.5], "size": [4, 12, 4], "uv": [0, 19], "mirror": true}
					]
				}
			]
		}
	]
}