{
	"format_version": "1.12.0",
	"minecraft:geometry": [
		{
			"description": {
				"identifier": "geometry.oblita_pedestal_glistering_lump",
				"texture_width": 128,
				"texture_height": 64,
				"visible_bounds_width": 3,
				"visible_bounds_height": 3.5,
				"visible_bounds_offset": [0, 1.25, 0]
			},
			"bones": [
				{
					"name": "bone",
					"pivot": [8, 0, -8],
					"cubes": [
						{"origin": [-7, 0, -7], "size": [14, 3, 14], "uv": [1, 6]},
						{"origin": [-5, 3, -5], "size": [10, 9, 10], "uv": [0, 45]},
						{"origin": [-8, 12, -8], "size": [16, 4, 16], "uv": [0, 24]},
						{"origin": [-8, 8, -8], "size": [16, 4, 0], "uv": [45, 5]},
						{"origin": [-24, 8, -8], "size": [16, 4, 0], "pivot": [-8, 6, -8], "rotation": [0, 90, 0], "uv": [45, 0]},
						{"origin": [-24, 8, 8], "size": [16, 4, 0], "pivot": [-8, 6, 8], "rotation": [0, 180, 0], "uv": [45, 15]},
						{"origin": [-8, 8, 8], "size": [16, 4, 0], "pivot": [8, 6, 8], "rotation": [0, -90, 0], "uv": [45, 10]}
					]
				},
				{
					"name": "item",
					"pivot": [-0.25, 25, 0.5],
					"cubes": [
						{"origin": [-1.25, 18, 0], "size": [3, 4, 1], "uv": [120, 59]},
						{"origin": [1.75, 19, 0], "size": [1, 3, 1], "uv": [123, 54]},
						{"origin": [-7.25, 22, 0], "size": [11, 3, 1], "uv": [98, 54]},
						{"origin": [-4.25, 19, 0], "size": [2, 3, 1], "uv": [122, 49]},
						{"origin": [-5.25, 20, 0], "size": [1, 2, 1], "uv": [117, 50]},
						{"origin": [-6.25, 21, 0], "size": [1, 1, 1], "uv": [112, 51]},
						{"origin": [3.75, 24, 0], "size": [3, 5, 1], "uv": [104, 58]},
						{"origin": [-5.25, 29, 0], "size": [11, 2, 1], "uv": [104, 39]},
						{"origin": [-6.25, 29, 0], "size": [1, 1, 1], "uv": [104, 50]},
						{"origin": [-7.25, 25, 0], "size": [11, 4, 1], "uv": [103, 43]},
						{"origin": [-4.25, 31, 0], "size": [9, 1, 1], "uv": [107, 36]},
						{"origin": [4.75, 23, 0], "size": [2, 1, 1], "uv": [113, 59]}
					]
				}
			]
		}
	]
}