{
	"format_version": "1.12.0",
	"minecraft:geometry": [
		{
			"description": {
				"identifier": "geometry.unknown",
				"texture_width": 64,
				"texture_height": 32,
				"visible_bounds_width": 2,
				"visible_bounds_height": 3.5,
				"visible_bounds_offset": [0, 1.25, 0]
			},
			"bones": [
				{
					"name": "bb_main",
					"pivot": [0, 0, 0],
					"cubes": [
						{"origin": [-3, 0, -3], "size": [6, 16, 6], "uv": [0, 0]}
					]
				},
				{
					"name": "head",
					"pivot": [1, 22, 2],
					"cubes": [
						{"origin": [-4, 18, -4], "size": [8, 8, 9], "uv": [28, 0]}
					]
				},
				{
					"name": "jaw",
					"parent": "head",
					"pivot": [1.5, 18, 2],
					"cubes": [
						{"origin": [-3.5, 16, -4], "size": [7, 2, 7], "uv": [34, 19]},
						{"origin": [3, 18, -1], "size": [0, 4, 4], "uv": [11, 24]},
						{"origin": [-3, 18, -1], "size": [0, 4, 4], "uv": [11, 24], "mirror": true}
					]
				}
			]
		}
	]
}