{
	"format_version": "1.12.0",
	"minecraft:geometry": [
		{
			"description": {
				"identifier": "geometry.unknown",
				"texture_width": 128,
				"texture_height": 64,
				"visible_bounds_width": 4,
				"visible_bounds_height": 3.5,
				"visible_bounds_offset": [0, 1.25, 0]
			},
			"bones": [
				{
					"name": "body1",
					"pivot": [0, 21, 4],
					"rotation": [35, 0, 0],
					"cubes": [
						{"origin": [-4, 15, 0], "size": [8, 8, 8], "uv": [0, 37]},
						{"origin": [-4, 23, 0], "size": [8, 6, 8], "uv": [2, 4]},
						{"origin": [0, 15, 8], "size": [0, 8, 2], "uv": [55, -2]}
					]
				},
				{
					"name": "core1",
					"parent": "body1",
					"pivot": [0, 19, 3],
					"cubes": [
						{"origin": [-2, 17, 1], "size": [4, 4, 4], "uv": [61, 0]}
					]
				},
				{
					"name": "armleft1",
					"parent": "body1",
					"pivot": [9, 22, 5],
					"rotation": [0.97795, -27.53387, 49.4723],
					"cubes": [
						{"origin": [7, 20, 3], "size": [9, 3, 3], "uv": [64, 15]}
					]
				},
				{
					"name": "armleft2",
					"parent": "armleft1",
					"pivot": [15.5412, 22, 3.69344],
					"rotation": [175, 67.5, 180],
					"cubes": [
						{"origin": [14.5412, 19, 1.69344], "size": [11, 5, 5], "uv": [35, 18]},
						{"origin": [13.5412, 18, 0.69344], "size": [13, 7, 7], "uv": [27, 29]}
					]
				},
				{
					"name": "clawleft1",
					"parent": "armleft2",
					"pivot": [25.5412, 23, 5.69344],
					"cubes": [
						{"origin": [25.5412, 18, 5.69344], "size": [10, 6, 0], "uv": [15, 20]}
					]
				},
				{
					"name": "clawleft2",
					"parent": "armleft2",
					"pivot": [25.41067, 23, 3.70199],
					"rotation": [0, 7.5, 0],
					"cubes": [
						{"origin": [25.41067, 18, 3.70199], "size": [10, 6, 0], "uv": [15, 20]}
					]
				},
				{
					"name": "clawleft3",
					"parent": "armleft2",
					"pivot": [23.65958, 19.55896, 2.67623],
					"rotation": [140.98952, 19.42746, 33.97313],
					"cubes": [
						{"origin": [23.65958, 14.55896, 2.67623], "size": [10, 6, 0], "uv": [15, 20]}
					]
				},
				{
					"name": "armright1",
					"parent": "body1",
					"pivot": [-9, 22, 5],
					"rotation": [0.97795, 27.53387, -49.4723],
					"cubes": [
						{"origin": [-16, 20, 3], "size": [9, 3, 3], "uv": [64, 15], "mirror": true}
					]
				},
				{
					"name": "armright2",
					"parent": "armright1",
					"pivot": [-15.5412, 22, 3.69344],
					"rotation": [175, -67.5, -180],
					"cubes": [
						{"origin": [-25.5412, 19, 1.69344], "size": [11, 5, 5], "uv": [35, 18], "mirror": true},
						{"origin": [-26.5412, 18, 0.69344], "size": [13, 7, 7], "uv": [27, 29], "mirror": true}
					]
				},
				{
					"name": "clawright1",
					"parent": "armright2",
					"pivot": [-25.5412, 23, 5.69344],
					"cubes": [
						{"origin": [-35.5412, 18, 5.69344], "size": [10, 6, 0], "uv": [15, 20], "mirror": true}
					]
				},
				{
					"name": "clawright2",
					"parent": "armright2",
					"pivot": [-25.41067, 23, 3.70199],
					"rotation": [0, -7.5, 0],
					"cubes": [
						{"origin": [-35.41067, 18, 3.70199], "size": [10, 6, 0], "uv": [15, 20], "mirror": true}
					]
				},
				{
					"name": "clawright3",
					"parent": "armright2",
					"pivot": [-23.65958, 19.55896, 2.67623],
					"rotation": [140.98952, -19.42746, -33.97313],
					"cubes": [
						{"origin": [-33.65958, 14.55896, 2.67623], "size": [10, 6, 0], "uv": [15, 20], "mirror": true}
					]
				},
				{
					"name": "rib1",
					"parent": "body1",
					"pivot": [1, 21, 6],
					"rotation": [2.5, 0, 0],
					"cubes": [
						{"origin": [1, 20, -2], "size": [4, 2, 8], "uv": [37, 0]}
					]
				},
				{
					"name": "rib3",
					"parent": "body1",
					"pivot": [-1, 21, 6],
					"rotation": [2.5, 0, 0],
					"cubes": [
						{"origin": [-5, 20, -2], "size": [4, 2, 8], "uv": [37, 0], "mirror": true}
					]
				},
				{
					"name": "rib2",
					"parent": "body1",
					"pivot": [1, 18, 6],
					"rotation": [10, 0, 0],
					"cubes": [
						{"origin": [1, 17, -2], "size": [4, 2, 8], "uv": [37, 0]}
					]
				},
				{
					"name": "rib4",
					"parent": "body1",
					"pivot": [-1, 18, 6],
					"rotation": [10, 0, 0],
					"cubes": [
						{"origin": [-5, 17, -2], "size": [4, 2, 8], "uv": [37, 0], "mirror": true}
					]
				},
				{
					"name": "headmain1",
					"parent": "body1",
					"pivot": [0, 25, 4],
					"cubes": [
						{"origin": [-3.5, 24.91969, -2.22359], "size": [7, 9, 8], "pivot": [-0.5, 24.91969, -2.62359], "rotation": [-22.5, 0, 0], "uv": [60, 36]}
					]
				},
				{
					"name": "head1",
					"parent": "headmain1",
					"pivot": [0, 24.93015, 5.37849],
					"rotation": [-15, 0, 0],
					"cubes": [
						{"origin": [-3, 24.93015, -0.62151], "size": [6, 5, 6], "uv": [71, 3]},
						{"origin": [-3, 23.93015, -0.62151], "size": [6, 1, 5], "uv": [90, 2]}
					]
				},
				{
					"name": "jaw1",
					"parent": "headmain1",
					"pivot": [0.5, 25.69552, 3.53073],
					"rotation": [-5, 0, 0],
					"cubes": [
						{"origin": [-2.5, 23.69552, -0.46927], "size": [5, 2, 5], "uv": [45, 10]}
					]
				},
				{
					"name": "body2",
					"parent": "body1",
					"pivot": [0, 16.13036, 5.28894],
					"rotation": [65, 0, 0],
					"cubes": [
						{"origin": [-2, 14.13036, -2.71106], "size": [4, 4, 8], "uv": [61, 22]},
						{"origin": [-3, 13.13036, -3.71106], "size": [6, 6, 10], "uv": [95, 24]},
						{"origin": [0, 12.13036, -2.71106], "size": [0, 2, 8], "uv": [79, 19]}
					]
				},
				{
					"name": "body3",
					"parent": "body2",
					"pivot": [0.5, 16.07463, -1.59263],
					"rotation": [-32.5, 0, 0],
					"cubes": [
						{"origin": [-1.5, 14.07463, -10.59263], "size": [3, 3, 9], "uv": [80, 15]},
						{"origin": [-2.5, 13.07463, -11.59263], "size": [5, 5, 11], "uv": [96, 7]},
						{"origin": [0, 13.07463, -10.59263], "size": [0, 1, 9], "uv": [74, -8]}
					]
				}
			]
		}
	]
}