{
	"format_version": "1.12.0",
	"minecraft:geometry": [
		{
			"description": {
				"identifier": "geometry.unknown",
				"texture_width": 128,
				"texture_height": 64,
				"visible_bounds_width": 4,
				"visible_bounds_height": 4.5,
				"visible_bounds_offset": [0, 1.75, 0]
			},
			"bones": [
				{
					"name": "body1",
					"pivot": [0, 24, 4],
					"rotation": [35, 0, 0],
					"cubes": [
						{"origin": [-5, 17, -1], "size": [10, 9, 9], "uv": [0, 45]},
						{"origin": [1.5, 24.95337, 1.93068], "size": [3, 5, 3], "pivot": [6.5, 23.02322, 4.55218], "rotation": [-47.14983, 45.31346, -20.33827], "uv": [95, 9], "mirror": true},
						{"origin": [1.5, 27.95337, 4.93068], "size": [3, 2, 8], "pivot": [6.5, 23.02322, 4.55218], "rotation": [-47.14983, 45.31346, -20.33827], "uv": [37, 44], "mirror": true},
						{"origin": [-4.5, 24.95337, 1.93068], "size": [3, 5, 3], "pivot": [-6.5, 23.02322, 4.55218], "rotation": [-47.14983, -45.31346, 20.33827], "uv": [95, 9]},
						{"origin": [-4.5, 27.95337, 4.93068], "size": [3, 2, 8], "pivot": [-6.5, 23.02322, 4.55218], "rotation": [-47.14983, -45.31346, 20.33827], "uv": [37, 44]},
						{"origin": [-4, 26, 0], "size": [8, 6, 8], "uv": [2, 4]},
						{"origin": [0, 18, 8], "size": [0, 8, 2], "uv": [55, -2]}
					]
				},
				{
					"name": "core1",
					"parent": "body1",
					"pivot": [0, 21, 3],
					"cubes": [
						{"origin": [-3, 18, 0], "size": [6, 6, 6], "uv": [94, 41]}
					]
				},
				{
					"name": "armleft1",
					"parent": "body1",
					"pivot": [11, 25, 5],
					"rotation": [0.97795, -27.53387, 49.4723],
					"cubes": [
						{"origin": [9, 22, 2], "size": [11, 4, 4], "uv": [1, 27]}
					]
				},
				{
					"name": "armleft2",
					"parent": "armleft1",
					"pivot": [19.5412, 25, 3.69344],
					"rotation": [175, 67.5, 180],
					"cubes": [
						{"origin": [18.5412, 22, 1.69344], "size": [11, 5, 5], "uv": [35, 18]},
						{"origin": [17.5412, 21, 0.69344], "size": [13, 7, 7], "uv": [27, 29]}
					]
				},
				{
					"name": "clawleft1",
					"parent": "armleft2",
					"pivot": [29.5412, 26, 5.69344],
					"cubes": [
						{"origin": [29.5412, 21, 5.69344], "size": [15, 6, 0], "uv": [2, 20]}
					]
				},
				{
					"name": "clawleft2",
					"parent": "armleft2",
					"pivot": [29.41067, 26, 3.70199],
					"rotation": [0, 7.5, 0],
					"cubes": [
						{"origin": [29.41067, 21, 3.70199], "size": [15, 6, 0], "uv": [2, 20]}
					]
				},
				{
					"name": "clawleft3",
					"parent": "armleft2",
					"pivot": [27.65958, 22.55896, 2.67623],
					"rotation": [140.98952, 19.42746, 33.97313],
					"cubes": [
						{"origin": [27.65958, 17.55896, 2.67623], "size": [15, 6, 0], "uv": [2, 20]}
					]
				},
				{
					"name": "armright1",
					"parent": "body1",
					"pivot": [-11, 25, 5],
					"rotation": [0.97795, 27.53387, -49.4723],
					"cubes": [
						{"origin": [-20, 22, 2], "size": [11, 4, 4], "uv": [1, 27], "mirror": true}
					]
				},
				{
					"name": "armright2",
					"parent": "armright1",
					"pivot": [-19.5412, 25, 3.69344],
					"rotation": [175, -67.5, -180],
					"cubes": [
						{"origin": [-29.5412, 22, 1.69344], "size": [11, 5, 5], "uv": [35, 18], "mirror": true},
						{"origin": [-30.5412, 21, 0.69344], "size": [13, 7, 7], "uv": [27, 29], "mirror": true}
					]
				},
				{
					"name": "clawright1",
					"parent": "armright2",
					"pivot": [-29.5412, 26, 5.69344],
					"cubes": [
						{"origin": [-44.5412, 21, 5.69344], "size": [15, 6, 0], "uv": [2, 20], "mirror": true}
					]
				},
				{
					"name": "clawright2",
					"parent": "armright2",
					"pivot": [-29.41067, 26, 3.70199],
					"rotation": [0, -7.5, 0],
					"cubes": [
						{"origin": [-44.41067, 21, 3.70199], "size": [15, 6, 0], "uv": [2, 20], "mirror": true}
					]
				},
				{
					"name": "clawright3",
					"parent": "armright2",
					"pivot": [-27.65958, 22.55896, 2.67623],
					"rotation": [140.98952, -19.42746, -33.97313],
					"cubes": [
						{"origin": [-42.65958, 17.55896, 2.67623], "size": [15, 6, 0], "uv": [2, 20], "mirror": true}
					]
				},
				{
					"name": "rib1",
					"parent": "body1",
					"pivot": [2, 24, 5],
					"rotation": [2.5, 0, 0],
					"cubes": [
						{"origin": [2, 23, -3], "size": [4, 2, 8], "uv": [37, 0]}
					]
				},
				{
					"name": "rib3",
					"parent": "body1",
					"pivot": [-2, 24, 5],
					"rotation": [2.5, 0, 0],
					"cubes": [
						{"origin": [-6, 23, -3], "size": [4, 2, 8], "uv": [37, 0], "mirror": true}
					]
				},
				{
					"name": "rib2",
					"parent": "body1",
					"pivot": [2, 21, 5],
					"rotation": [10, 0, 0],
					"cubes": [
						{"origin": [2, 20, -3], "size": [4, 2, 8], "uv": [37, 0]}
					]
				},
				{
					"name": "rib4",
					"parent": "body1",
					"pivot": [-2, 21, 5],
					"rotation": [10, 0, 0],
					"cubes": [
						{"origin": [-6, 20, -3], "size": [4, 2, 8], "uv": [37, 0], "mirror": true}
					]
				},
				{
					"name": "headmain1",
					"parent": "body1",
					"pivot": [0, 29, 5],
					"cubes": [
						{"origin": [-3.5, 28.91969, -1.22359], "size": [7, 12, 8], "pivot": [-0.5, 28.91969, -1.62359], "rotation": [-22.5, 0, 0], "uv": [60, 40]}
					]
				},
				{
					"name": "head1",
					"parent": "headmain1",
					"pivot": [0, 27.96423, 6.11967],
					"rotation": [-14.97366, 3.70786, 4.18454],
					"cubes": [
						{"origin": [-3, 29.96423, 0.11967], "size": [6, 6, 6], "uv": [71, 2]},
						{"origin": [1, 34.46423, 0.11967], "size": [3, 5, 3], "pivot": [1, 32.96423, 3.11967], "rotation": [170.4964, -28.65999, -92.44245], "uv": [95, 9]},
						{"origin": [1, 37.46423, 3.11967], "size": [3, 2, 8], "pivot": [1, 32.96423, 3.11967], "rotation": [170.4964, -28.65999, -92.44245], "uv": [37, 44]},
						{"origin": [-6.25, 37.46423, 2.61967], "size": [3, 2, 8], "pivot": [-2.25, 34.46423, 2.61967], "rotation": [29.82031, 79.97447, -46.6361], "uv": [37, 44], "mirror": true},
						{"origin": [-6.25, 34.46423, -0.38033], "size": [3, 5, 3], "pivot": [-2.25, 34.46423, 2.61967], "rotation": [29.82031, 79.97447, -46.6361], "uv": [95, 9], "mirror": true},
						{"origin": [-3, 27.96423, 0.11967], "size": [6, 2, 5], "uv": [90, 0]}
					]
				},
				{
					"name": "jaw1",
					"parent": "headmain1",
					"pivot": [0.5, 29.69552, 4.53073],
					"rotation": [-2.48414, 2.05533, -5.19821],
					"cubes": [
						{"origin": [-2.5, 27.69552, 0.53073], "size": [5, 3, 5], "uv": [45, 10]},
						{"origin": [2.5, 27.69552, -4.46927], "size": [0, 4, 5], "pivot": [2.5, 27.69552, 0.53073], "rotation": [0, -45, 0], "uv": [39, 6]},
						{"origin": [-2.5, 27.69552, -4.46927], "size": [0, 4, 5], "pivot": [-2.5, 27.69552, 0.53073], "rotation": [0, 45, 0], "uv": [39, 6], "mirror": true}
					]
				},
				{
					"name": "body2",
					"parent": "body1",
					"pivot": [0, 19.13036, 5.28894],
					"rotation": [65, 0, 0],
					"cubes": [
						{"origin": [-2, 17.13036, -2.71106], "size": [4, 4, 8], "uv": [61, 22]},
						{"origin": [-3, 16.13036, -3.71106], "size": [6, 6, 10], "uv": [95, 24]},
						{"origin": [0, 15.13036, -2.71106], "size": [0, 2, 8], "uv": [79, 19]}
					]
				},
				{
					"name": "body3",
					"parent": "body2",
					"pivot": [0.5, 19.07463, -1.59263],
					"rotation": [-32.5, 0, 0],
					"cubes": [
						{"origin": [-1.5, 17.07463, -10.59263], "size": [3, 3, 9], "uv": [80, 15]},
						{"origin": [-2.5, 16.07463, -11.59263], "size": [5, 5, 11], "uv": [96, 7]},
						{"origin": [0, 16.07463, -10.59263], "size": [0, 1, 9], "uv": [74, -8]}
					]
				}
			]
		}
	]
}