{
	"format_version": "1.12.0",
	"minecraft:geometry": [
		{
			"description": {
				"identifier": "geometry.unknown",
				"texture_width": 64,
				"texture_height": 32,
				"visible_bounds_width": 3,
				"visible_bounds_height": 2.5,
				"visible_bounds_offset": [0, 0.75, 0]
			},
			"bones": [
				{
					"name": "body1",
					"pivot": [0, 4, 2],
					"cubes": [
						{"origin": [-2, 3, -3], "size": [4, 6, 7], "uv": [0, 0]}
					]
				},
				{
					"name": "tail1",
					"parent": "body1",
					"pivot": [0, 5, 4],
					"cubes": [
						{"origin": [-1, 2, 4], "size": [2, 5, 4], "uv": [14, 19]}
					]
				},
				{
					"name": "tail2",
					"parent": "tail1",
					"pivot": [0, 5, 8],
					"cubes": [
						{"origin": [0, 2, 6], "size": [0, 7, 9], "uv": [27, 15]}
					]
				},
				{
					"name": "legleft1",
					"parent": "body1",
					"pivot": [2, 4, 1],
					"rotation": [0, 45, 0],
					"cubes": [
						{"origin": [2, 0, 1], "size": [8, 8, 0], "uv": [0, 14]}
					]
				},
				{
					"name": "legright1",
					"parent": "body1",
					"pivot": [-2, 4, 1],
					"rotation": [0, -45, 0],
					"cubes": [
						{"origin": [-10, 0, 1], "size": [8, 8, 0], "uv": [0, 14], "mirror": true}
					]
				},
				{
					"name": "legright2",
					"parent": "body1",
					"pivot": [-2, 4, 2],
					"rotation": [0, 45, 0],
					"cubes": [
						{"origin": [-10, 0, 2], "size": [8, 8, 0], "uv": [0, 14], "mirror": true}
					]
				},
				{
					"name": "legleft2",
					"parent": "body1",
					"pivot": [2, 4, 2],
					"rotation": [0, -45, 0],
					"cubes": [
						{"origin": [2, 0, 2], "size": [8, 8, 0], "uv": [0, 14]}
					]
				},
				{
					"name": "head1",
					"parent": "body1",
					"pivot": [0, 7, -1],
					"rotation": [-22.5, 0, 0],
					"cubes": [
						{"origin": [-3, 7, -8], "size": [6, 3, 7], "uv": [24, 0]},
						{"origin": [-3, 5, -8], "size": [6, 2, 4], "uv": [44, 0]}
					]
				},
				{
					"name": "head2",
					"parent": "body1",
					"pivot": [0, 6.5, -1],
					"rotation": [22.5, 0, 0],
					"cubes": [
						{"origin": [-3, 5, -8], "size": [6, 2, 7], "inflate": -0.005, "uv": [38, 11]},
						{"origin": [-3, 7, -8], "size": [6, 2, 4], "inflate": -0.005, "uv": [23, 11]}
					]
				}
			]
		}
	]
}