{
	"format_version": "1.12.0",
	"minecraft:geometry": [
		{
			"description": {
				"identifier": "geometry.unknown",
				"texture_width": 128,
				"texture_height": 128,
				"visible_bounds_width": 4,
				"visible_bounds_height": 3.5,
				"visible_bounds_offset": [0, 1.25, 0]
			},
			"bones": [
				{
					"name": "body1",
					"pivot": [1, 18.5, -2],
					"rotation": [-22.5, 0, 0],
					"cubes": [
						{"origin": [-6, 6.5, -5], "size": [12, 18, 13], "uv": [0, 30]},
						{"origin": [0, 18.5, 4], "size": [0, 8, 6], "uv": [45, -5]}
					]
				},
				{
					"name": "bodyfed1",
					"parent": "body1",
					"pivot": [1, 15.5, 0],
					"cubes": [
						{"origin": [-8, 2.5, -8], "size": [16, 18, 14], "uv": [53, 6]}
					]
				},
				{
					"name": "tail2",
					"parent": "body1",
					"pivot": [1, 11.5, 8],
					"cubes": [
						{"origin": [0, 7.5, 8], "size": [0, 11, 11], "uv": [68, 29]}
					]
				},
				{
					"name": "legleft1",
					"parent": "body1",
					"pivot": [8, 10.41761, 5.61313],
					"rotation": [22.5, 0, 0],
					"cubes": [
						{"origin": [3, 2.41761, 2.61313], "size": [6, 12, 7], "uv": [102, 109]}
					]
				},
				{
					"name": "legleft2",
					"parent": "body1",
					"pivot": [7.28073, 9.59946, -2.93598],
					"rotation": [-118.35323, -38.34024, 5.04648],
					"cubes": [
						{"origin": [4.28073, -2.40054, -3.93598], "size": [4, 14, 5], "uv": [110, 0]}
					]
				},
				{
					"name": "legleft3",
					"parent": "legleft2",
					"pivot": [7.28073, 0.13646, -0.23627],
					"rotation": [112.5, 0, 0],
					"cubes": [
						{"origin": [5.28073, -17.86354, -3.23627], "size": [2, 19, 5], "uv": [114, 20]}
					]
				},
				{
					"name": "legright2",
					"parent": "body1",
					"pivot": [-7.28073, 9.59946, -2.93598],
					"rotation": [-118.35323, 38.34024, -5.04648],
					"cubes": [
						{"origin": [-8.28073, -2.40054, -3.93598], "size": [4, 14, 5], "uv": [110, 0], "mirror": true}
					]
				},
				{
					"name": "legright3",
					"parent": "legright2",
					"pivot": [-7.28073, 0.13646, -0.23627],
					"rotation": [112.5, 0, 0],
					"cubes": [
						{"origin": [-7.28073, -17.86354, -3.23627], "size": [2, 19, 5], "uv": [114, 20], "mirror": true}
					]
				},
				{
					"name": "legright1",
					"parent": "body1",
					"pivot": [-8, 10.41761, 5.61313],
					"rotation": [22.5, 0, 0],
					"cubes": [
						{"origin": [-9, 2.41761, 2.61313], "size": [6, 12, 7], "uv": [102, 109], "mirror": true}
					]
				},
				{
					"name": "neck1",
					"parent": "body1",
					"pivot": [1, 22.04387, -5.00874],
					"rotation": [32.5, 0, 0],
					"cubes": [
						{"origin": [-4, 17.04387, -13.00874], "size": [8, 13, 14], "uv": [3, 1]},
						{"origin": [0, 17.04387, 0.99126], "size": [0, 15, 3], "uv": [59, 0]},
						{"origin": [0, 30.04387, -13.00874], "size": [0, 2, 14], "uv": [64, -14]}
					]
				},
				{
					"name": "headmain1",
					"parent": "neck1",
					"pivot": [1, 24.04387, -10.00874]
				},
				{
					"name": "jawup1",
					"parent": "headmain1",
					"pivot": [1, 26.04387, -11.00874],
					"cubes": [
						{"origin": [-5, 24.04387, -22.00874], "size": [10, 4, 13], "uv": [80, 40]},
						{"origin": [3, 24.04387, -9.00874], "size": [5, 5, 0], "pivot": [5, 26.04387, -9.00874], "rotation": [0, -67.5, 0], "uv": [96, 0]},
						{"origin": [-8, 24.04387, -9.00874], "size": [5, 5, 0], "pivot": [-5, 26.04387, -9.00874], "rotation": [0, 67.5, 0], "uv": [96, 0], "mirror": true},
						{"origin": [-5, 22.04387, -22.00874], "size": [10, 2, 13], "uv": [82, 91]}
					]
				},
				{
					"name": "jawdown1",
					"parent": "headmain1",
					"pivot": [1, 21.04387, -10.00874],
					"cubes": [
						{"origin": [-5, 18.04387, -22.00874], "size": [10, 2, 13], "uv": [82, 59]},
						{"origin": [-5, 20.04387, -22.00874], "size": [10, 2, 13], "uv": [82, 75]}
					]
				}
			]
		}
	]
}