{
	"format_version": "1.12.0",
	"minecraft:geometry": [
		{
			"description": {
				"identifier": "geometry.unknown",
				"texture_width": 256,
				"texture_height": 256,
				"visible_bounds_width": 10,
				"visible_bounds_height": 7.5,
				"visible_bounds_offset": [0, 3.25, 0]
			},
			"bones": [
				{
					"name": "body_main1",
					"pivot": [0, 29, 0]
				},
				{
					"name": "body1",
					"parent": "body_main1",
					"pivot": [0.5, 28, -1],
					"cubes": [
						{"origin": [-12.5, 23, -8], "size": [25, 33, 17], "uv": [123, 0]},
						{"origin": [0, 23, 9], "size": [0, 33, 8], "uv": [240, -8]}
					]
				},
				{
					"name": "armleft1",
					"parent": "body1",
					"pivot": [12.5, 46, -2],
					"cubes": [
						{"origin": [12.5, 31, -7], "size": [6, 18, 8], "uv": [209, 0]},
						{"origin": [12.5, 28, -7], "size": [6, 3, 8], "uv": [151, 93]}
					]
				},
				{
					"name": "armright1",
					"parent": "body1",
					"pivot": [-12.5, 46, -2],
					"cubes": [
						{"origin": [-18.5, 31, -7], "size": [6, 18, 8], "uv": [209, 0], "mirror": true},
						{"origin": [-18.5, 28, -7], "size": [6, 3, 8], "uv": [147, 82], "mirror": true}
					]
				},
				{
					"name": "neck1",
					"parent": "body1",
					"pivot": [1.5, 56, 5],
					"cubes": [
						{"origin": [-8.5, 53, -12], "size": [17, 22, 26], "uv": [1, 61]},
						{"origin": [-3.5, 70, 11], "size": [7, 7, 11], "pivot": [0.5, 72, 14], "rotation": [45, 0, 0], "uv": [66, 63]},
						{"origin": [-2.5, 60, 14], "size": [5, 5, 7], "uv": [100, 60]}
					]
				},
				{
					"name": "head1",
					"parent": "neck1",
					"pivot": [0.5, 65, -3],
					"cubes": [
						{"origin": [-15.5, 61, -22], "size": [31, 30, 26], "uv": [0, 0]},
						{"origin": [-12.5, 56, -21], "size": [25, 5, 25], "uv": [68, 93]}
					]
				},
				{
					"name": "slabber1",
					"parent": "head1",
					"pivot": [15.5, 61, -9],
					"cubes": [
						{"origin": [15.5, 51, -20], "size": [0, 10, 13], "uv": [95, -5]}
					]
				},
				{
					"name": "slabber2",
					"parent": "head1",
					"pivot": [-15.5, 61, -9],
					"cubes": [
						{"origin": [-15.5, 56, -21], "size": [0, 5, 15], "uv": [106, -15], "mirror": true}
					]
				},
				{
					"name": "eyeball1",
					"parent": "head1",
					"pivot": [8, 66.5, -19.25],
					"cubes": [
						{"origin": [6.5, 65, -21], "size": [3, 3, 2], "uv": [197, 3]}
					]
				},
				{
					"name": "eyeball2",
					"parent": "head1",
					"pivot": [-8, 76.5, -19.25],
					"cubes": [
						{"origin": [-8.5, 77, -21], "size": [3, 3, 4], "uv": [215, 30]}
					]
				},
				{
					"name": "jaw1",
					"parent": "head1",
					"pivot": [0.5, 61, -7.75],
					"cubes": [
						{"origin": [-13.5, 31, -21.75], "size": [27, 5, 21], "uv": [108, 53]},
						{"origin": [-13.5, 36, -21.75], "size": [27, 4, 21], "uv": [160, 85]},
						{"origin": [-11.5, 36, -13.75], "size": [23, 26, 13], "uv": [180, 110]}
					]
				},
				{
					"name": "tongue1",
					"parent": "jaw1",
					"pivot": [0.5, 47, -13.75],
					"cubes": [
						{"origin": [-4.5, 43, -40.75], "size": [9, 10, 27], "uv": [20, 121]}
					]
				},
				{
					"name": "tongue2",
					"parent": "tongue1",
					"pivot": [0.5, 47, -35.75],
					"cubes": [
						{"origin": [-6.5, 41, -65.75], "size": [13, 14, 30], "uv": [65, 131]},
						{"origin": [-9.5, 41, -65.75], "size": [3, 14, 18], "uv": [1, 111]},
						{"origin": [6.5, 41, -65.75], "size": [3, 14, 18], "uv": [1, 111], "mirror": true},
						{"origin": [-4.5, 50, -65.75], "size": [3, 13, 18], "pivot": [-1.5, 55, -55.75], "rotation": [0, 0, 90], "uv": [1, 111]},
						{"origin": [-1.5, 36, -65.75], "size": [3, 13, 18], "pivot": [1.5, 41, -55.75], "rotation": [0, 0, -90], "uv": [1, 111]},
						{"origin": [-0.5, 55, -65.75], "size": [0, 17, 7], "uv": [27, 104]},
						{"origin": [-0.5, 55, -65.75], "size": [0, 17, 7], "pivot": [-0.5, 55, -62.75], "rotation": [0, 90, 0], "uv": [27, 104]},
						{"origin": [0, 48, -68.75], "size": [0, 17, 7], "pivot": [0, 48, -65.75], "rotation": [90, 0, 0], "uv": [27, 104]},
						{"origin": [0, 48, -68.75], "size": [0, 17, 7], "pivot": [0, 48, -65.75], "rotation": [90, 0, 90], "uv": [27, 104]},
						{"origin": [5.5, 53, -58.75], "size": [0, 17, 7], "pivot": [5.5, 53, -55.75], "rotation": [0, -40, 67.5], "uv": [27, 104]},
						{"origin": [5.5, 53, -58.75], "size": [0, 17, 7], "pivot": [5.5, 53, -55.75], "rotation": [180, -72.5, -112.5], "uv": [27, 104]},
						{"origin": [4.5, 44, -58.75], "size": [0, 17, 7], "pivot": [4.5, 44, -55.75], "rotation": [0, 0, 135], "uv": [27, 104]},
						{"origin": [4.5, 44, -58.75], "size": [0, 17, 7], "pivot": [4.5, 44, -55.75], "rotation": [0, -90, 135], "uv": [27, 104]},
						{"origin": [-2.5, 41, -58.75], "size": [0, 17, 7], "pivot": [-2.5, 41, -55.75], "rotation": [0, 0, -135], "uv": [27, 104]},
						{"origin": [-2.5, 41, -58.75], "size": [0, 17, 7], "pivot": [-2.5, 41, -55.75], "rotation": [0, 90, -135], "uv": [27, 104]},
						{"origin": [-5.5, 48, -58.75], "size": [0, 17, 7], "pivot": [-5.5, 48, -55.75], "rotation": [-10, 22.5, -67.5], "uv": [27, 104]},
						{"origin": [-5.5, 48, -58.75], "size": [0, 17, 7], "pivot": [-5.5, 48, -55.75], "rotation": [-157.25541, 65.48376, 137.23858], "uv": [27, 104]}
					]
				},
				{
					"name": "legright1",
					"parent": "body_main1",
					"pivot": [-6.5, 26, -1],
					"cubes": [
						{"origin": [-11.5, 0, -7], "size": [11, 25, 14], "uv": [206, 41], "mirror": true}
					]
				},
				{
					"name": "legleft1",
					"parent": "body_main1",
					"pivot": [6.5, 26, -1],
					"cubes": [
						{"origin": [0.5, 0, -7], "size": [11, 25, 14], "uv": [206, 41]}
					]
				}
			]
		}
	]
}