{
	"format_version": "1.12.0",
	"minecraft:geometry": [
		{
			"description": {
				"identifier": "geometry.unknown",
				"texture_width": 64,
				"texture_height": 64,
				"visible_bounds_width": 5,
				"visible_bounds_height": 5,
				"visible_bounds_offset": [0, 1.5, 0]
			},
			"bones": [
				{
					"name": "bodymain1",
					"pivot": [0, 5, 0]
				},
				{
					"name": "core1",
					"parent": "bodymain1",
					"pivot": [0, 5, 0],
					"cubes": [
						{"origin": [-4, 1, -4], "size": [8, 8, 8], "uv": [32, 0]}
					]
				},
				{
					"name": "core2",
					"parent": "core1",
					"pivot": [0, 5, 0],
					"cubes": [
						{"origin": [-4, 1, -4], "size": [8, 8, 8], "inflate": 0.8, "uv": [0, 0]}
					]
				},
				{
					"name": "skull1",
					"parent": "bodymain1",
					"pivot": [0, 33, 2],
					"cubes": [
						{"origin": [-3, 33, -5], "size": [6, 6, 7], "uv": [18, 16]},
						{"origin": [-3, 31, -5], "size": [6, 2, 3], "uv": [32, 32]}
					]
				},
				{
					"name": "skull2",
					"parent": "bodymain1",
					"pivot": [0, 43, 2],
					"cubes": [
						{"origin": [-2, 43, -5], "size": [4, 4, 5], "uv": [14, 29]},
						{"origin": [-2, 42, -5], "size": [4, 1, 3], "uv": [26, 2]}
					]
				},
				{
					"name": "tendril1",
					"parent": "bodymain1",
					"pivot": [-0.5, 9, 0],
					"cubes": [
						{"origin": [-2.5, 8, -2.5], "size": [5, 10, 5], "uv": [44, 17]}
					]
				},
				{
					"name": "tendril2",
					"parent": "tendril1",
					"pivot": [-0.5, 18, 0],
					"cubes": [
						{"origin": [-1.5, 17, -1.5], "size": [3, 14, 3], "uv": [2, 18]}
					]
				},
				{
					"name": "tendril7",
					"parent": "bodymain1",
					"pivot": [0.5, 1, 0],
					"rotation": [0, 0, -180],
					"cubes": [
						{"origin": [-1.5, 0, -2.5], "size": [5, 10, 5], "uv": [44, 17]}
					]
				},
				{
					"name": "tendril8",
					"parent": "tendril7",
					"pivot": [0.5, 10, 0],
					"cubes": [
						{"origin": [-0.5, 9, -1.5], "size": [3, 14, 3], "uv": [2, 18]}
					]
				},
				{
					"name": "tendril9",
					"parent": "bodymain1",
					"pivot": [0.5, 5, -3],
					"rotation": [90, 0, -180],
					"cubes": [
						{"origin": [-1.5, 4, -5.5], "size": [5, 10, 5], "uv": [44, 17]}
					]
				},
				{
					"name": "tendril10",
					"parent": "tendril9",
					"pivot": [0.5, 14, -3],
					"cubes": [
						{"origin": [-0.5, 13, -4.5], "size": [3, 14, 3], "uv": [2, 18]}
					]
				},
				{
					"name": "tendril11",
					"parent": "bodymain1",
					"pivot": [-0.5, 5, 3],
					"rotation": [-90, 0, 0],
					"cubes": [
						{"origin": [-2.5, 4, 0.5], "size": [5, 10, 5], "uv": [44, 17]}
					]
				},
				{
					"name": "tendril12",
					"parent": "tendril11",
					"pivot": [-0.5, 14, 3],
					"cubes": [
						{"origin": [-1.5, 13, 1.5], "size": [3, 14, 3], "uv": [2, 18]}
					]
				},
				{
					"name": "tendril3",
					"parent": "bodymain1",
					"pivot": [3.5, 6, 0],
					"rotation": [0, 0, 90],
					"cubes": [
						{"origin": [1.5, 5, -2.5], "size": [5, 10, 5], "uv": [44, 17]}
					]
				},
				{
					"name": "tendril4",
					"parent": "tendril3",
					"pivot": [3.5, 15, 0],
					"cubes": [
						{"origin": [2.5, 14, -1.5], "size": [3, 14, 3], "uv": [2, 18]}
					]
				},
				{
					"name": "tendril5",
					"parent": "bodymain1",
					"pivot": [-3.5, 6, 0],
					"rotation": [0, 0, -90],
					"cubes": [
						{"origin": [-6.5, 5, -2.5], "size": [5, 10, 5], "uv": [44, 17], "mirror": true}
					]
				},
				{
					"name": "tendril6",
					"parent": "tendril5",
					"pivot": [-3.5, 15, 0],
					"cubes": [
						{"origin": [-5.5, 14, -1.5], "size": [3, 14, 3], "uv": [2, 18], "mirror": true}
					]
				},
				{
					"name": "circle1",
					"parent": "bodymain1",
					"pivot": [0, 5, 0],
					"cubes": [
						{"origin": [-13, -8, 0], "size": [26, 26, 0], "uv": [0, 38]}
					]
				},
				{
					"name": "circle2",
					"parent": "bodymain1",
					"pivot": [0, 5, 0],
					"rotation": [-90, 0, 0],
					"cubes": [
						{"origin": [-13, -8, 0], "size": [26, 26, 0], "uv": [0, 38]}
					]
				}
			]
		}
	]
}