{
	"format_version": "1.12.0",
	"minecraft:geometry": [
		{
			"description": {
				"identifier": "geometry.swarm_small",
				"texture_width": 64,
				"texture_height": 32,
				"visible_bounds_width": 5,
				"visible_bounds_height": 2.5,
				"visible_bounds_offset": [0, 0.75, 0]
			},
			"bones": [
				{
					"name": "body1",
					"pivot": [0, 13, 2],
					"cubes": [
						{"origin": [-2, 12, -1], "size": [4, 3, 5], "uv": [0, 0]}
					]
				},
				{
					"name": "legs1",
					"parent": "body1",
					"pivot": [0, 12, 1],
					"cubes": [
						{"origin": [-2, 10, 1], "size": [4, 2, 0], "uv": [45, 10]}
					]
				},
				{
					"name": "legs2",
					"parent": "body1",
					"pivot": [0, 12, 2],
					"cubes": [
						{"origin": [-2, 10, 2], "size": [4, 2, 0], "uv": [45, 10]}
					]
				},
				{
					"name": "legs3",
					"parent": "body1",
					"pivot": [0, 12, 3],
					"cubes": [
						{"origin": [-2, 10, 3], "size": [4, 2, 0], "uv": [45, 10]}
					]
				},
				{
					"name": "wing1",
					"parent": "body1",
					"pivot": [2, 15, 3],
					"cubes": [
						{"origin": [2, 15, 0], "size": [8, 0, 6], "uv": [15, 0]}
					]
				},
				{
					"name": "wing2",
					"parent": "body1",
					"pivot": [-2, 15, 3],
					"cubes": [
						{"origin": [-10, 15, 0], "size": [8, 0, 6], "uv": [15, 0], "mirror": true}
					]
				},
				{
					"name": "head1",
					"parent": "body1",
					"pivot": [0, 14, -1],
					"rotation": [22.5, 0, 0],
					"cubes": [
						{"origin": [-4, 10, -5], "size": [8, 4, 4], "uv": [15, 7]},
						{"origin": [0, 12, -6], "size": [0, 3, 5], "uv": [39, -3]},
						{"origin": [-0.5, 10, -11], "size": [1, 1, 6], "uv": [35, 10]},
						{"origin": [0, 9, -13], "size": [0, 3, 8], "uv": [37, -2]}
					]
				},
				{
					"name": "feelers1",
					"parent": "head1",
					"pivot": [0, 10, -4],
					"cubes": [
						{"origin": [-4, 7, -4], "size": [8, 3, 0], "uv": [44, 12]}
					]
				},
				{
					"name": "body2",
					"parent": "body1",
					"pivot": [0, 13, 4],
					"rotation": [-22.5, 0, 0],
					"cubes": [
						{"origin": [-1, 8.38268, 2.92388], "size": [2, 5, 3], "uv": [54, 0]},
						{"origin": [0, 6.38268, 2.92388], "size": [0, 2, 3], "uv": [14, -2]}
					]
				},
				{
					"name": "bodyfull1",
					"parent": "body1",
					"pivot": [0, 13, 4],
					"rotation": [-22.5, 0, 0],
					"cubes": [
						{"origin": [-3, 4.38268, 2.92388], "size": [6, 9, 5], "uv": [17, 15]},
						{"origin": [0, 2.38268, 3.92388], "size": [0, 2, 3], "uv": [8, 6]}
					]
				},
				{
					"name": "body3",
					"pivot": [22, 13, 2],
					"cubes": [
						{"origin": [20, 12, -1], "size": [4, 3, 5], "uv": [0, 0]}
					]
				},
				{
					"name": "legs4",
					"parent": "body3",
					"pivot": [22, 12, 1],
					"cubes": [
						{"origin": [20, 10, 1], "size": [4, 2, 0], "uv": [45, 10]}
					]
				},
				{
					"name": "legs5",
					"parent": "body3",
					"pivot": [22, 12, 2],
					"cubes": [
						{"origin": [20, 10, 2], "size": [4, 2, 0], "uv": [45, 10]}
					]
				},
				{
					"name": "legs6",
					"parent": "body3",
					"pivot": [22, 12, 3],
					"cubes": [
						{"origin": [20, 10, 3], "size": [4, 2, 0], "uv": [45, 10]}
					]
				},
				{
					"name": "wing3",
					"parent": "body3",
					"pivot": [24, 15, 3],
					"cubes": [
						{"origin": [24, 15, 0], "size": [8, 0, 6], "uv": [15, 0]}
					]
				},
				{
					"name": "wing4",
					"parent": "body3",
					"pivot": [20, 15, 3],
					"cubes": [
						{"origin": [12, 15, 0], "size": [8, 0, 6], "uv": [15, 0], "mirror": true}
					]
				},
				{
					"name": "head2",
					"parent": "body3",
					"pivot": [22, 14, -1],
					"rotation": [22.5, 0, 0],
					"cubes": [
						{"origin": [18, 10, -5], "size": [8, 4, 4], "uv": [15, 7]},
						{"origin": [22, 12, -6], "size": [0, 3, 5], "uv": [39, -3]},
						{"origin": [21.5, 10, -11], "size": [1, 1, 6], "uv": [35, 10]},
						{"origin": [22, 9, -13], "size": [0, 3, 8], "uv": [37, -2]}
					]
				},
				{
					"name": "feelers2",
					"parent": "head2",
					"pivot": [22, 10, -4],
					"cubes": [
						{"origin": [18, 7, -4], "size": [8, 3, 0], "uv": [44, 12]}
					]
				},
				{
					"name": "body4",
					"parent": "body3",
					"pivot": [22, 13, 4],
					"rotation": [-22.5, 0, 0],
					"cubes": [
						{"origin": [21, 8.38268, 2.92388], "size": [2, 5, 3], "uv": [54, 0]},
						{"origin": [22, 6.38268, 2.92388], "size": [0, 2, 3], "uv": [14, -2]}
					]
				},
				{
					"name": "bodyfull2",
					"parent": "body3",
					"pivot": [22, 13, 4],
					"rotation": [-22.5, 0, 0],
					"cubes": [
						{"origin": [19, 4.38268, 2.92388], "size": [6, 9, 5], "uv": [17, 15]},
						{"origin": [22, 2.38268, 3.92388], "size": [0, 2, 3], "uv": [8, 6]}
					]
				},
				{
					"name": "body5",
					"pivot": [-21, 13, 2],
					"cubes": [
						{"origin": [-23, 12, -1], "size": [4, 3, 5], "uv": [0, 0]}
					]
				},
				{
					"name": "legs7",
					"parent": "body5",
					"pivot": [-21, 12, 1],
					"cubes": [
						{"origin": [-23, 10, 1], "size": [4, 2, 0], "uv": [45, 10]}
					]
				},
				{
					"name": "legs8",
					"parent": "body5",
					"pivot": [-21, 12, 2],
					"cubes": [
						{"origin": [-23, 10, 2], "size": [4, 2, 0], "uv": [45, 10]}
					]
				},
				{
					"name": "legs9",
					"parent": "body5",
					"pivot": [-21, 12, 3],
					"cubes": [
						{"origin": [-23, 10, 3], "size": [4, 2, 0], "uv": [45, 10]}
					]
				},
				{
					"name": "wing5",
					"parent": "body5",
					"pivot": [-19, 15, 3],
					"cubes": [
						{"origin": [-19, 15, 0], "size": [8, 0, 6], "uv": [15, 0]}
					]
				},
				{
					"name": "wing6",
					"parent": "body5",
					"pivot": [-23, 15, 3],
					"cubes": [
						{"origin": [-31, 15, 0], "size": [8, 0, 6], "uv": [15, 0], "mirror": true}
					]
				},
				{
					"name": "head3",
					"parent": "body5",
					"pivot": [-21, 14, -1],
					"rotation": [22.5, 0, 0],
					"cubes": [
						{"origin": [-25, 10, -5], "size": [8, 4, 4], "uv": [15, 7]},
						{"origin": [-21, 12, -6], "size": [0, 3, 5], "uv": [39, -3]},
						{"origin": [-21.5, 10, -11], "size": [1, 1, 6], "uv": [35, 10]},
						{"origin": [-21, 9, -13], "size": [0, 3, 8], "uv": [37, -2]}
					]
				},
				{
					"name": "feelers3",
					"parent": "head3",
					"pivot": [-21, 10, -4],
					"cubes": [
						{"origin": [-25, 7, -4], "size": [8, 3, 0], "uv": [44, 12]}
					]
				},
				{
					"name": "body6",
					"parent": "body5",
					"pivot": [-21, 13, 4],
					"rotation": [-22.5, 0, 0],
					"cubes": [
						{"origin": [-22, 8.38268, 2.92388], "size": [2, 5, 3], "uv": [54, 0]},
						{"origin": [-21, 6.38268, 2.92388], "size": [0, 2, 3], "uv": [14, -2]}
					]
				},
				{
					"name": "bodyfull3",
					"parent": "body5",
					"pivot": [-21, 13, 4],
					"rotation": [-22.5, 0, 0],
					"cubes": [
						{"origin": [-24, 4.38268, 2.92388], "size": [6, 9, 5], "uv": [17, 15]},
						{"origin": [-21, 2.38268, 3.92388], "size": [0, 2, 3], "uv": [8, 6]}
					]
				}
			]
		}
	]
}