{
	"format_version": "1.12.0",
	"minecraft:geometry": [
		{
			"description": {
				"identifier": "geometry.unknown",
				"texture_width": 64,
				"texture_height": 64,
				"visible_bounds_width": 3,
				"visible_bounds_height": 3.5,
				"visible_bounds_offset": [0, 1.25, 0]
			},
			"bones": [
				{
					"name": "body1",
					"pivot": [0, 11, 2],
					"cubes": [
						{"origin": [-4, 11, 0], "size": [8, 10, 4], "uv": [0, 18]},
						{"origin": [0, 5, 4], "size": [0, 16, 9], "uv": [25, 8]}
					]
				},
				{
					"name": "armleft2",
					"parent": "body1",
					"pivot": [4, 20, 2],
					"cubes": [
						{"origin": [4, 9, 1], "size": [2, 12, 2], "uv": [0, 33]},
						{"origin": [4, 2, 2], "size": [4, 19, 0], "uv": [47, 16]}
					]
				},
				{
					"name": "armright2",
					"parent": "body1",
					"pivot": [-4, 20, 2],
					"cubes": [
						{"origin": [-6, 9, 1], "size": [2, 12, 2], "uv": [0, 33], "mirror": true},
						{"origin": [-8, 2, 2], "size": [4, 19, 0], "uv": [47, 16], "mirror": true}
					]
				},
				{
					"name": "head1",
					"parent": "body1",
					"pivot": [0, 21, 2],
					"cubes": [
						{"origin": [-4, 21, -3], "size": [8, 7, 9], "uv": [0, 0]},
						{"origin": [4, 22, 1], "size": [6, 13, 0], "uv": [50, 1]},
						{"origin": [-10, 22, 1], "size": [6, 13, 0], "uv": [50, 1], "mirror": true},
						{"origin": [0, 28, -2], "size": [0, 1, 9], "uv": [26, 25]},
						{"origin": [0, 21, 6], "size": [0, 7, 1], "uv": [26, 35]},
						{"origin": [-4, 18, -3], "size": [8, 3, 3], "inflate": -0.005, "uv": [31, 36]}
					]
				},
				{
					"name": "sphere1",
					"parent": "head1",
					"pivot": [0, 23, 1],
					"cubes": [
						{"origin": [-4, 19, -3], "size": [8, 8, 8], "inflate": -2.5, "uv": [32, 48]}
					]
				},
				{
					"name": "sphere2",
					"parent": "sphere1",
					"pivot": [0, 23, 1],
					"cubes": [
						{"origin": [-4, 19, -3], "size": [8, 8, 8], "inflate": -2.5, "uv": [0, 48]}
					]
				},
				{
					"name": "legleft1",
					"parent": "body1",
					"pivot": [2, 11, 2],
					"cubes": [
						{"origin": [1, 0, 1], "size": [2, 11, 2], "uv": [18, 33]},
						{"origin": [3, 0, 2], "size": [1, 11, 0], "uv": [29, 36]}
					]
				},
				{
					"name": "legright1",
					"parent": "body1",
					"pivot": [-2, 11, 2],
					"cubes": [
						{"origin": [-3, 0, 1], "size": [2, 11, 2], "uv": [18, 33], "mirror": true},
						{"origin": [-4, 0, 2], "size": [1, 11, 0], "uv": [29, 36], "mirror": true}
					]
				}
			]
		}
	]
}