{
	"format_version": "1.12.0",
	"minecraft:geometry": [
		{
			"description": {
				"identifier": "geometry.unknown",
				"texture_width": 64,
				"texture_height": 64,
				"visible_bounds_width": 3,
				"visible_bounds_height": 2.5,
				"visible_bounds_offset": [0, 0.75, 0]
			},
			"bones": [
				{
					"name": "body1",
					"pivot": [0, 3, 2],
					"rotation": [-22.5, 0, 0],
					"cubes": [
						{"origin": [-2, 1, -2], "size": [4, 4, 5], "uv": [2, 1]},
						{"origin": [-3, 0, -1], "size": [6, 6, 8], "uv": [31, 0]}
					]
				},
				{
					"name": "tail1",
					"parent": "body1",
					"pivot": [0, 3, 3],
					"cubes": [
						{"origin": [-2, 1, 3], "size": [4, 4, 6], "uv": [44, 15]}
					]
				},
				{
					"name": "armleft1",
					"parent": "body1",
					"pivot": [2, 2.38268, 0.07612],
					"rotation": [72.98184, -4.75113, -11.57518],
					"cubes": [
						{"origin": [2, 2.38268, -5.92388], "size": [6, 0, 9], "uv": [22, 15]}
					]
				},
				{
					"name": "armleft2",
					"parent": "body1",
					"pivot": [1.35242, 4.41327, 2.80694],
					"rotation": [81.19106, -15.35563, -56.09657],
					"cubes": [
						{"origin": [0.35242, 4.41327, -5.19306], "size": [6, 0, 9], "uv": [42, 26]}
					]
				},
				{
					"name": "armright2",
					"parent": "body1",
					"pivot": [-1.35242, 4.41327, 2.80694],
					"rotation": [81.19106, 15.35563, 56.09657],
					"cubes": [
						{"origin": [-6.35242, 4.41327, -5.19306], "size": [6, 0, 9], "uv": [42, 26], "mirror": true}
					]
				},
				{
					"name": "armright1",
					"parent": "body1",
					"pivot": [-2, 2.38268, 0.07612],
					"rotation": [72.98184, 4.75113, 11.57518],
					"cubes": [
						{"origin": [-8, 2.38268, -5.92388], "size": [6, 0, 9], "uv": [22, 15], "mirror": true}
					]
				},
				{
					"name": "headmain1",
					"parent": "body1",
					"pivot": [0, 4, -1],
					"cubes": [
						{"origin": [-4, -1.30609, -7.61931], "size": [8, 9, 8], "pivot": [0, 3.69391, -2.61931], "rotation": [45, 0, 0], "uv": [26, 28]}
					]
				},
				{
					"name": "head1",
					"parent": "headmain1",
					"pivot": [0, 3.69391, -0.61931],
					"rotation": [32.40109, 2.68407, -4.22005],
					"cubes": [
						{"origin": [-3, 4.69391, -6.61931], "size": [6, 3, 6], "uv": [12, 19]},
						{"origin": [-3, 3.69391, -6.61931], "size": [6, 1, 5], "uv": [8, 12]}
					]
				},
				{
					"name": "jaw1",
					"parent": "headmain1",
					"pivot": [0, 3.23477, -0.54827],
					"rotation": [59.69031, -1.51267, 6.90358],
					"cubes": [
						{"origin": [-3, 1.66017, -6.36149], "size": [6, 2, 6], "uv": [4, 28]}
					]
				}
			]
		}
	]
}