{
	"format_version": "1.8.0",
	"animations": {
		"0": {
			"loop": true
		},
		"1": {
			"animation_length": 0.88,
			"bones": {
				"frame": {
					"position": {
						"0.0": {
							"vector": [0, 0, 0]
						},
						"0.08": {
							"vector": [0, 0, 0.5]
						},
						"0.16": {
							"vector": [0, 0, 0]
						},
						"0.88": {
							"vector": [0, 0, 0]
						}
					}
				},
				"part1": {
					"position": {
						"0.0": {
							"vector": [0, 0, 0]
						},
						"0.08": {
							"vector": [0, 0, 2]
						},
						"0.56": {
							"vector": [0, 0, 0]
						},
						"0.64": {
							"vector": [0, 0, -0.5]
						},
						"0.68": {
							"vector": [0, 0, 0]
						}
					}
				},
				"part2": {
					"position": {
						"0.0": {
							"vector": [0, 0, 0]
						},
						"0.08": {
							"vector": [0, 0, 3]
						},
						"0.76": {
							"vector": [0, 0, 0]
						},
						"0.84": {
							"vector": [0, 0, -0.5]
						},
						"0.88": {
							"vector": [0, 0, 0]
						}
					}
				}
			}
		}
	},
	"geckolib_format_version": 2
}