{
	"format_version": "1.8.0",
	"animations": {
		"0": {
			"loop": true,
			"animation_length": 4.32,
			"bones": {
				"item": {
					"rotation": {
						"0.0": {
							"vector": [0, 0, 0]
						},
						"4.32": {
							"vector": [360, -360, -360]
						}
					},
					"position": {
						"0.0": {
							"vector": [0, 0.5, 0]
						},
						"2.16": {
							"vector": [0, -1.5, 0]
						},
						"4.32": {
							"vector": [0, -4.5, 0]
						}
					},
					"scale": {
						"0.0": {
							"vector": [0.5, 0.5, 0.5]
						},
						"4.32": {
							"vector": [0.5, 0.5, 0.5]
						}
					}
				}
			}
		},
		"1": {
			"loop": true,
			"bones": {
				"item": {
					"position": {
						"vector": [0, 0, 0]
					}
				}
			}
		}
	},
	"geckolib_format_version": 2
}