{
	"format_version": "1.8.0",
	"animations": {
		"1": {
			"loop": true,
			"bones": {
				"body1": {
					"position": {
						"vector": [0, -2, 0]
					}
				},
				"tendril1": {
					"position": {
						"vector": [-1, 0, 0]
					},
					"scale": {
						"vector": [0, 1, 1]
					}
				},
				"tendril4": {
					"position": {
						"vector": [-1, 0, 0]
					},
					"scale": {
						"vector": [0, 1, 1]
					}
				},
				"tendril7": {
					"position": {
						"vector": [1, 0, 0]
					},
					"scale": {
						"vector": [0, 1, 1]
					}
				},
				"tendril10": {
					"position": {
						"vector": [1, 0, 0]
					},
					"scale": {
						"vector": [0, 1, 1]
					}
				},
				"head1": {
					"rotation": {
						"vector": [0, 0, 0]
					},
					"position": {
						"vector": [0, 0, 0]
					}
				}
			}
		},
		"2": {
			"loop": true,
			"animation_length": 3.96,
			"bones": {
				"body1": {
					"rotation": {
						"0.0": {
							"vector": [20, 0, 0]
						},
						"0.08": {
							"vector": [13.76756, -13.48483, -3.07105]
						},
						"0.16": {
							"vector": [5.53262, 13.75127, 1.23631]
						},
						"0.24": {
							"vector": [-2.75953, -13.44131, 0.60233]
						},
						"0.32": {
							"vector": [-10.23772, 12.3071, -2.20462]
						},
						"0.4": {
							"vector": [-12.79362, -12.19908, 2.74715]
						},
						"0.48": {
							"vector": [-17.89807, 11.91276, -3.81397]
						},
						"0.64": {
							"vector": [-20, 0, 0]
						},
						"1.0": {
							"vector": [10, 0, 0]
						},
						"1.24": {
							"vector": [11.92308, 0, 0]
						},
						"2.56": {
							"vector": [-10, 0, 0]
						},
						"2.8": {
							"vector": [-10.86207, 0, 0]
						},
						"3.72": {
							"vector": [10, 0, 0]
						},
						"3.96": {
							"vector": [20, 0, 0]
						}
					},
					"position": {
						"0.0": {
							"vector": [0, 0, 0]
						},
						"1.56": {
							"vector": [0, 0, 0]
						},
						"3.96": {
							"vector": [0, 0, 0]
						}
					},
					"scale": {
						"0.0": {
							"vector": [1, 1, 1]
						},
						"0.64": {
							"vector": [1.2, 1.2, 1.2]
						},
						"1.56": {
							"vector": [1, 1, 1]
						}
					}
				},
				"tendril1": {
					"position": {
						"vector": [-1, 0, 0]
					},
					"scale": {
						"vector": [0, 1, 1]
					}
				},
				"tendril4": {
					"position": {
						"vector": [-1, 0, 0]
					},
					"scale": {
						"vector": [0, 1, 1]
					}
				},
				"tendril7": {
					"position": {
						"vector": [1, 0, 0]
					},
					"scale": {
						"vector": [0, 1, 1]
					}
				},
				"tendril10": {
					"position": {
						"vector": [1, 0, 0]
					},
					"scale": {
						"vector": [0, 1, 1]
					}
				},
				"head1": {
					"rotation": {
						"0.0": {
							"vector": [10, 0, 0]
						},
						"0.08": {
							"vector": [0, 12.5, 0]
						},
						"0.16": {
							"vector": [0, -12.5, 0]
						},
						"0.24": {
							"vector": [0, 12.5, 0]
						},
						"0.32": {
							"vector": [0, -12.5, 0]
						},
						"0.4": {
							"vector": [0, 12.5, 0]
						},
						"0.48": {
							"vector": [0, -12.5, 0]
						},
						"0.64": {
							"vector": [0, 0, 0]
						},
						"0.88": {
							"vector": [-7.93485, 0, 0]
						},
						"1.24": {
							"vector": [2.43087, 0, 0]
						},
						"1.44": {
							"vector": [14.89244, 0, 0]
						},
						"2.0": {
							"vector": [12.39244, 0, 0]
						},
						"2.68": {
							"vector": [7.39244, 0, 0]
						},
						"3.12": {
							"vector": [-5.10756, 0, 0]
						},
						"3.56": {
							"vector": [-15.10756, 0, 0]
						},
						"3.96": {
							"vector": [10, 0, 0]
						}
					},
					"position": {
						"vector": [0, 1, 0]
					},
					"scale": {
						"0.0": {
							"vector": [1, 1, 1]
						},
						"0.64": {
							"vector": [0.8, 0.8, 0.8]
						},
						"1.56": {
							"vector": [1, 1, 1]
						}
					}
				}
			}
		},
		"3": {
			"loop": true,
			"animation_length": 3.4,
			"bones": {
				"body1": {
					"rotation": {
						"0.0": {
							"vector": [3.91194, 14.70173, 5.83404]
						},
						"0.08": {
							"vector": [15.86373, -10.92122, -12.9618]
						},
						"0.16": {
							"vector": [5.53262, 13.75127, 1.23631]
						},
						"0.24": {
							"vector": [0.27104, -13.71391, -12.25551]
						},
						"0.32": {
							"vector": [-13.05246, 9.26175, -17.15975]
						},
						"0.4": {
							"vector": [-6.24538, -24.3683, 5.7632]
						},
						"0.48": {
							"vector": [-17.89807, 11.91276, -3.81397]
						},
						"0.64": {
							"vector": [-12.5, 0, 0]
						},
						"0.88": {
							"vector": [-15.07743, 6.57255, -6.84022]
						},
						"0.96": {
							"vector": [-15.04074, 13.32885, -6.12996]
						},
						"1.04": {
							"vector": [-7.53956, 13.18899, -10.59024]
						},
						"1.12": {
							"vector": [-10.23772, 12.3071, -12.20462]
						},
						"1.2": {
							"vector": [-11.60354, 12.77303, -4.74675]
						},
						"1.28": {
							"vector": [-15.34415, 11.84953, 1.71192]
						},
						"1.44": {
							"vector": [-14.50307, 14.8687, -7.7614]
						},
						"1.68": {
							"vector": [13.76756, -13.48483, -3.07105]
						},
						"1.76": {
							"vector": [5.53262, 13.75127, 1.23631]
						},
						"1.84": {
							"vector": [-2.75953, -13.44131, 0.60233]
						},
						"1.92": {
							"vector": [-10.23772, 12.3071, -2.20462]
						},
						"2.0": {
							"vector": [-12.79362, -12.19908, 2.74715]
						},
						"2.08": {
							"vector": [-17.89807, 11.91276, -3.81397]
						},
						"2.24": {
							"vector": [-12.5, 0, 0]
						},
						"2.52": {
							"vector": [13.76756, -13.48483, -3.07105]
						},
						"2.6": {
							"vector": [5.53262, 13.75127, 1.23631]
						},
						"2.68": {
							"vector": [-2.75953, -13.44131, 0.60233]
						},
						"2.76": {
							"vector": [-10.23772, 12.3071, -2.20462]
						},
						"2.84": {
							"vector": [-12.79362, -12.19908, 2.74715]
						},
						"2.92": {
							"vector": [-17.89807, 11.91276, -3.81397]
						},
						"3.08": {
							"vector": [-12.5, 0, 0]
						},
						"3.24": {
							"vector": [2.40219, -25.35783, -11.12351]
						},
						"3.4": {
							"vector": [3.91194, 14.70173, 5.83404]
						}
					},
					"position": {
						"0.0": {
							"vector": [0, 0, 0]
						},
						"3.4": {
							"vector": [0, 0, 0]
						}
					}
				},
				"tendril1": {
					"rotation": {
						"0.0": {
							"vector": [-20.30179, -14.90835, 32.68392]
						},
						"0.08": {
							"vector": [21.72216, -68.5759, -41.64891]
						},
						"0.12": {
							"vector": [2.81033, -61.89034, 8.60565]
						},
						"0.16": {
							"vector": [18.61984, -47.05499, -18.34841]
						},
						"0.2": {
							"vector": [10.1623, -61.31577, 24.6196]
						},
						"0.24": {
							"vector": [42.73623, -80.11584, -34.58199]
						},
						"0.28": {
							"vector": [158.8491, -76.94813, -141.76533]
						},
						"0.32": {
							"vector": [116.28405, -62.61248, -109.81465]
						},
						"0.36": {
							"vector": [141.71951, -60.24605, -138.95074]
						},
						"0.44": {
							"vector": [-2.92512, -25.83178, -28.63326]
						},
						"0.48": {
							"vector": [-0.8605, -19.17777, -39.82312]
						},
						"0.52": {
							"vector": [-18.8256, 24.1251, -39.97638]
						},
						"0.56": {
							"vector": [13.74148, 24.91264, 69.04429]
						},
						"0.6": {
							"vector": [-21.60219, 29.11035, 4.4796]
						},
						"0.64": {
							"vector": [-24.25721, 36.6891, 3.35206]
						},
						"0.68": {
							"vector": [-23.76412, 41.37389, 10.28159]
						},
						"0.72": {
							"vector": [-18.74274, 37.17578, 12.96035]
						},
						"0.76": {
							"vector": [-147.42288, -44.2772, 165.0187]
						},
						"0.8": {
							"vector": [-166.69821, -54.81598, 167.53951]
						},
						"0.84": {
							"vector": [-154.88477, -72.28361, 164.8532]
						},
						"0.88": {
							"vector": [-185.20279, -54.16768, 171.60611]
						},
						"0.92": {
							"vector": [55.75993, -69.92619, -84.60975]
						},
						"0.96": {
							"vector": [-159.69464, -59.55652, 127.52635]
						},
						"1.0": {
							"vector": [-111.08226, -36.99696, 82.63104]
						},
						"1.04": {
							"vector": [-100.26935, -33.28128, 85.44257]
						},
						"1.08": {
							"vector": [-93.96731, -26.48387, 102.43647]
						},
						"1.12": {
							"vector": [-84.62752, -16.69575, 84.21965]
						},
						"1.16": {
							"vector": [-54.36738, 31.75839, 52.64756]
						},
						"1.2": {
							"vector": [-52.58163, 9.43274, 75.52178]
						},
						"1.24": {
							"vector": [-78.54021, -0.13937, 69.38098]
						},
						"1.28": {
							"vector": [-96.0848, -23.99037, 55.39872]
						},
						"1.36": {
							"vector": [-6.23966, -14.89763, 70.05149]
						},
						"1.44": {
							"vector": [24.54238, 19.33624, 34.92048]
						},
						"1.56": {
							"vector": [150.04562, 68.67748, 64.98869]
						},
						"1.64": {
							"vector": [45.77277, 45.64106, 56.69156]
						},
						"1.68": {
							"vector": [45.35956, 41.25526, 84.1831]
						},
						"1.72": {
							"vector": [30.18606, 60.67847, 64.03355]
						},
						"1.76": {
							"vector": [-9.22501, 18.01508, 44.13769]
						},
						"1.8": {
							"vector": [-17.33014, 22.03618, 15.76946]
						},
						"1.84": {
							"vector": [5.48035, 49.17856, 42.34152]
						},
						"1.88": {
							"vector": [-36.28318, 70.22382, 54.79718]
						},
						"1.92": {
							"vector": [-49.1655, 58.38293, -19.22873]
						},
						"1.96": {
							"vector": [-76.05343, 49.03026, -64.92435]
						},
						"2.0": {
							"vector": [-60.77506, 46.12811, -47.11725]
						},
						"2.04": {
							"vector": [-44.33866, 38.89757, -50.41447]
						},
						"2.08": {
							"vector": [-149.29263, -45.05239, 123.43206]
						},
						"2.12": {
							"vector": [-162.24106, -67.24728, 124.44498]
						},
						"2.16": {
							"vector": [-244.63318, -87.42345, 222.17466]
						},
						"2.2": {
							"vector": [12.71626, 14.60582, 44.8845]
						},
						"2.24": {
							"vector": [-3.07712, 33.82659, 21.17138]
						},
						"2.28": {
							"vector": [-54.9683, 58.52207, 48.63204]
						},
						"2.32": {
							"vector": [-25.04256, 53.59712, 52.84922]
						},
						"2.36": {
							"vector": [-56.19013, 50.51424, 53.43267]
						},
						"2.4": {
							"vector": [-99.17207, 47.37455, -12.88953]
						},
						"2.44": {
							"vector": [-66.69039, 56.39266, 31.24476]
						},
						"2.52": {
							"vector": [27.11771, 13.34855, 65.73299]
						},
						"2.64": {
							"vector": [33.07225, 39.05784, 53.72764]
						},
						"2.76": {
							"vector": [12.22502, 72.79777, 65.00145]
						},
						"2.84": {
							"vector": [-82.60768, 24.20052, 56.37765]
						},
						"2.88": {
							"vector": [-10.9675, 13.24118, 16.63127]
						},
						"2.92": {
							"vector": [-15.94647, -3.71331, 7.90552]
						},
						"2.96": {
							"vector": [-16.15461, 2.16808, 19.21999]
						},
						"3.0": {
							"vector": [-17.04882, 19.64781, 16.55996]
						},
						"3.04": {
							"vector": [-12.44205, 7.65, 30.34997]
						},
						"3.08": {
							"vector": [-9.08972, -3.90205, 36.51392]
						},
						"3.12": {
							"vector": [-28.39141, -33.47069, 41.9476]
						},
						"3.16": {
							"vector": [-90.24561, -58.79857, 108.63004]
						},
						"3.2": {
							"vector": [-93.47644, -52.70313, 99.43624]
						},
						"3.24": {
							"vector": [-132.13842, -40.27604, 131.30664]
						},
						"3.28": {
							"vector": [-141.79263, -45.05239, 123.43206]
						},
						"3.32": {
							"vector": [-125.42743, -58.731, 99.2304]
						},
						"3.4": {
							"vector": [-20.30179, -14.90835, 32.68392]
						}
					},
					"position": {
						"0.0": {
							"vector": [-4, 0, 0]
						},
						"3.4": {
							"vector": [-4, 0, 0]
						}
					},
					"scale": {
						"0.0": {
							"vector": [1, 1, 1]
						},
						"1.2": {
							"vector": [1, 1, 1]
						},
						"3.4": {
							"vector": [1, 1, 1]
						}
					}
				},
				"tendril4": {
					"rotation": {
						"0.0": {
							"vector": [9.8491, 28.48042, 20.00533]
						},
						"0.04": {
							"vector": [19.03094, 62.54228, 32.29076]
						},
						"0.08": {
							"vector": [14.66665, 70.32389, 15.90796]
						},
						"0.12": {
							"vector": [11.46462, 69.69008, 9.68092]
						},
						"0.16": {
							"vector": [22.46253, 77.84449, 22.4839]
						},
						"0.2": {
							"vector": [-10.18604, 59.43543, 4.54486]
						},
						"0.24": {
							"vector": [-17.58094, 46.36735, 18.20911]
						},
						"0.28": {
							"vector": [-17.04882, 19.64781, 16.55996]
						},
						"0.32": {
							"vector": [-14.21084, 29.56154, 24.9108]
						},
						"0.36": {
							"vector": [-11.94978, 40.42779, 28.07531]
						},
						"0.4": {
							"vector": [-35.72329, 47.2088, -2.47495]
						},
						"0.44": {
							"vector": [-40.50729, 37.10334, -8.9219]
						},
						"0.48": {
							"vector": [-17.51791, 38.23863, 37.20935]
						},
						"0.52": {
							"vector": [-35.19993, 13.92041, 32.367]
						},
						"0.56": {
							"vector": [-26.02979, 38.03382, 85.02974]
						},
						"0.6": {
							"vector": [-64.3929, 25.0212, 59.46042]
						},
						"0.64": {
							"vector": [-66.869, 4.47643, 49.91085]
						},
						"0.68": {
							"vector": [-63.66296, -11.91709, 31.57934]
						},
						"0.72": {
							"vector": [-65.06473, 10.35851, 33.69939]
						},
						"0.76": {
							"vector": [-68.80699, 33.99007, 29.9885]
						},
						"0.8": {
							"vector": [-71.85299, 43.34361, 24.4629]
						},
						"0.84": {
							"vector": [-57.9214, 22.38327, 56.3319]
						},
						"0.88": {
							"vector": [-48.8982, 27.47634, 61.61486]
						},
						"0.92": {
							"vector": [-46.05675, 20.01634, 70.05091]
						},
						"1.0": {
							"vector": [9.8491, 28.48042, 20.00533]
						},
						"1.12": {
							"vector": [33.07225, 39.05784, 53.72764]
						},
						"1.2": {
							"vector": [27.43998, 42.84544, 45.14812]
						},
						"1.24": {
							"vector": [13.92563, 40.85318, 33.39183]
						},
						"1.28": {
							"vector": [1.85864, 17.03257, 63.18644]
						},
						"1.32": {
							"vector": [-14.024, 8.51492, 51.33602]
						},
						"1.36": {
							"vector": [-10.03494, 12.90577, 63.38986]
						},
						"1.4": {
							"vector": [2.70323, 25.65807, 65.14915]
						},
						"1.44": {
							"vector": [13.20595, 29.98997, 77.23024]
						},
						"1.48": {
							"vector": [24.98916, 34.75033, 85.42198]
						},
						"1.52": {
							"vector": [23.38005, 53.06963, 70.35368]
						},
						"1.56": {
							"vector": [5.67444, 52.45523, 52.99374]
						},
						"1.6": {
							"vector": [1.40977, 41.4754, 66.35782]
						},
						"1.64": {
							"vector": [-28.17571, 25.87272, 52.70417]
						},
						"1.68": {
							"vector": [-44.74582, -4.79308, 28.6133]
						},
						"1.72": {
							"vector": [-65.93338, -16.18488, 40.905]
						},
						"1.76": {
							"vector": [-66.869, 4.47643, 49.91085]
						},
						"1.8": {
							"vector": [-63.97828, 8.32521, 41.45938]
						},
						"1.84": {
							"vector": [-65.06473, 10.35851, 33.69939]
						},
						"1.88": {
							"vector": [-68.80699, 33.99007, 29.9885]
						},
						"1.92": {
							"vector": [-46.95291, 18.97611, 69.74267]
						},
						"1.96": {
							"vector": [-57.9214, 22.38327, 56.3319]
						},
						"2.0": {
							"vector": [-43.06043, 11.71615, 78.74266]
						},
						"2.04": {
							"vector": [-46.05675, 20.01634, 70.05091]
						},
						"2.12": {
							"vector": [20.36057, 22.52101, 44.09531]
						},
						"2.24": {
							"vector": [13.01057, 48.09888, 25.03093]
						},
						"2.28": {
							"vector": [35.60255, 33.27964, 60.3193]
						},
						"2.32": {
							"vector": [27.43998, 42.84544, 45.14812]
						},
						"2.36": {
							"vector": [29.6849, 32.32149, 59.46619]
						},
						"2.4": {
							"vector": [1.85864, 17.03257, 63.18644]
						},
						"2.44": {
							"vector": [-14.024, 8.51492, 51.33602]
						},
						"2.48": {
							"vector": [-14.17286, 8.12593, 41.01586]
						},
						"2.52": {
							"vector": [-7.99276, 24.60172, 40.28791]
						},
						"2.56": {
							"vector": [13.20595, 29.98997, 77.23024]
						},
						"2.6": {
							"vector": [24.98916, 34.75033, 85.42198]
						},
						"2.64": {
							"vector": [16.29887, 31.83429, 60.05688]
						},
						"2.68": {
							"vector": [23.35143, 25.04963, 73.27212]
						},
						"2.72": {
							"vector": [19.85547, 37.2166, 95.06925]
						},
						"2.76": {
							"vector": [-13.36389, 12.65915, 83.01028]
						},
						"2.8": {
							"vector": [-26.02979, 38.03382, 85.02974]
						},
						"2.84": {
							"vector": [-64.3929, 25.0212, 59.46042]
						},
						"2.88": {
							"vector": [-64.3929, 25.0212, 59.46042]
						},
						"2.92": {
							"vector": [-79.60038, -26.93388, 76.88026]
						},
						"2.96": {
							"vector": [-69.99071, -18.32127, 95.64414]
						},
						"3.0": {
							"vector": [-50.76846, -3.61121, 89.65602]
						},
						"3.04": {
							"vector": [-55.67132, 33.19189, 50.21951]
						},
						"3.08": {
							"vector": [-57.9214, 22.38327, 56.3319]
						},
						"3.12": {
							"vector": [-43.06043, 11.71615, 78.74266]
						},
						"3.16": {
							"vector": [-42.69105, 3.8252, 86.08194]
						},
						"3.24": {
							"vector": [27.11771, 13.34855, 65.73299]
						},
						"3.4": {
							"vector": [9.8491, 28.48042, 20.00533]
						}
					},
					"position": {
						"0.0": {
							"vector": [3, 4, -2]
						},
						"3.4": {
							"vector": [3, 4, -2]
						}
					},
					"scale": {
						"0.0": {
							"vector": [1, 1, 1]
						},
						"1.2": {
							"vector": [1, 1, 1]
						},
						"2.2": {
							"vector": [1, 1, 1]
						},
						"3.4": {
							"vector": [1, 1, 1]
						}
					}
				},
				"tendril7": {
					"rotation": {
						"0.0": {
							"vector": [9.8491, 28.48042, 20.00533]
						},
						"0.04": {
							"vector": [13.01057, 48.09888, 25.03093]
						},
						"0.08": {
							"vector": [-20.3958, 46.03449, -19.5357]
						},
						"0.12": {
							"vector": [-24.45103, 36.24592, -24.92932]
						},
						"0.16": {
							"vector": [-15.15033, 8.09092, -5.66965]
						},
						"0.2": {
							"vector": [-15.94647, -3.71331, 7.90552]
						},
						"0.24": {
							"vector": [-16.15461, 2.16808, 19.21999]
						},
						"0.28": {
							"vector": [-17.04882, 19.64781, 16.55996]
						},
						"0.32": {
							"vector": [-14.21084, 29.56154, 24.9108]
						},
						"0.36": {
							"vector": [-11.94978, 40.42779, 28.07531]
						},
						"0.4": {
							"vector": [-35.72329, 47.2088, -2.47495]
						},
						"0.44": {
							"vector": [-40.50729, 37.10334, -8.9219]
						},
						"0.48": {
							"vector": [-38.92095, 15.69288, -7.25145]
						},
						"0.52": {
							"vector": [-35.49966, -13.03323, -4.00941]
						},
						"0.56": {
							"vector": [-33.9, 5.5609, 77.74594]
						},
						"0.6": {
							"vector": [-17.20167, -54.80033, 10.88855]
						},
						"0.64": {
							"vector": [39.59297, -41.38819, 36.90523]
						},
						"0.68": {
							"vector": [-53.72741, -64.32624, -3.1529]
						},
						"0.72": {
							"vector": [-74.21314, -42.01922, -21.84102]
						},
						"0.76": {
							"vector": [-70.63538, -25.31351, 9.21197]
						},
						"0.8": {
							"vector": [-76.86394, 4.67913, 12.87508]
						},
						"0.84": {
							"vector": [-85.13644, 23.12373, 5.1856]
						},
						"0.88": {
							"vector": [-55.19769, 53.11742, 42.12937]
						},
						"0.92": {
							"vector": [-29.56132, 44.67524, 24.32728]
						},
						"1.0": {
							"vector": [9.8491, 28.48042, 20.00533]
						},
						"1.12": {
							"vector": [13.01057, 48.09888, 25.03093]
						},
						"1.2": {
							"vector": [-20.3958, 46.03449, -19.5357]
						},
						"1.24": {
							"vector": [-24.45103, 36.24592, -24.92932]
						},
						"1.28": {
							"vector": [-15.15033, 8.09092, -5.66965]
						},
						"1.32": {
							"vector": [-15.94647, -3.71331, 7.90552]
						},
						"1.36": {
							"vector": [-16.15461, 2.16808, 19.21999]
						},
						"1.4": {
							"vector": [-17.04882, 19.64781, 16.55996]
						},
						"1.44": {
							"vector": [-14.21084, 29.56154, 24.9108]
						},
						"1.48": {
							"vector": [-11.94978, 40.42779, 28.07531]
						},
						"1.52": {
							"vector": [-35.72329, 47.2088, -2.47495]
						},
						"1.56": {
							"vector": [-40.50729, 37.10334, -8.9219]
						},
						"1.6": {
							"vector": [-34.07458, -29.87978, 1.79787]
						},
						"1.64": {
							"vector": [-35.49966, -13.03323, -4.00941]
						},
						"1.68": {
							"vector": [-31.69033, -33.719, -8.52841]
						},
						"1.72": {
							"vector": [-47.20167, -54.80033, 10.88855]
						},
						"1.76": {
							"vector": [-60.89431, -36.37654, 29.72876]
						},
						"1.8": {
							"vector": [-62.21677, -9.63642, -15.39111]
						},
						"1.84": {
							"vector": [-65.06473, 10.35851, 33.69939]
						},
						"1.88": {
							"vector": [-68.80699, 33.99007, 29.9885]
						},
						"1.92": {
							"vector": [-71.85299, 43.34361, 24.4629]
						},
						"1.96": {
							"vector": [-84.31666, 38.06134, 6.78264]
						},
						"2.0": {
							"vector": [-82.65551, 47.61766, 9.38549]
						},
						"2.04": {
							"vector": [-72.06132, 44.67524, 24.32728]
						},
						"2.12": {
							"vector": [9.8491, 28.48042, 20.00533]
						},
						"2.24": {
							"vector": [13.01057, 48.09888, 25.03093]
						},
						"2.32": {
							"vector": [-20.3958, 46.03449, -19.5357]
						},
						"2.36": {
							"vector": [-22.01333, 27.05109, -20.30025]
						},
						"2.4": {
							"vector": [-17.33379, 29.71834, -12.28264]
						},
						"2.44": {
							"vector": [-30.56671, 57.37657, -19.60197]
						},
						"2.48": {
							"vector": [-52.69003, 69.53942, -31.02777]
						},
						"2.52": {
							"vector": [-152.175, 53.73338, -134.50085]
						},
						"2.56": {
							"vector": [-46.89581, 60.20179, -54.21919]
						},
						"2.64": {
							"vector": [31.71392, 48.50941, -27.24071]
						},
						"2.76": {
							"vector": [-68.23316, -9.04344, -27.38239]
						},
						"2.8": {
							"vector": [-59.93196, -37.71638, -16.62774]
						},
						"2.84": {
							"vector": [-44.28847, -54.59469, -10.96056]
						},
						"2.88": {
							"vector": [-62.49876, -72.89197, -5.94719]
						},
						"2.92": {
							"vector": [-133.95675, -49.3563, 62.84457]
						},
						"2.96": {
							"vector": [-90.75957, -10.28447, 32.97608]
						},
						"3.0": {
							"vector": [-76.51877, 12.79269, 36.24198]
						},
						"3.04": {
							"vector": [-79.79845, 17.73081, 4.89643]
						},
						"3.12": {
							"vector": [-9.12879, 18.61638, -18.20921]
						},
						"3.4": {
							"vector": [9.8491, 28.48042, 20.00533]
						}
					},
					"position": {
						"0.0": {
							"vector": [6, 0, 0]
						},
						"3.4": {
							"vector": [6, 0, 0]
						}
					},
					"scale": {
						"0.0": {
							"vector": [1, 1, 1]
						},
						"1.2": {
							"vector": [1, 1, 1]
						},
						"3.4": {
							"vector": [1, 1, 1]
						}
					}
				},
				"tendril10": {
					"rotation": {
						"0.0": {
							"vector": [-26.04964, -1.27875, 82.27212]
						},
						"0.04": {
							"vector": [-16.1866, 5.16338, 122.65333]
						},
						"0.08": {
							"vector": [-7.86247, 7.44606, 123.23469]
						},
						"0.12": {
							"vector": [5.80438, -4.85801, 123.55626]
						},
						"0.16": {
							"vector": [-2.7608, -6.0992, 120.36244]
						},
						"0.2": {
							"vector": [-31.74794, 7.35174, 126.64055]
						},
						"0.24": {
							"vector": [-42.9209, -24.3586, 99.26943]
						},
						"0.28": {
							"vector": [-66.66716, -17.90557, 96.63207]
						},
						"0.36": {
							"vector": [-43.36108, 2.63262, 60.09127]
						},
						"0.4": {
							"vector": [-3.55205, 2.34946, 72.35099]
						},
						"0.44": {
							"vector": [-116.02937, -26.69604, 60.2244]
						},
						"0.48": {
							"vector": [-24.16912, 18.22604, 75.45226]
						},
						"0.52": {
							"vector": [8.41716, 18.76309, 105.38337]
						},
						"0.56": {
							"vector": [42.84501, 4.34276, 125.70841]
						},
						"0.6": {
							"vector": [43.90262, 17.60153, 116.50808]
						},
						"0.64": {
							"vector": [26.18926, 14.83419, 114.54734]
						},
						"0.68": {
							"vector": [5.89751, 22.65927, 128.91264]
						},
						"0.72": {
							"vector": [-54.45366, 7.61831, 88.47598]
						},
						"0.76": {
							"vector": [-68.18462, -13.53659, 90.66988]
						},
						"0.8": {
							"vector": [-90.797, -25.54112, 77.68949]
						},
						"0.84": {
							"vector": [-55.88116, -16.48379, 59.46154]
						},
						"0.88": {
							"vector": [-61.59339, -20.38725, 62.74493]
						},
						"0.92": {
							"vector": [-52.71925, -3.9773, 63.86914]
						},
						"0.96": {
							"vector": [-22.08728, 35.22933, 81.82968]
						},
						"1.0": {
							"vector": [-22.90589, 63.24187, 93.59664]
						},
						"1.04": {
							"vector": [4.83678, 72.48459, 102.34535]
						},
						"1.08": {
							"vector": [-258.26319, 43.71546, -181.06267]
						},
						"1.12": {
							"vector": [62.79186, 51.5804, 177.61275]
						},
						"1.16": {
							"vector": [41.79857, 78.53937, 158.69353]
						},
						"1.2": {
							"vector": [-23.89004, 12.78463, 104.2412]
						},
						"1.28": {
							"vector": [56.33844, -8.64738, 105.27269]
						},
						"1.36": {
							"vector": [86.44321, -11.23079, 90.26902]
						},
						"1.48": {
							"vector": [65.38461, 14.00106, 85.44647]
						},
						"1.56": {
							"vector": [29.6849, 32.32149, 59.46619]
						},
						"1.6": {
							"vector": [-26.26516, 66.26649, -15.93825]
						},
						"1.64": {
							"vector": [-25.68063, 50.75397, -13.5794]
						},
						"1.68": {
							"vector": [-58.43525, 70.95512, -37.13105]
						},
						"1.72": {
							"vector": [-82.99614, 73.84766, -60.26432]
						},
						"1.76": {
							"vector": [-239.43811, 53.9597, -216.37349]
						},
						"1.8": {
							"vector": [67.19394, 52.10335, 109.77592]
						},
						"1.84": {
							"vector": [43.1809, 61.95988, 81.17562]
						},
						"1.88": {
							"vector": [116.68269, 19.92661, 83.99819]
						},
						"1.92": {
							"vector": [32.72664, 27.08304, 118.91415]
						},
						"1.96": {
							"vector": [16.87338, 34.02136, 131.99866]
						},
						"2.0": {
							"vector": [15.12184, 42.84978, 145.10249]
						},
						"2.04": {
							"vector": [-64.3929, 25.0212, 59.46042]
						},
						"2.08": {
							"vector": [-64.3929, 25.0212, 59.46042]
						},
						"2.12": {
							"vector": [-60.46207, 28.29661, 52.45139]
						},
						"2.16": {
							"vector": [-69.99071, -18.32127, 95.64414]
						},
						"2.2": {
							"vector": [-62.53737, -29.39735, 128.60826]
						},
						"2.24": {
							"vector": [-45.19572, -13.0915, 101.78446]
						},
						"2.28": {
							"vector": [-55.43716, -17.93649, 111.69917]
						},
						"2.32": {
							"vector": [-55.38929, -35.67912, 129.68934]
						},
						"2.36": {
							"vector": [-46.05675, 20.01634, 70.05091]
						},
						"2.44": {
							"vector": [27.11771, 13.34855, 65.73299]
						},
						"2.56": {
							"vector": [44.19247, 24.83351, 74.42038]
						},
						"2.68": {
							"vector": [48.87204, 8.39072, 90.52271]
						},
						"2.76": {
							"vector": [42.55345, 4.71184, 97.51923]
						},
						"2.8": {
							"vector": [13.47862, 10.67246, 109.17285]
						},
						"2.84": {
							"vector": [-3.86148, 15.9121, 96.84536]
						},
						"2.88": {
							"vector": [-4.25707, 15.74429, 86.43884]
						},
						"2.92": {
							"vector": [24.81411, 7.26309, 133.63331]
						},
						"2.96": {
							"vector": [23.92434, 22.71081, 101.05107]
						},
						"3.0": {
							"vector": [35.88568, 23.19009, 107.59149]
						},
						"3.04": {
							"vector": [43.65391, 40.33641, 97.79363]
						},
						"3.08": {
							"vector": [51.25106, 14.34467, 124.6049]
						},
						"3.12": {
							"vector": [36.42605, 47.66013, 113.04225]
						},
						"3.16": {
							"vector": [-62.58626, 67.14711, -49.75421]
						},
						"3.2": {
							"vector": [-36.07313, 61.97948, -19.24433]
						},
						"3.24": {
							"vector": [-12.10159, 79.05536, -14.86262]
						},
						"3.32": {
							"vector": [-62.1443, 21.71494, 48.47964]
						},
						"3.4": {
							"vector": [-26.04964, -1.27875, 82.27212]
						}
					},
					"position": {
						"0.0": {
							"vector": [-4, 0, 0]
						},
						"3.4": {
							"vector": [-4, 0, 0]
						}
					},
					"scale": {
						"0.0": {
							"vector": [1, 1, 1]
						},
						"3.4": {
							"vector": [1, 1, 1]
						}
					}
				},
				"head1": {
					"rotation": {
						"0.0": {
							"vector": [-5.57336, 0.9723, -24.76483]
						},
						"0.08": {
							"vector": [0, 12.5, 0]
						},
						"0.16": {
							"vector": [0, -12.5, 0]
						},
						"0.24": {
							"vector": [0, 12.5, 0]
						},
						"0.32": {
							"vector": [0, -12.5, 0]
						},
						"0.4": {
							"vector": [0, 12.5, 0]
						},
						"0.48": {
							"vector": [0, -12.5, 0]
						},
						"0.6": {
							"vector": [0, 11.87, 0]
						},
						"0.72": {
							"vector": [0, 32.5, 0]
						},
						"0.88": {
							"vector": [2.86516, -39.33858, -5.23423]
						},
						"1.0": {
							"vector": [-1.65606, 7.49267, -0.07556]
						},
						"1.12": {
							"vector": [2.95221, -11.80067, -2.86493]
						},
						"1.24": {
							"vector": [2.24912, 7.65749, 1.75373]
						},
						"1.32": {
							"vector": [4.45814, -26.04686, -7.93949]
						},
						"1.44": {
							"vector": [-1.20169, 0.23927, -0.62896]
						},
						"1.64": {
							"vector": [-1.99732, -26.4901, -8.49912]
						},
						"3.4": {
							"vector": [-5.57336, 0.9723, -24.76483]
						}
					},
					"position": {
						"0.0": {
							"vector": [0, 1, 0]
						},
						"3.4": {
							"vector": [0, 1, 0]
						}
					}
				},
				"tendril2": {
					"rotation": {
						"0.0": {
							"vector": [13.01057, 48.09888, 25.03093]
						},
						"0.04": {
							"vector": [-20.3958, 46.03449, -19.5357]
						},
						"0.08": {
							"vector": [-24.45103, 36.24592, -24.92932]
						},
						"0.12": {
							"vector": [-15.15033, 8.09092, -5.66965]
						},
						"0.16": {
							"vector": [-15.94647, -3.71331, 7.90552]
						},
						"0.2": {
							"vector": [-16.15461, 2.16808, 19.21999]
						},
						"0.24": {
							"vector": [-17.04882, 19.64781, 16.55996]
						},
						"0.28": {
							"vector": [-14.21084, 29.56154, 24.9108]
						},
						"0.32": {
							"vector": [-11.94978, 40.42779, 28.07531]
						},
						"0.36": {
							"vector": [-35.72329, 47.2088, -2.47495]
						},
						"0.4": {
							"vector": [-40.50729, 37.10334, -8.9219]
						},
						"0.44": {
							"vector": [-38.92095, 15.69288, -7.25145]
						},
						"0.48": {
							"vector": [-35.49966, -13.03323, -4.00941]
						},
						"0.52": {
							"vector": [-31.69033, -33.719, -8.52841]
						},
						"0.56": {
							"vector": [-47.20167, -54.80033, 10.88855]
						},
						"0.6": {
							"vector": [-60.89431, -36.37654, 29.72876]
						},
						"0.64": {
							"vector": [-63.66296, -11.91709, 31.57934]
						},
						"0.68": {
							"vector": [-65.06473, 10.35851, 33.69939]
						},
						"0.72": {
							"vector": [-68.80699, 33.99007, 29.9885]
						},
						"0.76": {
							"vector": [-71.85299, 43.34361, 24.4629]
						},
						"0.8": {
							"vector": [-84.31666, 38.06134, 6.78264]
						},
						"0.84": {
							"vector": [-82.65551, 47.61766, 9.38549]
						},
						"0.88": {
							"vector": [-72.06132, 44.67524, 24.32728]
						},
						"0.96": {
							"vector": [9.8491, 28.48042, 20.00533]
						},
						"1.08": {
							"vector": [13.01057, 48.09888, 25.03093]
						},
						"1.16": {
							"vector": [-20.3958, 46.03449, -19.5357]
						},
						"1.2": {
							"vector": [-24.45103, 36.24592, -24.92932]
						},
						"1.24": {
							"vector": [-15.15033, 8.09092, -5.66965]
						},
						"1.28": {
							"vector": [-15.94647, -3.71331, 7.90552]
						},
						"1.32": {
							"vector": [-16.15461, 2.16808, 19.21999]
						},
						"1.36": {
							"vector": [-17.04882, 19.64781, 16.55996]
						},
						"1.4": {
							"vector": [-14.21084, 29.56154, 24.9108]
						},
						"1.44": {
							"vector": [-11.94978, 40.42779, 28.07531]
						},
						"1.48": {
							"vector": [-35.72329, 47.2088, -2.47495]
						},
						"1.52": {
							"vector": [-40.50729, 37.10334, -8.9219]
						},
						"1.56": {
							"vector": [-38.92095, 15.69288, -7.25145]
						},
						"1.6": {
							"vector": [-35.49966, -13.03323, -4.00941]
						},
						"1.64": {
							"vector": [-31.69033, -33.719, -8.52841]
						},
						"1.68": {
							"vector": [-47.20167, -54.80033, 10.88855]
						},
						"1.72": {
							"vector": [-60.89431, -36.37654, 29.72876]
						},
						"1.76": {
							"vector": [-63.66296, -11.91709, 31.57934]
						},
						"1.8": {
							"vector": [-65.06473, 10.35851, 33.69939]
						},
						"1.84": {
							"vector": [-68.80699, 33.99007, 29.9885]
						},
						"1.88": {
							"vector": [-71.85299, 43.34361, 24.4629]
						},
						"1.92": {
							"vector": [-84.31666, 38.06134, 6.78264]
						},
						"1.96": {
							"vector": [-82.65551, 47.61766, 9.38549]
						},
						"2.0": {
							"vector": [-72.06132, 44.67524, 24.32728]
						},
						"2.08": {
							"vector": [9.8491, 28.48042, 20.00533]
						},
						"2.2": {
							"vector": [13.01057, 48.09888, 25.03093]
						},
						"2.28": {
							"vector": [-20.3958, 46.03449, -19.5357]
						},
						"2.32": {
							"vector": [-24.45103, 36.24592, -24.92932]
						},
						"2.36": {
							"vector": [-15.15033, 8.09092, -5.66965]
						},
						"2.4": {
							"vector": [-15.94647, -3.71331, 7.90552]
						},
						"2.44": {
							"vector": [-16.15461, 2.16808, 19.21999]
						},
						"2.48": {
							"vector": [-17.04882, 19.64781, 16.55996]
						},
						"2.52": {
							"vector": [-14.21084, 29.56154, 24.9108]
						},
						"2.56": {
							"vector": [-11.94978, 40.42779, 28.07531]
						},
						"2.6": {
							"vector": [-35.72329, 47.2088, -2.47495]
						},
						"2.64": {
							"vector": [-40.50729, 37.10334, -8.9219]
						},
						"2.68": {
							"vector": [-38.92095, 15.69288, -7.25145]
						},
						"2.72": {
							"vector": [-35.49966, -13.03323, -4.00941]
						},
						"2.76": {
							"vector": [-31.69033, -33.719, -8.52841]
						},
						"2.8": {
							"vector": [-47.20167, -54.80033, 10.88855]
						},
						"2.84": {
							"vector": [-60.89431, -36.37654, 29.72876]
						},
						"2.88": {
							"vector": [-63.66296, -11.91709, 31.57934]
						},
						"2.92": {
							"vector": [-65.06473, 10.35851, 33.69939]
						},
						"2.96": {
							"vector": [-68.80699, 33.99007, 29.9885]
						},
						"3.0": {
							"vector": [-71.85299, 43.34361, 24.4629]
						},
						"3.04": {
							"vector": [-84.31666, 38.06134, 6.78264]
						},
						"3.08": {
							"vector": [-82.65551, 47.61766, 9.38549]
						},
						"3.12": {
							"vector": [-72.06132, 44.67524, 24.32728]
						},
						"3.2": {
							"vector": [9.8491, 28.48042, 20.00533]
						},
						"3.36": {
							"vector": [9.8491, 28.48042, 20.00533]
						},
						"3.4": {
							"vector": [13.01057, 48.09888, 25.03093]
						}
					},
					"position": {
						"0.0": {
							"vector": [10, 0, 0]
						},
						"3.4": {
							"vector": [10, 0, 0]
						}
					}
				},
				"tendril3": {
					"rotation": {
						"0.0": {
							"vector": [-9.31934, -24.46646, 16.50113]
						},
						"0.04": {
							"vector": [-5.37529, -16.11912, 34.14975]
						},
						"0.08": {
							"vector": [-7.51592, -7.79575, 34.25994]
						},
						"0.12": {
							"vector": [4.88292, 5.78345, 34.04949]
						},
						"0.16": {
							"vector": [7.00323, 17.17161, 9.80447]
						},
						"0.2": {
							"vector": [4.79257, 12.75686, 18.64416]
						},
						"0.24": {
							"vector": [24.71861, -9.48425, 4.93164]
						},
						"0.28": {
							"vector": [25.21235, -43.80043, -11.41782]
						},
						"0.36": {
							"vector": [-2.92512, -25.83178, -28.63326]
						},
						"0.4": {
							"vector": [-0.8605, -19.17777, -39.82312]
						},
						"0.44": {
							"vector": [-18.8256, 24.1251, -39.97638]
						},
						"0.48": {
							"vector": [-19.19609, 21.11489, -5.11539]
						},
						"0.52": {
							"vector": [-21.60219, 29.11035, 4.4796]
						},
						"0.56": {
							"vector": [-24.25721, 36.6891, 3.35206]
						},
						"0.6": {
							"vector": [-23.76412, 41.37389, 10.28159]
						},
						"0.64": {
							"vector": [-16.44394, 25.25377, 17.37048]
						},
						"0.68": {
							"vector": [-22.76756, 5.44086, 36.63377]
						},
						"0.72": {
							"vector": [-12.95658, -53.75185, 8.98729]
						},
						"0.76": {
							"vector": [-19.67154, -67.43778, 27.1849]
						},
						"0.8": {
							"vector": [-256.69853, -86.873, 244.06346]
						},
						"0.84": {
							"vector": [27.81366, -52.54679, -53.26199]
						},
						"0.88": {
							"vector": [-17.87213, -55.0443, -19.97703]
						},
						"0.92": {
							"vector": [-38.0785, -42.01846, -1.64961]
						},
						"0.96": {
							"vector": [-59.81174, -17.8876, 5.00457]
						},
						"1.0": {
							"vector": [-65.08704, -10.09239, 24.26764]
						},
						"1.04": {
							"vector": [-72.54317, 1.45412, 7.73183]
						},
						"1.08": {
							"vector": [-102.0105, 45.04558, -17.79514]
						},
						"1.12": {
							"vector": [-70.06701, 33.54949, 30.8851]
						},
						"1.16": {
							"vector": [-81.40543, 7.61019, 27.46765]
						},
						"1.2": {
							"vector": [-81.43778, -23.26239, 19.83915]
						},
						"1.28": {
							"vector": [10.35479, -33.2289, 9.55488]
						},
						"1.36": {
							"vector": [11.25191, -3.4886, -0.42457]
						},
						"1.48": {
							"vector": [-30.90633, 61.89859, -32.39061]
						},
						"1.56": {
							"vector": [-24.45103, 36.24592, -24.92932]
						},
						"1.6": {
							"vector": [-11.16367, 23.08458, 3.94776]
						},
						"1.64": {
							"vector": [-16.08529, 8.30514, 4.46027]
						},
						"1.68": {
							"vector": [-16.49903, 11.76679, 16.39123]
						},
						"1.72": {
							"vector": [-21.43834, 40.93541, 8.01892]
						},
						"1.76": {
							"vector": [-25.58031, 60.35997, 9.4421]
						},
						"1.8": {
							"vector": [-33.50472, 73.40942, 3.49728]
						},
						"1.84": {
							"vector": [-49.1655, 58.38293, -19.22873]
						},
						"1.88": {
							"vector": [-44.58374, 24.97131, -15.72132]
						},
						"1.92": {
							"vector": [-38.92095, 15.69288, -7.25145]
						},
						"1.96": {
							"vector": [-35.49966, -13.03323, -4.00941]
						},
						"2.0": {
							"vector": [-31.69033, -33.719, -8.52841]
						},
						"2.04": {
							"vector": [-47.20167, -54.80033, 10.88855]
						},
						"2.08": {
							"vector": [-60.89431, -36.37654, 29.72876]
						},
						"2.12": {
							"vector": [-63.66296, -11.91709, 31.57934]
						},
						"2.16": {
							"vector": [-65.06473, 10.35851, 33.69939]
						},
						"2.2": {
							"vector": [-68.80699, 33.99007, 29.9885]
						},
						"2.24": {
							"vector": [-71.85299, 43.34361, 24.4629]
						},
						"2.28": {
							"vector": [-84.31666, 38.06134, 6.78264]
						},
						"2.32": {
							"vector": [-82.65551, 47.61766, 9.38549]
						},
						"2.36": {
							"vector": [-72.06132, 44.67524, 24.32728]
						},
						"2.44": {
							"vector": [9.8491, 28.48042, 20.00533]
						},
						"2.56": {
							"vector": [13.01057, 48.09888, 25.03093]
						},
						"2.68": {
							"vector": [-20.3958, 46.03449, -19.5357]
						},
						"2.76": {
							"vector": [-24.45103, 36.24592, -24.92932]
						},
						"2.8": {
							"vector": [-15.15033, 8.09092, -5.66965]
						},
						"2.84": {
							"vector": [-15.94647, -3.71331, 7.90552]
						},
						"2.88": {
							"vector": [-16.15461, 2.16808, 19.21999]
						},
						"2.92": {
							"vector": [-17.04882, 19.64781, 16.55996]
						},
						"2.96": {
							"vector": [-14.21084, 29.56154, 24.9108]
						},
						"3.0": {
							"vector": [-11.94978, 40.42779, 28.07531]
						},
						"3.04": {
							"vector": [-35.72329, 47.2088, -2.47495]
						},
						"3.08": {
							"vector": [-40.50729, 37.10334, -8.9219]
						},
						"3.12": {
							"vector": [-44.35396, 40.71921, 11.80117]
						},
						"3.16": {
							"vector": [-40.08626, 67.14711, -49.75421]
						},
						"3.2": {
							"vector": [-13.57313, 61.97948, -19.24433]
						},
						"3.24": {
							"vector": [10.39841, 79.05536, -14.86262]
						},
						"3.32": {
							"vector": [-62.1443, 21.71494, 48.47964]
						},
						"3.4": {
							"vector": [-9.31934, -24.46646, 16.50113]
						}
					},
					"position": {
						"0.0": {
							"vector": [12, 0, 0]
						},
						"3.4": {
							"vector": [12, 0, 0]
						}
					}
				},
				"tendril5": {
					"rotation": {
						"0.0": {
							"vector": [-61.50085, -3.80758, 15.9098]
						},
						"0.08": {
							"vector": [8.55943, -24.72758, -24.90327]
						},
						"0.12": {
							"vector": [1.38357, -16.91434, 10.68233]
						},
						"0.16": {
							"vector": [13.93624, -25.41763, -10.57356]
						},
						"0.2": {
							"vector": [5.07072, -16.6339, 32.10125]
						},
						"0.24": {
							"vector": [6.93002, -15.10097, 5.91376]
						},
						"0.28": {
							"vector": [5.67911, -34.56802, 14.35413]
						},
						"0.32": {
							"vector": [40.4473, -50.52385, -24.07664]
						},
						"0.36": {
							"vector": [25.21235, -43.80043, -11.41782]
						},
						"0.44": {
							"vector": [-2.92512, -25.83178, -28.63326]
						},
						"0.48": {
							"vector": [-0.8605, -19.17777, -39.82312]
						},
						"0.52": {
							"vector": [-18.8256, 24.1251, -39.97638]
						},
						"0.56": {
							"vector": [-19.19609, 21.11489, -5.11539]
						},
						"0.6": {
							"vector": [-21.60219, 29.11035, 4.4796]
						},
						"0.64": {
							"vector": [-24.25721, 36.6891, 3.35206]
						},
						"0.68": {
							"vector": [-23.76412, 41.37389, 10.28159]
						},
						"0.72": {
							"vector": [-16.44394, 25.25377, 17.37048]
						},
						"0.76": {
							"vector": [-22.78099, -5.38133, 11.31493]
						},
						"0.8": {
							"vector": [-12.95658, -53.75185, 8.98729]
						},
						"0.84": {
							"vector": [-19.67154, -67.43778, 27.1849]
						},
						"0.88": {
							"vector": [-256.69853, -86.873, 244.06346]
						},
						"0.92": {
							"vector": [27.81366, -52.54679, -53.26199]
						},
						"0.96": {
							"vector": [-17.87213, -55.0443, -19.97703]
						},
						"1.0": {
							"vector": [-38.0785, -42.01846, -1.64961]
						},
						"1.04": {
							"vector": [-59.81174, -17.8876, 5.00457]
						},
						"1.08": {
							"vector": [-65.08704, -10.09239, 24.26764]
						},
						"1.12": {
							"vector": [-72.54317, 1.45412, 7.73183]
						},
						"1.16": {
							"vector": [-102.0105, 45.04558, -17.79514]
						},
						"1.2": {
							"vector": [-70.06701, 33.54949, 30.8851]
						},
						"1.24": {
							"vector": [-81.40543, 7.61019, 27.46765]
						},
						"1.28": {
							"vector": [-81.43778, -23.26239, 19.83915]
						},
						"1.36": {
							"vector": [10.35479, -33.2289, 9.55488]
						},
						"1.44": {
							"vector": [11.25191, -3.4886, -0.42457]
						},
						"1.56": {
							"vector": [-30.90633, 61.89859, -32.39061]
						},
						"1.64": {
							"vector": [-24.45103, 36.24592, -24.92932]
						},
						"1.68": {
							"vector": [-15.15033, 8.09092, -5.66965]
						},
						"1.72": {
							"vector": [-16.08529, 8.30514, 4.46027]
						},
						"1.76": {
							"vector": [-16.49903, 11.76679, 16.39123]
						},
						"1.8": {
							"vector": [-21.43834, 40.93541, 8.01892]
						},
						"1.84": {
							"vector": [-17.27142, 44.01015, 19.84251]
						},
						"1.88": {
							"vector": [-9.70487, 20.77314, 32.41907]
						},
						"1.92": {
							"vector": [-49.1655, 58.38293, -19.22873]
						},
						"1.96": {
							"vector": [-44.58374, 24.97131, -15.72132]
						},
						"2.0": {
							"vector": [-38.92095, 15.69288, -7.25145]
						},
						"2.04": {
							"vector": [-35.49966, -13.03323, -4.00941]
						},
						"2.08": {
							"vector": [-31.69033, -33.719, -8.52841]
						},
						"2.12": {
							"vector": [-47.20167, -54.80033, 10.88855]
						},
						"2.16": {
							"vector": [-60.89431, -36.37654, 29.72876]
						},
						"2.2": {
							"vector": [-63.66296, -11.91709, 31.57934]
						},
						"2.24": {
							"vector": [-65.06473, 10.35851, 33.69939]
						},
						"2.28": {
							"vector": [-68.80699, 33.99007, 29.9885]
						},
						"2.32": {
							"vector": [-71.85299, 43.34361, 24.4629]
						},
						"2.36": {
							"vector": [-84.31666, 38.06134, 6.78264]
						},
						"2.4": {
							"vector": [-82.65551, 47.61766, 9.38549]
						},
						"2.44": {
							"vector": [-72.06132, 44.67524, 24.32728]
						},
						"2.52": {
							"vector": [9.8491, 28.48042, 20.00533]
						},
						"2.64": {
							"vector": [13.01057, 48.09888, 25.03093]
						},
						"2.76": {
							"vector": [-20.3958, 46.03449, -19.5357]
						},
						"2.84": {
							"vector": [-24.45103, 36.24592, -24.92932]
						},
						"2.88": {
							"vector": [-25.52599, 53.09706, -24.38714]
						},
						"2.92": {
							"vector": [-90.94647, -3.71331, 7.90552]
						},
						"2.96": {
							"vector": [-14.17286, 8.12593, 41.01586]
						},
						"3.0": {
							"vector": [-17.04882, 19.64781, 16.55996]
						},
						"3.04": {
							"vector": [-12.60398, -11.88347, 34.66859]
						},
						"3.08": {
							"vector": [-8.53356, -3.2533, 8.54977]
						},
						"3.12": {
							"vector": [-46.09758, 37.31317, -17.79392]
						},
						"3.16": {
							"vector": [-43.16014, 33.76641, -13.49399]
						},
						"3.2": {
							"vector": [-37.46326, -6.08112, 9.71035]
						},
						"3.24": {
							"vector": [-37.51696, 0.46692, 14.14387]
						},
						"3.28": {
							"vector": [-44.56918, -6.55039, 26.82632]
						},
						"3.32": {
							"vector": [-47.20167, -54.80033, 10.88855]
						},
						"3.4": {
							"vector": [-61.50085, -3.80758, 15.9098]
						}
					},
					"position": {
						"0.0": {
							"vector": [11, 0, 0]
						},
						"3.4": {
							"vector": [11, 0, 0]
						}
					}
				},
				"tendril6": {
					"rotation": {
						"0.0": {
							"vector": [9.8491, 28.48042, 20.00533]
						},
						"0.04": {
							"vector": [13.01057, 48.09888, 25.03093]
						},
						"0.08": {
							"vector": [-20.3958, 46.03449, -19.5357]
						},
						"0.12": {
							"vector": [-24.45103, 36.24592, -24.92932]
						},
						"0.16": {
							"vector": [-15.15033, 8.09092, -5.66965]
						},
						"0.2": {
							"vector": [-15.94647, -3.71331, 7.90552]
						},
						"0.24": {
							"vector": [-16.15461, 2.16808, 19.21999]
						},
						"0.28": {
							"vector": [-17.04882, 19.64781, 16.55996]
						},
						"0.32": {
							"vector": [-14.21084, 29.56154, 24.9108]
						},
						"0.36": {
							"vector": [-11.94978, 40.42779, 28.07531]
						},
						"0.4": {
							"vector": [-35.72329, 47.2088, -2.47495]
						},
						"0.44": {
							"vector": [-40.50729, 37.10334, -8.9219]
						},
						"0.48": {
							"vector": [-38.92095, 15.69288, -7.25145]
						},
						"0.52": {
							"vector": [-35.49966, -13.03323, -4.00941]
						},
						"0.56": {
							"vector": [-31.69033, -33.719, -8.52841]
						},
						"0.6": {
							"vector": [-47.20167, -54.80033, 10.88855]
						},
						"0.64": {
							"vector": [-60.89431, -36.37654, 29.72876]
						},
						"0.68": {
							"vector": [-50.57101, -23.66508, 2.27357]
						},
						"0.72": {
							"vector": [-65.06473, 10.35851, 33.69939]
						},
						"0.76": {
							"vector": [-68.80699, 33.99007, 29.9885]
						},
						"0.8": {
							"vector": [-71.85299, 43.34361, 24.4629]
						},
						"0.84": {
							"vector": [-84.31666, 38.06134, 6.78264]
						},
						"0.88": {
							"vector": [-82.65551, 47.61766, 9.38549]
						},
						"0.92": {
							"vector": [-72.06132, 44.67524, 24.32728]
						},
						"1.0": {
							"vector": [9.8491, 28.48042, 20.00533]
						},
						"1.12": {
							"vector": [13.01057, 48.09888, 25.03093]
						},
						"1.2": {
							"vector": [-20.3958, 46.03449, -19.5357]
						},
						"1.24": {
							"vector": [-24.45103, 36.24592, -24.92932]
						},
						"1.28": {
							"vector": [-15.15033, 8.09092, -5.66965]
						},
						"1.32": {
							"vector": [-15.94647, -3.71331, 7.90552]
						},
						"1.36": {
							"vector": [-16.15461, 2.16808, 19.21999]
						},
						"1.4": {
							"vector": [-17.04882, 19.64781, 16.55996]
						},
						"1.44": {
							"vector": [-14.21084, 29.56154, 24.9108]
						},
						"1.48": {
							"vector": [-11.94978, 40.42779, 28.07531]
						},
						"1.52": {
							"vector": [-35.72329, 47.2088, -2.47495]
						},
						"1.56": {
							"vector": [-40.50729, 37.10334, -8.9219]
						},
						"1.6": {
							"vector": [-34.07458, -29.87978, 1.79787]
						},
						"1.64": {
							"vector": [-35.49966, -13.03323, -4.00941]
						},
						"1.68": {
							"vector": [-31.69033, -33.719, -8.52841]
						},
						"1.72": {
							"vector": [-47.20167, -54.80033, 10.88855]
						},
						"1.76": {
							"vector": [-60.89431, -36.37654, 29.72876]
						},
						"1.8": {
							"vector": [-62.21677, -9.63642, -15.39111]
						},
						"1.84": {
							"vector": [-65.06473, 10.35851, 33.69939]
						},
						"1.88": {
							"vector": [-68.80699, 33.99007, 29.9885]
						},
						"1.92": {
							"vector": [-71.85299, 43.34361, 24.4629]
						},
						"1.96": {
							"vector": [-84.31666, 38.06134, 6.78264]
						},
						"2.0": {
							"vector": [-82.65551, 47.61766, 9.38549]
						},
						"2.04": {
							"vector": [-72.06132, 44.67524, 24.32728]
						},
						"2.12": {
							"vector": [9.8491, 28.48042, 20.00533]
						},
						"2.24": {
							"vector": [13.01057, 48.09888, 25.03093]
						},
						"2.32": {
							"vector": [-20.3958, 46.03449, -19.5357]
						},
						"2.36": {
							"vector": [-24.45103, 36.24592, -24.92932]
						},
						"2.4": {
							"vector": [-15.15033, 8.09092, -5.66965]
						},
						"2.44": {
							"vector": [-15.94647, -3.71331, 7.90552]
						},
						"2.48": {
							"vector": [-16.15461, 2.16808, 19.21999]
						},
						"2.52": {
							"vector": [-17.04882, 19.64781, 16.55996]
						},
						"2.56": {
							"vector": [-31.06748, 10.12951, -21.64403]
						},
						"2.64": {
							"vector": [-39.85135, 14.05468, -27.62805]
						},
						"2.76": {
							"vector": [-68.23316, -9.04344, -27.38239]
						},
						"2.8": {
							"vector": [-59.93196, -37.71638, -16.62774]
						},
						"2.84": {
							"vector": [-44.28847, -54.59469, -10.96056]
						},
						"2.88": {
							"vector": [-62.49876, -72.89197, -5.94719]
						},
						"2.92": {
							"vector": [-133.95675, -49.3563, 62.84457]
						},
						"2.96": {
							"vector": [-90.75957, -10.28447, 32.97608]
						},
						"3.0": {
							"vector": [-76.51877, 12.79269, 36.24198]
						},
						"3.04": {
							"vector": [-79.79845, 17.73081, 4.89643]
						},
						"3.12": {
							"vector": [-9.12879, 18.61638, -18.20921]
						},
						"3.4": {
							"vector": [9.8491, 28.48042, 20.00533]
						}
					},
					"position": {
						"0.0": {
							"vector": [11, 0, 0]
						},
						"3.4": {
							"vector": [11, 0, 0]
						}
					}
				},
				"tendril8": {
					"rotation": {
						"0.0": {
							"vector": [9.8491, 28.48042, 20.00533]
						},
						"0.04": {
							"vector": [13.01057, 48.09888, 25.03093]
						},
						"0.08": {
							"vector": [-20.3958, 46.03449, -19.5357]
						},
						"0.12": {
							"vector": [-24.45103, 36.24592, -24.92932]
						},
						"0.16": {
							"vector": [-15.15033, 8.09092, -5.66965]
						},
						"0.2": {
							"vector": [-15.94647, -3.71331, 7.90552]
						},
						"0.24": {
							"vector": [-16.15461, 2.16808, 19.21999]
						},
						"0.28": {
							"vector": [-17.04882, 19.64781, 16.55996]
						},
						"0.32": {
							"vector": [-14.21084, 29.56154, 24.9108]
						},
						"0.36": {
							"vector": [-11.94978, 40.42779, 28.07531]
						},
						"0.4": {
							"vector": [-35.72329, 47.2088, -2.47495]
						},
						"0.44": {
							"vector": [-40.50729, 37.10334, -8.9219]
						},
						"0.48": {
							"vector": [-38.92095, 15.69288, -7.25145]
						},
						"0.52": {
							"vector": [-35.49966, -13.03323, -4.00941]
						},
						"0.56": {
							"vector": [-31.69033, -33.719, -8.52841]
						},
						"0.6": {
							"vector": [-47.20167, -54.80033, 10.88855]
						},
						"0.64": {
							"vector": [-60.89431, -36.37654, 29.72876]
						},
						"0.68": {
							"vector": [-50.57101, -23.66508, 2.27357]
						},
						"0.72": {
							"vector": [-65.06473, 10.35851, 33.69939]
						},
						"0.76": {
							"vector": [-68.80699, 33.99007, 29.9885]
						},
						"0.8": {
							"vector": [-71.85299, 43.34361, 24.4629]
						},
						"0.84": {
							"vector": [-84.31666, 38.06134, 6.78264]
						},
						"0.88": {
							"vector": [-82.65551, 47.61766, 9.38549]
						},
						"0.92": {
							"vector": [-72.06132, 44.67524, 24.32728]
						},
						"1.0": {
							"vector": [9.8491, 28.48042, 20.00533]
						},
						"1.12": {
							"vector": [13.01057, 48.09888, 25.03093]
						},
						"1.2": {
							"vector": [20.72597, 45.91479, 35.56352]
						},
						"1.24": {
							"vector": [11.79663, 41.40983, 30.15576]
						},
						"1.28": {
							"vector": [-15.15033, 8.09092, -5.66965]
						},
						"1.32": {
							"vector": [-15.94647, -3.71331, 7.90552]
						},
						"1.36": {
							"vector": [-16.15461, 2.16808, 19.21999]
						},
						"1.4": {
							"vector": [-17.04882, 19.64781, 16.55996]
						},
						"1.44": {
							"vector": [-14.21084, 29.56154, 24.9108]
						},
						"1.48": {
							"vector": [-11.94978, 40.42779, 28.07531]
						},
						"1.52": {
							"vector": [-35.72329, 47.2088, -2.47495]
						},
						"1.56": {
							"vector": [-40.50729, 37.10334, -8.9219]
						},
						"1.6": {
							"vector": [-34.07458, -29.87978, 1.79787]
						},
						"1.64": {
							"vector": [-35.49966, -13.03323, -4.00941]
						},
						"1.68": {
							"vector": [-31.69033, -33.719, -8.52841]
						},
						"1.72": {
							"vector": [-47.20167, -54.80033, 10.88855]
						},
						"1.76": {
							"vector": [-60.89431, -36.37654, 29.72876]
						},
						"1.8": {
							"vector": [-62.21677, -9.63642, -15.39111]
						},
						"1.84": {
							"vector": [-65.06473, 10.35851, 33.69939]
						},
						"1.88": {
							"vector": [-68.80699, 33.99007, 29.9885]
						},
						"1.92": {
							"vector": [-71.85299, 43.34361, 24.4629]
						},
						"1.96": {
							"vector": [-84.31666, 38.06134, 6.78264]
						},
						"2.0": {
							"vector": [-82.65551, 47.61766, 9.38549]
						},
						"2.04": {
							"vector": [-72.06132, 44.67524, 24.32728]
						},
						"2.12": {
							"vector": [9.8491, 28.48042, 20.00533]
						},
						"2.24": {
							"vector": [13.01057, 48.09888, 25.03093]
						},
						"2.32": {
							"vector": [-20.3958, 46.03449, -19.5357]
						},
						"2.36": {
							"vector": [-24.45103, 36.24592, -24.92932]
						},
						"2.4": {
							"vector": [-15.15033, 8.09092, -5.66965]
						},
						"2.44": {
							"vector": [-15.94647, -3.71331, 7.90552]
						},
						"2.48": {
							"vector": [-16.15461, 2.16808, 19.21999]
						},
						"2.52": {
							"vector": [-17.04882, 19.64781, 16.55996]
						},
						"2.56": {
							"vector": [-31.06748, 10.12951, -21.64403]
						},
						"2.64": {
							"vector": [-39.85135, 14.05468, -27.62805]
						},
						"2.68": {
							"vector": [-41.64202, 29.88579, -3.71689]
						},
						"2.72": {
							"vector": [-54.52458, -8.68577, 10.86708]
						},
						"2.76": {
							"vector": [-66.61853, -2.28003, -43.61197]
						},
						"2.8": {
							"vector": [-65.55976, 16.67859, 10.30596]
						},
						"2.84": {
							"vector": [-63.03227, 23.86282, 40.55203]
						},
						"2.88": {
							"vector": [-79.8914, -39.28965, 14.06471]
						},
						"2.92": {
							"vector": [-133.95675, -49.3563, 62.84457]
						},
						"2.96": {
							"vector": [-90.75957, -10.28447, 32.97608]
						},
						"3.0": {
							"vector": [-76.51877, 12.79269, 36.24198]
						},
						"3.04": {
							"vector": [-79.79845, 17.73081, 4.89643]
						},
						"3.12": {
							"vector": [-9.12879, 18.61638, -18.20921]
						},
						"3.4": {
							"vector": [9.8491, 28.48042, 20.00533]
						}
					},
					"position": {
						"0.0": {
							"vector": [-11, 0, 0]
						},
						"3.4": {
							"vector": [-11, 0, 0]
						}
					}
				},
				"tendril9": {
					"rotation": {
						"0.0": {
							"vector": [8.6497, 1.32323, 15.47396]
						},
						"0.04": {
							"vector": [-16.40424, -31.0531, 4.08138]
						},
						"0.08": {
							"vector": [-19.53735, -3.44398, -8.66057]
						},
						"0.12": {
							"vector": [-19.71452, -39.91052, 9.4604]
						},
						"0.16": {
							"vector": [-27.79189, -32.8788, 40.56914]
						},
						"0.2": {
							"vector": [-16.15461, 2.16808, 19.21999]
						},
						"0.24": {
							"vector": [-23.96257, 9.83143, -10.05784]
						},
						"0.28": {
							"vector": [-12.36933, -4.56037, 33.03127]
						},
						"0.32": {
							"vector": [-15.17515, -52.97886, 48.109]
						},
						"0.36": {
							"vector": [9.82065, -40.019, 29.38138]
						},
						"0.4": {
							"vector": [-48.53844, -46.26866, 57.62069]
						},
						"0.44": {
							"vector": [-83.64089, -52.51351, 87.07445]
						},
						"0.48": {
							"vector": [-52.60816, -44.59655, 29.42279]
						},
						"0.52": {
							"vector": [-42.54813, -39.21016, 8.25942]
						},
						"0.56": {
							"vector": [-47.20167, -54.80033, 10.88855]
						},
						"0.6": {
							"vector": [-60.89431, -36.37654, 29.72876]
						},
						"0.64": {
							"vector": [-63.66296, -11.91709, 31.57934]
						},
						"0.68": {
							"vector": [-65.06473, 10.35851, 33.69939]
						},
						"0.72": {
							"vector": [-68.80699, 33.99007, 29.9885]
						},
						"0.76": {
							"vector": [-71.85299, 43.34361, 24.4629]
						},
						"0.8": {
							"vector": [-84.31666, 38.06134, 6.78264]
						},
						"0.84": {
							"vector": [-82.65551, 47.61766, 9.38549]
						},
						"0.88": {
							"vector": [-72.06132, 44.67524, 24.32728]
						},
						"0.96": {
							"vector": [9.8491, 28.48042, 20.00533]
						},
						"1.08": {
							"vector": [13.01057, 48.09888, 25.03093]
						},
						"1.16": {
							"vector": [-20.3958, 46.03449, -19.5357]
						},
						"1.2": {
							"vector": [0.50976, 42.7615, 13.38306]
						},
						"1.24": {
							"vector": [-36.01613, 63.89337, -36.62394]
						},
						"1.28": {
							"vector": [-15.94647, -3.71331, 7.90552]
						},
						"1.32": {
							"vector": [-16.15461, 2.16808, 19.21999]
						},
						"1.36": {
							"vector": [-17.04882, 19.64781, 16.55996]
						},
						"1.4": {
							"vector": [-14.21084, 29.56154, 24.9108]
						},
						"1.44": {
							"vector": [-11.94978, 40.42779, 28.07531]
						},
						"1.48": {
							"vector": [-35.72329, 47.2088, -2.47495]
						},
						"1.52": {
							"vector": [-40.50729, 37.10334, -8.9219]
						},
						"1.56": {
							"vector": [-38.92095, 15.69288, -7.25145]
						},
						"1.6": {
							"vector": [-35.49966, -13.03323, -4.00941]
						},
						"1.64": {
							"vector": [-31.69033, -33.719, -8.52841]
						},
						"1.68": {
							"vector": [-47.20167, -54.80033, 10.88855]
						},
						"1.72": {
							"vector": [-60.89431, -36.37654, 29.72876]
						},
						"1.76": {
							"vector": [-63.66296, -11.91709, 31.57934]
						},
						"1.8": {
							"vector": [-65.06473, 10.35851, 33.69939]
						},
						"1.84": {
							"vector": [-68.80699, 33.99007, 29.9885]
						},
						"1.88": {
							"vector": [-71.85299, 43.34361, 24.4629]
						},
						"1.92": {
							"vector": [-84.31666, 38.06134, 6.78264]
						},
						"1.96": {
							"vector": [-82.65551, 47.61766, 9.38549]
						},
						"2.0": {
							"vector": [-72.06132, 44.67524, 24.32728]
						},
						"2.08": {
							"vector": [9.8491, 28.48042, 20.00533]
						},
						"2.2": {
							"vector": [13.01057, 48.09888, 25.03093]
						},
						"2.28": {
							"vector": [-20.3958, 46.03449, -19.5357]
						},
						"2.32": {
							"vector": [-24.45103, 36.24592, -24.92932]
						},
						"2.36": {
							"vector": [-15.15033, 8.09092, -5.66965]
						},
						"2.4": {
							"vector": [-15.94647, -3.71331, 7.90552]
						},
						"2.44": {
							"vector": [-16.15461, 2.16808, 19.21999]
						},
						"2.48": {
							"vector": [-17.04882, 19.64781, 16.55996]
						},
						"2.52": {
							"vector": [-14.21084, 29.56154, 24.9108]
						},
						"2.56": {
							"vector": [-11.94978, 40.42779, 28.07531]
						},
						"2.6": {
							"vector": [-35.72329, 47.2088, -2.47495]
						},
						"2.64": {
							"vector": [-40.50729, 37.10334, -8.9219]
						},
						"2.68": {
							"vector": [-38.92095, 15.69288, -7.25145]
						},
						"2.72": {
							"vector": [-35.49966, -13.03323, -4.00941]
						},
						"2.76": {
							"vector": [-31.69033, -33.719, -8.52841]
						},
						"2.8": {
							"vector": [-47.20167, -54.80033, 10.88855]
						},
						"2.84": {
							"vector": [-60.89431, -36.37654, 29.72876]
						},
						"2.88": {
							"vector": [-63.66296, -11.91709, 31.57934]
						},
						"2.92": {
							"vector": [-65.06473, 10.35851, 33.69939]
						},
						"2.96": {
							"vector": [-68.80699, 33.99007, 29.9885]
						},
						"3.0": {
							"vector": [-71.85299, 43.34361, 24.4629]
						},
						"3.04": {
							"vector": [-84.31666, 38.06134, 6.78264]
						},
						"3.08": {
							"vector": [-82.65551, 47.61766, 9.38549]
						},
						"3.12": {
							"vector": [-72.06132, 44.67524, 24.32728]
						},
						"3.2": {
							"vector": [9.8491, 28.48042, 20.00533]
						},
						"3.36": {
							"vector": [9.8491, 28.48042, 20.00533]
						},
						"3.4": {
							"vector": [8.6497, 1.32323, 15.47396]
						}
					},
					"position": {
						"0.0": {
							"vector": [-11, 0, 0]
						},
						"3.4": {
							"vector": [-11, 0, 0]
						}
					}
				},
				"tendril11": {
					"rotation": {
						"0.0": {
							"vector": [8.6497, 1.32323, 15.47396]
						},
						"0.04": {
							"vector": [-16.40424, -31.0531, 4.08138]
						},
						"0.08": {
							"vector": [-19.53735, -3.44398, -8.66057]
						},
						"0.12": {
							"vector": [-19.71452, -39.91052, 9.4604]
						},
						"0.16": {
							"vector": [-27.79189, -32.8788, 40.56914]
						},
						"0.2": {
							"vector": [-16.15461, 2.16808, 19.21999]
						},
						"0.24": {
							"vector": [-23.96257, 9.83143, -10.05784]
						},
						"0.28": {
							"vector": [-12.36933, -4.56037, 33.03127]
						},
						"0.32": {
							"vector": [-15.17515, -52.97886, 48.109]
						},
						"0.36": {
							"vector": [9.82065, -40.019, 29.38138]
						},
						"0.4": {
							"vector": [-48.53844, -46.26866, 57.62069]
						},
						"0.44": {
							"vector": [-83.64089, -52.51351, 87.07445]
						},
						"0.48": {
							"vector": [-52.60816, -44.59655, 29.42279]
						},
						"0.52": {
							"vector": [-42.54813, -39.21016, 8.25942]
						},
						"0.56": {
							"vector": [-47.20167, -54.80033, 10.88855]
						},
						"0.6": {
							"vector": [-60.89431, -36.37654, 29.72876]
						},
						"0.64": {
							"vector": [-63.66296, -11.91709, 31.57934]
						},
						"0.68": {
							"vector": [-65.06473, 10.35851, 33.69939]
						},
						"0.72": {
							"vector": [-68.80699, 33.99007, 29.9885]
						},
						"0.76": {
							"vector": [-71.85299, 43.34361, 24.4629]
						},
						"0.8": {
							"vector": [-84.31666, 38.06134, 6.78264]
						},
						"0.84": {
							"vector": [-82.65551, 47.61766, 9.38549]
						},
						"0.88": {
							"vector": [-72.06132, 44.67524, 24.32728]
						},
						"0.96": {
							"vector": [9.8491, 28.48042, 20.00533]
						},
						"1.08": {
							"vector": [13.01057, 48.09888, 25.03093]
						},
						"1.16": {
							"vector": [-20.3958, 46.03449, -19.5357]
						},
						"1.2": {
							"vector": [-24.45103, 36.24592, -24.92932]
						},
						"1.24": {
							"vector": [-15.15033, 8.09092, -5.66965]
						},
						"1.28": {
							"vector": [-15.94647, -3.71331, 7.90552]
						},
						"1.32": {
							"vector": [-16.15461, 2.16808, 19.21999]
						},
						"1.36": {
							"vector": [-17.04882, 19.64781, 16.55996]
						},
						"1.4": {
							"vector": [-14.21084, 29.56154, 24.9108]
						},
						"1.44": {
							"vector": [-11.94978, 40.42779, 28.07531]
						},
						"1.48": {
							"vector": [-35.72329, 47.2088, -2.47495]
						},
						"1.52": {
							"vector": [-40.50729, 37.10334, -8.9219]
						},
						"1.56": {
							"vector": [-38.92095, 15.69288, -7.25145]
						},
						"1.6": {
							"vector": [-35.49966, -13.03323, -4.00941]
						},
						"1.64": {
							"vector": [-31.69033, -33.719, -8.52841]
						},
						"1.68": {
							"vector": [-47.20167, -54.80033, 10.88855]
						},
						"1.72": {
							"vector": [-60.89431, -36.37654, 29.72876]
						},
						"1.76": {
							"vector": [-63.66296, -11.91709, 31.57934]
						},
						"1.8": {
							"vector": [-65.06473, 10.35851, 33.69939]
						},
						"1.84": {
							"vector": [-68.80699, 33.99007, 29.9885]
						},
						"1.88": {
							"vector": [-71.85299, 43.34361, 24.4629]
						},
						"1.92": {
							"vector": [-84.31666, 38.06134, 6.78264]
						},
						"1.96": {
							"vector": [-82.65551, 47.61766, 9.38549]
						},
						"2.0": {
							"vector": [-72.06132, 44.67524, 24.32728]
						},
						"2.08": {
							"vector": [9.8491, 28.48042, 20.00533]
						},
						"2.2": {
							"vector": [13.01057, 48.09888, 25.03093]
						},
						"2.28": {
							"vector": [-20.3958, 46.03449, -19.5357]
						},
						"2.32": {
							"vector": [-24.45103, 36.24592, -24.92932]
						},
						"2.36": {
							"vector": [-15.15033, 8.09092, -5.66965]
						},
						"2.4": {
							"vector": [-15.94647, -3.71331, 7.90552]
						},
						"2.44": {
							"vector": [-16.15461, 2.16808, 19.21999]
						},
						"2.48": {
							"vector": [-17.04882, 19.64781, 16.55996]
						},
						"2.52": {
							"vector": [-14.21084, 29.56154, 24.9108]
						},
						"2.56": {
							"vector": [-11.94978, 40.42779, 28.07531]
						},
						"2.6": {
							"vector": [-35.72329, 47.2088, -2.47495]
						},
						"2.64": {
							"vector": [-40.50729, 37.10334, -8.9219]
						},
						"2.68": {
							"vector": [-38.92095, 15.69288, -7.25145]
						},
						"2.72": {
							"vector": [-35.49966, -13.03323, -4.00941]
						},
						"2.76": {
							"vector": [-31.69033, -33.719, -8.52841]
						},
						"2.8": {
							"vector": [-47.20167, -54.80033, 10.88855]
						},
						"2.84": {
							"vector": [-60.89431, -36.37654, 29.72876]
						},
						"2.88": {
							"vector": [-63.66296, -11.91709, 31.57934]
						},
						"2.92": {
							"vector": [-65.06473, 10.35851, 33.69939]
						},
						"2.96": {
							"vector": [-68.80699, 33.99007, 29.9885]
						},
						"3.0": {
							"vector": [-71.85299, 43.34361, 24.4629]
						},
						"3.04": {
							"vector": [-84.31666, 38.06134, 6.78264]
						},
						"3.08": {
							"vector": [-82.65551, 47.61766, 9.38549]
						},
						"3.12": {
							"vector": [-72.06132, 44.67524, 24.32728]
						},
						"3.2": {
							"vector": [9.8491, 28.48042, 20.00533]
						},
						"3.36": {
							"vector": [9.8491, 28.48042, 20.00533]
						},
						"3.4": {
							"vector": [8.6497, 1.32323, 15.47396]
						}
					},
					"position": {
						"0.0": {
							"vector": [-12, 0, 0]
						},
						"3.4": {
							"vector": [-12, 0, 0]
						}
					}
				},
				"tendril12": {
					"rotation": {
						"0.0": {
							"vector": [-3.48303, -24.77164, -14.23489]
						},
						"0.08": {
							"vector": [8.55943, -24.72758, -24.90327]
						},
						"0.12": {
							"vector": [1.38357, -16.91434, 10.68233]
						},
						"0.16": {
							"vector": [13.93624, -25.41763, -10.57356]
						},
						"0.2": {
							"vector": [5.07072, -16.6339, 32.10125]
						},
						"0.24": {
							"vector": [6.93002, -15.10097, 5.91376]
						},
						"0.28": {
							"vector": [5.67911, -34.56802, 14.35413]
						},
						"0.32": {
							"vector": [40.4473, -50.52385, -24.07664]
						},
						"0.36": {
							"vector": [25.21235, -43.80043, -11.41782]
						},
						"0.44": {
							"vector": [-2.92512, -25.83178, -28.63326]
						},
						"0.48": {
							"vector": [-0.8605, -19.17777, -39.82312]
						},
						"0.52": {
							"vector": [-18.8256, 24.1251, -39.97638]
						},
						"0.56": {
							"vector": [-19.19609, 21.11489, -5.11539]
						},
						"0.6": {
							"vector": [-21.60219, 29.11035, 4.4796]
						},
						"0.64": {
							"vector": [-24.25721, 36.6891, 3.35206]
						},
						"0.68": {
							"vector": [-23.76412, 41.37389, 10.28159]
						},
						"0.72": {
							"vector": [-16.44394, 25.25377, 17.37048]
						},
						"0.76": {
							"vector": [-22.78099, -5.38133, 11.31493]
						},
						"0.8": {
							"vector": [-12.95658, -53.75185, 8.98729]
						},
						"0.84": {
							"vector": [-19.67154, -67.43778, 27.1849]
						},
						"0.88": {
							"vector": [-256.69853, -86.873, 244.06346]
						},
						"0.92": {
							"vector": [27.81366, -52.54679, -53.26199]
						},
						"0.96": {
							"vector": [-17.87213, -55.0443, -19.97703]
						},
						"1.0": {
							"vector": [-38.0785, -42.01846, -1.64961]
						},
						"1.04": {
							"vector": [-59.81174, -17.8876, 5.00457]
						},
						"1.08": {
							"vector": [-65.08704, -10.09239, 24.26764]
						},
						"1.12": {
							"vector": [-72.54317, 1.45412, 7.73183]
						},
						"1.16": {
							"vector": [-102.0105, 45.04558, -17.79514]
						},
						"1.2": {
							"vector": [-70.06701, 33.54949, 30.8851]
						},
						"1.24": {
							"vector": [-81.40543, 7.61019, 27.46765]
						},
						"1.28": {
							"vector": [-81.43778, -23.26239, 19.83915]
						},
						"1.36": {
							"vector": [10.35479, -33.2289, 9.55488]
						},
						"1.44": {
							"vector": [11.25191, -3.4886, -0.42457]
						},
						"1.56": {
							"vector": [-30.90633, 61.89859, -32.39061]
						},
						"1.64": {
							"vector": [-24.45103, 36.24592, -24.92932]
						},
						"1.68": {
							"vector": [-15.15033, 8.09092, -5.66965]
						},
						"1.72": {
							"vector": [-16.08529, 8.30514, 4.46027]
						},
						"1.76": {
							"vector": [-16.49903, 11.76679, 16.39123]
						},
						"1.8": {
							"vector": [-21.43834, 40.93541, 8.01892]
						},
						"1.84": {
							"vector": [-25.58031, 60.35997, 9.4421]
						},
						"1.88": {
							"vector": [-33.50472, 73.40942, 3.49728]
						},
						"1.92": {
							"vector": [-49.1655, 58.38293, -19.22873]
						},
						"1.96": {
							"vector": [-44.58374, 24.97131, -15.72132]
						},
						"2.0": {
							"vector": [-38.92095, 15.69288, -7.25145]
						},
						"2.04": {
							"vector": [-35.49966, -13.03323, -4.00941]
						},
						"2.08": {
							"vector": [-31.69033, -33.719, -8.52841]
						},
						"2.12": {
							"vector": [-47.20167, -54.80033, 10.88855]
						},
						"2.16": {
							"vector": [-60.89431, -36.37654, 29.72876]
						},
						"2.2": {
							"vector": [-63.66296, -11.91709, 31.57934]
						},
						"2.24": {
							"vector": [-65.06473, 10.35851, 33.69939]
						},
						"2.28": {
							"vector": [-68.80699, 33.99007, 29.9885]
						},
						"2.32": {
							"vector": [-71.85299, 43.34361, 24.4629]
						},
						"2.36": {
							"vector": [-84.31666, 38.06134, 6.78264]
						},
						"2.4": {
							"vector": [-82.65551, 47.61766, 9.38549]
						},
						"2.44": {
							"vector": [-72.06132, 44.67524, 24.32728]
						},
						"2.52": {
							"vector": [9.8491, 28.48042, 20.00533]
						},
						"2.64": {
							"vector": [13.01057, 48.09888, 25.03093]
						},
						"2.76": {
							"vector": [-20.3958, 46.03449, -19.5357]
						},
						"2.84": {
							"vector": [-24.45103, 36.24592, -24.92932]
						},
						"2.88": {
							"vector": [-15.15033, 8.09092, -5.66965]
						},
						"2.92": {
							"vector": [-15.94647, -3.71331, 7.90552]
						},
						"2.96": {
							"vector": [-16.15461, 2.16808, 19.21999]
						},
						"3.0": {
							"vector": [-17.04882, 19.64781, 16.55996]
						},
						"3.04": {
							"vector": [-14.21084, 29.56154, 24.9108]
						},
						"3.08": {
							"vector": [-11.94978, 40.42779, 28.07531]
						},
						"3.12": {
							"vector": [-35.72329, 47.2088, -2.47495]
						},
						"3.16": {
							"vector": [-40.50729, 37.10334, -8.9219]
						},
						"3.2": {
							"vector": [-38.92095, 15.69288, -7.25145]
						},
						"3.24": {
							"vector": [-35.49966, -13.03323, -4.00941]
						},
						"3.28": {
							"vector": [-31.69033, -33.719, -8.52841]
						},
						"3.32": {
							"vector": [-47.20167, -54.80033, 10.88855]
						},
						"3.4": {
							"vector": [-3.48303, -24.77164, -14.23489]
						}
					},
					"position": {
						"0.0": {
							"vector": [-12, 0, 0]
						},
						"3.4": {
							"vector": [-12, 0, 0]
						}
					}
				}
			}
		},
		"4": {
			"animation_length": 0.72,
			"bones": {
				"body1": {
					"rotation": {
						"0.0": {
							"vector": [0, 0, 0]
						},
						"0.12": {
							"vector": [7.5, 0, 0]
						},
						"0.24": {
							"vector": [0, 0, 5]
						},
						"0.32": {
							"vector": [-15, 0, -1.66667]
						},
						"0.44": {
							"vector": [0, 0, -5]
						},
						"0.56": {
							"vector": [0, 0, 0]
						}
					},
					"position": {
						"0.0": {
							"vector": [0, -2, 0]
						},
						"0.12": {
							"vector": [0, -3, 0]
						},
						"0.56": {
							"vector": [0, 0, 0]
						}
					}
				},
				"tendril1": {
					"position": {
						"vector": [-1, 0, 0]
					},
					"scale": {
						"vector": [0, 1, 1]
					}
				},
				"tendril4": {
					"position": {
						"vector": [-1, 0, 0]
					},
					"scale": {
						"vector": [0, 1, 1]
					}
				},
				"tendril7": {
					"position": {
						"vector": [1, 0, 0]
					},
					"scale": {
						"vector": [0, 1, 1]
					}
				},
				"tendril10": {
					"position": {
						"vector": [1, 0, 0]
					},
					"scale": {
						"vector": [0, 1, 1]
					}
				},
				"head1": {
					"rotation": {
						"0.0": {
							"vector": [0, 0, 0]
						},
						"0.08": {
							"vector": [11.72352, 2.5792, -12.23516]
						},
						"0.2": {
							"vector": [13.91403, -7.52076, -21.26765]
						},
						"0.32": {
							"vector": [-4.71975, 3.40487, 9.40804]
						},
						"0.4": {
							"vector": [-7.4299, 1.70818, 4.69986]
						},
						"0.48": {
							"vector": [-18.20478, 17.07093, -13.3108]
						},
						"0.6": {
							"vector": [1.2289, 15.6327, -5.52917]
						},
						"0.72": {
							"vector": [0, 0, 0]
						}
					},
					"position": {
						"0.0": {
							"vector": [0, 0, 0]
						},
						"0.08": {
							"vector": [0, -1, 0]
						},
						"0.2": {
							"vector": [0, 1, 0]
						}
					}
				}
			}
		}
	},
	"geckolib_format_version": 2
}