{
	"format_version": "1.8.0",
	"animations": {
		"gorespawn_walk": {
			"loop": true,
			"animation_length": 1.12,
			"bones": {
				"Head_1": {
					"rotation": {
						"0.0": {
							"vector": [0, 0, -2.5]
						},
						"0.8": {
							"vector": [0, 0, 2.5]
						},
						"1.12": {
							"vector": [0, 0, -2.5]
						}
					}
				},
				"Arm_Left_1": {
					"rotation": {
						"0.0": {
							"vector": [-92.5, 0, 0]
						},
						"0.6": {
							"vector": [-87.5, 0, 0]
						},
						"1.12": {
							"vector": [-92.5, 0, 0]
						}
					}
				},
				"Arm_Right_1": {
					"rotation": {
						"0.0": {
							"vector": [-87.5, 0, 0]
						},
						"0.6": {
							"vector": [-95, 0, 0]
						},
						"1.12": {
							"vector": [-87.5, 0, 0]
						}
					}
				},
				"Leg_Left_1": {
					"rotation": {
						"0.0": {
							"vector": [22.5, 0, 0]
						},
						"0.56": {
							"vector": [-22.5, 0, 0]
						},
						"1.12": {
							"vector": [22.5, 0, 0]
						}
					}
				},
				"Leg_Right_1": {
					"rotation": {
						"0.0": {
							"vector": [-22.5, 0, 0]
						},
						"0.56": {
							"vector": [22.5, 0, 0]
						},
						"1.12": {
							"vector": [-22.5, 0, 0]
						}
					}
				}
			}
		},
		"gorespawn_idle": {
			"loop": true,
			"animation_length": 2.4,
			"bones": {
				"Head_1": {
					"rotation": {
						"0.0": {
							"vector": [-2.5, 0, 0]
						},
						"1.52": {
							"vector": [2.5, 0, 0]
						},
						"2.4": {
							"vector": [-2.5, 0, 0]
						}
					}
				},
				"Arm_Left_1": {
					"rotation": {
						"0.0": {
							"vector": [-85.94, 0, 0]
						},
						"1.0": {
							"vector": [-80, 0, 0]
						},
						"2.4": {
							"vector": [-85.94, 0, 0]
						}
					}
				},
				"Arm_Right_1": {
					"rotation": {
						"0.0": {
							"vector": [-80, 0, 0]
						},
						"1.28": {
							"vector": [-90, 0, 0]
						},
						"2.4": {
							"vector": [-80, 0, 0]
						}
					}
				}
			}
		},
		"gorespawn_attack": {
			"animation_length": 0.32,
			"bones": {
				"Arm_Left_1": {
					"rotation": {
						"0.0": {
							"vector": [-112.5, 0, 0]
						},
						"0.28": {
							"vector": [-77.5, 0, 0]
						}
					}
				},
				"Arm_Right_1": {
					"rotation": {
						"0.0": {
							"vector": [-112.5, 0, 0]
						},
						"0.28": {
							"vector": [-67.5, 0, 0]
						}
					}
				}
			}
		}
	},
	"geckolib_format_version": 2
}