{
	"format_version": "1.8.0",
	"animations": {
		"animation.incarnation.attack": {
			"animation_length": 0.32,
			"bones": {
				"armleft1": {
					"rotation": {
						"0.0": {
							"post": {
								"vector": [-60.66644, -24.92219, 12.68499]
							},
							"lerp_mode": "catmullrom"
						},
						"0.32": {
							"post": {
								"vector": [0, 0, 0]
							},
							"lerp_mode": "catmullrom"
						}
					}
				},
				"armleft2": {
					"rotation": {
						"0.0": {
							"post": {
								"vector": [0, -27.5, 0]
							},
							"lerp_mode": "catmullrom"
						},
						"0.2": {
							"post": {
								"vector": [-10, 17.5, 0]
							},
							"lerp_mode": "catmullrom"
						}
					}
				},
				"armleft3": {
					"rotation": {
						"0.0": {
							"post": {
								"vector": [8.26511, 24.77164, 3.48303]
							},
							"lerp_mode": "catmullrom"
						},
						"0.2": {
							"post": {
								"vector": [0, 17.5, 0]
							},
							"lerp_mode": "catmullrom"
						}
					}
				},
				"armright1": {
					"rotation": {
						"0.0": {
							"post": {
								"vector": [-65.01548, 20.39159, -9.87719]
							},
							"lerp_mode": "catmullrom"
						},
						"0.32": {
							"post": {
								"vector": [0, 0, 0]
							},
							"lerp_mode": "catmullrom"
						}
					}
				},
				"armright2": {
					"rotation": {
						"0.0": {
							"post": {
								"vector": [0, -25, 0]
							},
							"lerp_mode": "catmullrom"
						},
						"0.2": {
							"post": {
								"vector": [0, -42.5, 0]
							},
							"lerp_mode": "catmullrom"
						}
					}
				},
				"armright3": {
					"rotation": {
						"0.0": {
							"post": {
								"vector": [22.5, 20, 0]
							},
							"lerp_mode": "catmullrom"
						},
						"0.2": {
							"post": {
								"vector": [12.92638, -14.63639, -3.31914]
							},
							"lerp_mode": "catmullrom"
						}
					}
				},
				"head1": {
					"rotation": {
						"0.0": {
							"post": {
								"vector": [-20, 0, 0]
							},
							"lerp_mode": "catmullrom"
						},
						"0.12": {
							"post": {
								"vector": [5, 0, 0]
							},
							"lerp_mode": "catmullrom"
						}
					}
				},
				"head2": {
					"rotation": {
						"0.0": {
							"post": {
								"vector": [-20, 0, 0]
							},
							"lerp_mode": "catmullrom"
						},
						"0.12": {
							"post": {
								"vector": [2.5, 0, 0]
							},
							"lerp_mode": "catmullrom"
						}
					}
				}
			}
		},
		"animation.incarnation.idle": {
			"loop": true,
			"animation_length": 2.76,
			"bones": {
				"body_main1": {
					"position": {
						"0.0": {
							"vector": [0, 5, 0]
						},
						"1.32": {
							"vector": [0, 1.04, 0]
						},
						"2.76": {
							"vector": [0, 5, 0]
						}
					}
				},
				"leg1": {
					"rotation": {
						"0.0": {
							"vector": [-10.02978, 8.68575, 6.08441]
						},
						"1.56": {
							"vector": [-9.26886, -11.64295, -8.02006]
						},
						"2.76": {
							"vector": [-10.02978, 8.68575, 6.08441]
						}
					}
				},
				"leg2": {
					"rotation": {
						"0.0": {
							"vector": [-12.5, 0, 0]
						},
						"0.56": {
							"vector": [-10.43957, 12.29943, -2.24763]
						},
						"1.32": {
							"vector": [0, 0, 0]
						},
						"1.68": {
							"vector": [-1.63777, -9.996, 0.28436]
						},
						"2.76": {
							"vector": [-12.5, 0, 0]
						}
					}
				},
				"leg3": {
					"rotation": {
						"0.0": {
							"vector": [10, 0, 0]
						},
						"0.44": {
							"vector": [9.68655, 2.43922, -13.99515]
						},
						"1.88": {
							"vector": [9.76758, -2.15393, 12.31594]
						},
						"2.76": {
							"vector": [10, 0, 0]
						}
					}
				},
				"body1": {
					"rotation": {
						"0.0": {
							"vector": [7.5, 0, 0]
						},
						"0.32": {
							"vector": [5.28, 0, 0]
						},
						"1.8": {
							"vector": [-5, 0, 0]
						},
						"2.76": {
							"vector": [7.5, 0, 0]
						}
					}
				},
				"armleft1": {
					"rotation": {
						"0.0": {
							"vector": [17.5, 0, 0]
						},
						"0.84": {
							"vector": [5, 0, 0]
						},
						"1.64": {
							"vector": [20, 0, 0]
						},
						"2.76": {
							"vector": [17.5, 0, 0]
						}
					}
				},
				"armright1": {
					"rotation": {
						"0.0": {
							"vector": [0, 17.5, 0]
						},
						"0.64": {
							"vector": [-12.5, 17.5, 0]
						},
						"1.96": {
							"vector": [2.5, 17.5, 0]
						},
						"2.76": {
							"vector": [0, 17.5, 0]
						}
					}
				},
				"neck1": {
					"rotation": {
						"0.0": {
							"vector": [0, 0, -5]
						},
						"1.0": {
							"vector": [0, 0, 5]
						},
						"2.76": {
							"vector": [0, 0, -5]
						}
					}
				},
				"headmain1": {
					"rotation": {
						"0.0": {
							"vector": [0, 0, 0]
						},
						"0.96": {
							"vector": [22.36, 0, 0]
						},
						"1.48": {
							"vector": [15, 0, 0]
						},
						"2.44": {
							"vector": [-6.25, 0, 0]
						},
						"2.76": {
							"vector": [0, 0, 0]
						}
					}
				}
			}
		},
		"animation.incarnation.walk": {
			"loop": true,
			"animation_length": 1.52,
			"bones": {
				"leg1": {
					"rotation": {
						"0.0": {
							"vector": [0, 12.5, 15]
						},
						"0.76": {
							"vector": [-3.12516, -26.53922, -15.44947]
						},
						"1.52": {
							"vector": [0, 12.5, 15]
						}
					}
				},
				"leg2": {
					"rotation": {
						"0.0": {
							"vector": [0, 20, 0]
						},
						"0.16": {
							"vector": [0, 26.66667, 1.25]
						},
						"0.96": {
							"vector": [0, 0, 7.5]
						},
						"1.52": {
							"vector": [0, 20, 0]
						}
					}
				},
				"leg3": {
					"rotation": {
						"0.0": {
							"vector": [-0.42016, -17.26881, -22.36966]
						},
						"0.24": {
							"vector": [2.7966, -16.14698, -33.28583]
						},
						"1.12": {
							"vector": [-12.68084, -11.82696, 23.88532]
						},
						"1.52": {
							"vector": [-0.42016, -17.26881, -22.36966]
						}
					}
				},
				"body1": {
					"rotation": {
						"0.0": {
							"vector": [10.47479, 17.22575, 3.13388]
						},
						"0.76": {
							"vector": [11.24314, -27.0478, -5.16524]
						},
						"1.52": {
							"vector": [10.47479, 17.22575, 3.13388]
						}
					}
				},
				"armleft1": {
					"rotation": {
						"0.0": {
							"vector": [-11.32823, -21.63157, -10.25894]
						},
						"0.28": {
							"vector": [-28.65261, -14.38143, -8.32988]
						},
						"1.24": {
							"vector": [19.29205, -16.61059, -19.28366]
						},
						"1.52": {
							"vector": [-11.32823, -21.63157, -10.25894]
						}
					}
				},
				"armleft2": {
					"rotation": {
						"0.0": {
							"vector": [-4.56615, 42.30053, -6.76733]
						},
						"0.2": {
							"vector": [-8.72283, 67.15368, -11.73852]
						},
						"0.76": {
							"vector": [-24.45939, 56.60992, -9.62953]
						},
						"1.4": {
							"vector": [4.79281, 44.55991, -7.21926]
						},
						"1.52": {
							"vector": [-4.56615, 42.30053, -6.76733]
						}
					}
				},
				"armleft3": {
					"rotation": {
						"0.0": {
							"vector": [6.70612, 59.72022, 9.48861]
						},
						"0.32": {
							"vector": [52.34365, 85.73471, 55.95742]
						},
						"0.92": {
							"vector": [19.52489, 72.72747, 32.72302]
						},
						"1.32": {
							"vector": [23.47904, 64.05597, 17.23341]
						},
						"1.52": {
							"vector": [6.70612, 59.72022, 9.48861]
						}
					}
				},
				"armright1": {
					"rotation": {
						"0.0": {
							"vector": [0.90854, 21.23407, 10.22631]
						},
						"0.44": {
							"vector": [23.25712, 25.06999, 16.67411]
						},
						"0.96": {
							"vector": [-27.35225, 15.93016, 11.81163]
						},
						"1.2": {
							"vector": [-5.24049, 18.20326, 11.13221]
						},
						"1.52": {
							"vector": [0.90854, 21.23407, 10.22631]
						}
					}
				},
				"armright2": {
					"rotation": {
						"0.0": {
							"vector": [-1.44261, -29.96852, 2.88614]
						},
						"0.6": {
							"vector": [6.05739, -29.96852, 2.88614]
						},
						"1.04": {
							"vector": [-25.02957, -29.96852, 2.88614]
						},
						"1.28": {
							"vector": [-31.40352, -67.62495, 25.63073]
						},
						"1.52": {
							"vector": [-1.44261, -29.96852, 2.88614]
						}
					}
				},
				"armright3": {
					"rotation": {
						"0.0": {
							"vector": [7.09519, -54.68982, -8.67258]
						},
						"0.6": {
							"vector": [24.59519, -54.68982, -8.67258]
						},
						"0.88": {
							"vector": [0.08434, -40.62036, -11.35794]
						},
						"1.12": {
							"vector": [7.0946, -79.63214, -13.85376]
						},
						"1.52": {
							"vector": [7.09519, -54.68982, -8.67258]
						}
					}
				},
				"neck1": {
					"rotation": {
						"0.0": {
							"vector": [-8.75632, -22.98997, -1.22199]
						},
						"0.16": {
							"vector": [-7.72526, -11.95331, -6.11845]
						},
						"0.76": {
							"vector": [-8.68475, 32.83747, -0.48515]
						},
						"1.0": {
							"vector": [-6.61372, 16.2091, 7.00394]
						},
						"1.52": {
							"vector": [-8.75632, -22.98997, -1.22199]
						}
					}
				},
				"head1": {
					"rotation": {
						"0.0": {
							"vector": [-12.5, 0, 0]
						},
						"0.84": {
							"vector": [5, 0, 0]
						},
						"1.52": {
							"vector": [-12.5, 0, 0]
						}
					}
				},
				"head2": {
					"rotation": {
						"0.0": {
							"vector": [0, 0, 0]
						},
						"0.68": {
							"vector": [0, 0, 0]
						},
						"1.24": {
							"vector": [3.33, 0, 0]
						},
						"1.52": {
							"vector": [0, 0, 0]
						}
					}
				}
			}
		},
		"animation.incarnation.aggression": {
			"loop": true,
			"animation_length": 1,
			"bones": {
				"leg1": {
					"rotation": {
						"0.0": {
							"post": {
								"vector": [0, 12.5, 15]
							},
							"lerp_mode": "catmullrom"
						},
						"0.6": {
							"post": {
								"vector": [-3.12516, -26.53922, -15.44947]
							},
							"lerp_mode": "catmullrom"
						},
						"1.0": {
							"post": {
								"vector": [0, 12.5, 15]
							},
							"lerp_mode": "catmullrom"
						}
					}
				},
				"leg2": {
					"rotation": {
						"0.0": {
							"vector": [0, 26.66667, 1.25]
						},
						"0.52": {
							"vector": [0, 0, 7.5]
						},
						"0.64": {
							"vector": [0, -12.56667, 7.18]
						},
						"0.72": {
							"vector": [0, -10.55556, 5.83333]
						},
						"1.0": {
							"vector": [0, 20, 0]
						}
					}
				},
				"leg3": {
					"rotation": {
						"0.0": {
							"vector": [2.7966, -16.14698, -33.28583]
						},
						"0.6": {
							"vector": [-12.68084, -11.82696, 23.88532]
						},
						"0.68": {
							"vector": [-14.06309, -16.08169, 29.88175]
						},
						"0.8": {
							"vector": [-12.10453, -10.42734, 26.02943]
						},
						"1.0": {
							"vector": [-0.42016, -17.26881, -22.36966]
						}
					}
				},
				"body1": {
					"rotation": {
						"0.0": {
							"vector": [10.15108, 9.84655, 1.75378]
						},
						"0.6": {
							"vector": [10.03742, -4.92385, -0.87038]
						},
						"1.0": {
							"vector": [10.15108, 9.84655, 1.75378]
						}
					}
				},
				"armleft1": {
					"rotation": {
						"0.0": {
							"vector": [-23.15693, -25.86186, -13.88092]
						},
						"0.44": {
							"vector": [-25.92704, -5.97692, -22.91955]
						},
						"1.0": {
							"vector": [-23.15693, -25.86186, -13.88092]
						}
					}
				},
				"armleft2": {
					"rotation": {
						"0.0": {
							"vector": [-15.95593, 12.36937, -4.43182]
						},
						"0.32": {
							"vector": [-25.63806, -18.01676, -16.89102]
						},
						"0.56": {
							"vector": [-6.238, 17.52207, -3.53109]
						},
						"0.84": {
							"vector": [-18.01107, -13.75005, -18.93235]
						},
						"1.0": {
							"vector": [-15.95593, 12.36937, -4.43182]
						}
					}
				},
				"armleft3": {
					"rotation": {
						"0.0": {
							"vector": [8.40383, 7.37832, 4.12829]
						},
						"0.32": {
							"vector": [-1.58431, 2.38024, 4.26751]
						},
						"0.72": {
							"vector": [23.94042, 0.40276, 13.36956]
						},
						"1.0": {
							"vector": [8.40383, 7.37832, 4.12829]
						}
					}
				},
				"armright1": {
					"rotation": {
						"0.0": {
							"vector": [-38.71575, 27.46646, 10.48068]
						},
						"0.24": {
							"vector": [-33.07819, 17.39406, 29.29213]
						},
						"0.56": {
							"vector": [-32.56149, 23.45483, 14.97454]
						},
						"0.84": {
							"vector": [-38.71575, 27.46646, 10.48068]
						}
					}
				},
				"armright2": {
					"rotation": {
						"0.0": {
							"vector": [-1.48127, -32.46771, 2.96072]
						},
						"0.28": {
							"vector": [-28.85286, 22.51797, 1.64721]
						},
						"0.64": {
							"vector": [-17.77907, -31.39305, 10.44018]
						},
						"0.84": {
							"vector": [-7.98128, -22.09543, 4.65589]
						},
						"1.0": {
							"vector": [-1.48127, -32.46771, 2.96072]
						}
					}
				},
				"armright3": {
					"rotation": {
						"0.0": {
							"vector": [7.09519, -54.68982, -8.67258]
						},
						"0.4": {
							"vector": [4.11028, 5.08965, -2.50751]
						},
						"0.68": {
							"vector": [5.25968, -15.34039, -4.64081]
						},
						"0.88": {
							"vector": [7.09519, -54.68982, -8.67258]
						}
					}
				},
				"neck1": {
					"rotation": {
						"0.0": {
							"vector": [-8.75632, -22.98997, -1.22199]
						},
						"0.48": {
							"vector": [-6.61372, 16.2091, 7.00394]
						},
						"0.84": {
							"vector": [-8.75632, -22.98997, -1.22199]
						}
					}
				},
				"headmain1": {
					"rotation": {
						"0.0": {
							"vector": [0, 0, 12.5]
						},
						"0.4": {
							"vector": [0, 0, -12.5]
						},
						"1.0": {
							"vector": [0, 0, 12.5]
						}
					}
				},
				"head1": {
					"rotation": {
						"0.0": {
							"vector": [-35, 0, 0]
						},
						"0.12": {
							"vector": [-14.3, 0, 0]
						},
						"0.52": {
							"vector": [5, 0, 0]
						},
						"0.8": {
							"vector": [-7.5, 0, 0]
						},
						"1.0": {
							"vector": [-35, 0, 0]
						}
					}
				},
				"head2": {
					"rotation": {
						"0.0": {
							"post": {
								"vector": [-22.5, 0, 0]
							},
							"lerp_mode": "catmullrom"
						},
						"0.12": {
							"post": {
								"vector": [14.13, 0, 0]
							},
							"lerp_mode": "catmullrom"
						},
						"0.32": {
							"post": {
								"vector": [0, 0, 0]
							},
							"lerp_mode": "catmullrom"
						},
						"0.68": {
							"post": {
								"vector": [8.25, 0, 0]
							},
							"lerp_mode": "catmullrom"
						},
						"1.0": {
							"post": {
								"vector": [-22.5, 0, 0]
							},
							"lerp_mode": "catmullrom"
						}
					}
				}
			}
		},
		"animation.incarnation.summon": {
			"animation_length": 3.12,
			"bones": {
				"legs1": {
					"rotation": {
						"0.0": {
							"post": {
								"vector": [0, 0, 0]
							},
							"lerp_mode": "catmullrom"
						},
						"1.2": {
							"post": {
								"vector": [-20, 0, 0]
							},
							"lerp_mode": "catmullrom"
						},
						"3.12": {
							"post": {
								"vector": [0, 0, 0]
							},
							"lerp_mode": "catmullrom"
						}
					}
				},
				"leg2": {
					"rotation": {
						"0.0": {
							"post": {
								"vector": [0, 0, 0]
							},
							"lerp_mode": "catmullrom"
						},
						"1.2": {
							"post": {
								"vector": [12.5, 0, 0]
							},
							"lerp_mode": "catmullrom"
						},
						"3.12": {
							"post": {
								"vector": [0, 0, 0]
							},
							"lerp_mode": "catmullrom"
						}
					}
				},
				"leg3": {
					"rotation": {
						"0.0": {
							"post": {
								"vector": [0, 0, 0]
							},
							"lerp_mode": "catmullrom"
						},
						"0.64": {
							"post": {
								"vector": [12.5, 0, 0]
							},
							"lerp_mode": "catmullrom"
						},
						"1.24": {
							"post": {
								"vector": [-10, 0, 0]
							},
							"lerp_mode": "catmullrom"
						},
						"1.64": {
							"post": {
								"vector": [5, 0, 0]
							},
							"lerp_mode": "catmullrom"
						},
						"3.12": {
							"post": {
								"vector": [0, 0, 0]
							},
							"lerp_mode": "catmullrom"
						}
					}
				},
				"body1": {
					"rotation": {
						"0.0": {
							"post": {
								"vector": [0, 0, 0]
							},
							"lerp_mode": "catmullrom"
						},
						"0.6": {
							"post": {
								"vector": [25, 0, 0]
							},
							"lerp_mode": "catmullrom"
						},
						"1.0": {
							"post": {
								"vector": [50, 0, 0]
							},
							"lerp_mode": "catmullrom"
						},
						"1.12": {
							"post": {
								"vector": [9.49112, -0.41249, 2.46576]
							},
							"lerp_mode": "catmullrom"
						},
						"1.2": {
							"post": {
								"vector": [-17.5, 0, 0]
							},
							"lerp_mode": "catmullrom"
						},
						"1.28": {
							"post": {
								"vector": [-17.48436, -0.75155, -2.38443]
							},
							"lerp_mode": "catmullrom"
						},
						"1.32": {
							"post": {
								"vector": [-17.48436, 0.75155, 2.38443]
							},
							"lerp_mode": "catmullrom"
						},
						"1.36": {
							"post": {
								"vector": [-17.35932, -2.24944, -7.15656]
							},
							"lerp_mode": "catmullrom"
						},
						"1.4": {
							"post": {
								"vector": [-17.43745, 1.50179, 4.76968]
							},
							"lerp_mode": "catmullrom"
						},
						"1.44": {
							"post": {
								"vector": [-17.48436, 0.75155, 2.38443]
							},
							"lerp_mode": "catmullrom"
						},
						"1.48": {
							"post": {
								"vector": [-17.10967, 3.73171, 11.93845]
							},
							"lerp_mode": "catmullrom"
						},
						"1.52": {
							"post": {
								"vector": [-17.48436, 0.75155, 2.38443]
							},
							"lerp_mode": "catmullrom"
						},
						"1.56": {
							"post": {
								"vector": [-16.93839, 4.46375, 14.33501]
							},
							"lerp_mode": "catmullrom"
						},
						"1.6": {
							"post": {
								"vector": [-17.35932, 2.24944, 7.15656]
							},
							"lerp_mode": "catmullrom"
						},
						"1.64": {
							"post": {
								"vector": [-16.93839, 4.46375, 14.33501]
							},
							"lerp_mode": "catmullrom"
						},
						"1.68": {
							"post": {
								"vector": [-17.35932, 2.24944, 7.15656]
							},
							"lerp_mode": "catmullrom"
						},
						"1.72": {
							"post": {
								"vector": [-16.73634, 5.188, 16.73634]
							},
							"lerp_mode": "catmullrom"
						},
						"1.76": {
							"post": {
								"vector": [-17.25002, 2.99318, 9.54589]
							},
							"lerp_mode": "catmullrom"
						},
						"1.8": {
							"post": {
								"vector": [-17.48436, 0.75155, 2.38443]
							},
							"lerp_mode": "catmullrom"
						},
						"1.84": {
							"post": {
								"vector": [-17.35932, -2.24944, -7.15656]
							},
							"lerp_mode": "catmullrom"
						},
						"1.88": {
							"post": {
								"vector": [-17.48436, 0.75155, 2.38443]
							},
							"lerp_mode": "catmullrom"
						},
						"1.92": {
							"post": {
								"vector": [-17.35932, -2.24944, -7.15656]
							},
							"lerp_mode": "catmullrom"
						},
						"1.96": {
							"post": {
								"vector": [-17.48436, 0.75155, 2.38443]
							},
							"lerp_mode": "catmullrom"
						},
						"2.0": {
							"post": {
								"vector": [-17.35932, -2.24944, -7.15656]
							},
							"lerp_mode": "catmullrom"
						},
						"2.08": {
							"post": {
								"vector": [-17.48436, 0.75155, 2.38443]
							},
							"lerp_mode": "catmullrom"
						},
						"2.16": {
							"post": {
								"vector": [-17.35932, -2.24944, -7.15656]
							},
							"lerp_mode": "catmullrom"
						},
						"2.32": {
							"post": {
								"vector": [-17.48436, 0.75155, 2.38443]
							},
							"lerp_mode": "catmullrom"
						},
						"2.52": {
							"post": {
								"vector": [-17.35932, -2.24944, -7.15656]
							},
							"lerp_mode": "catmullrom"
						},
						"3.12": {
							"post": {
								"vector": [0, 0, 0]
							},
							"lerp_mode": "catmullrom"
						}
					}
				},
				"armleft1": {
					"rotation": {
						"0.0": {
							"post": {
								"vector": [0, 0, 0]
							},
							"lerp_mode": "catmullrom"
						},
						"0.6": {
							"post": {
								"vector": [-47.00154, -9.88668, 1.58352]
							},
							"lerp_mode": "catmullrom"
						},
						"0.88": {
							"post": {
								"vector": [-46.86234, -14.83388, 2.32175]
							},
							"lerp_mode": "catmullrom"
						},
						"1.0": {
							"post": {
								"vector": [-40.9541, -11.27322, -6.53349]
							},
							"lerp_mode": "catmullrom"
						},
						"1.12": {
							"post": {
								"vector": [6.70546, -55.56398, -51.16281]
							},
							"lerp_mode": "catmullrom"
						},
						"1.64": {
							"post": {
								"vector": [9.96204, -41.11734, -37.86048]
							},
							"lerp_mode": "catmullrom"
						},
						"1.76": {
							"post": {
								"vector": [-0.84569, -37.7835, -34.79071]
							},
							"lerp_mode": "catmullrom"
						},
						"1.88": {
							"post": {
								"vector": [9.96204, -41.11734, -37.86048]
							},
							"lerp_mode": "catmullrom"
						},
						"2.0": {
							"post": {
								"vector": [-0.84569, -37.7835, -34.79071]
							},
							"lerp_mode": "catmullrom"
						},
						"2.12": {
							"post": {
								"vector": [9.96204, -41.11734, -37.86048]
							},
							"lerp_mode": "catmullrom"
						},
						"2.24": {
							"post": {
								"vector": [-0.84569, -37.7835, -34.79071]
							},
							"lerp_mode": "catmullrom"
						},
						"2.36": {
							"post": {
								"vector": [9.96204, -41.11734, -37.86048]
							},
							"lerp_mode": "catmullrom"
						},
						"2.48": {
							"post": {
								"vector": [-0.84569, -37.7835, -34.79071]
							},
							"lerp_mode": "catmullrom"
						},
						"3.12": {
							"post": {
								"vector": [0, 0, 0]
							},
							"lerp_mode": "catmullrom"
						}
					}
				},
				"armleft2": {
					"rotation": {
						"0.0": {
							"post": {
								"vector": [0, 0, 0]
							},
							"lerp_mode": "catmullrom"
						},
						"0.96": {
							"post": {
								"vector": [-17.5, 20, 0]
							},
							"lerp_mode": "catmullrom"
						},
						"3.12": {
							"post": {
								"vector": [0, 0, 0]
							},
							"lerp_mode": "catmullrom"
						}
					}
				},
				"armleft3": {
					"rotation": {
						"0.0": {
							"post": {
								"vector": [0, 0, 0]
							},
							"lerp_mode": "catmullrom"
						},
						"0.96": {
							"post": {
								"vector": [0, 25, 0]
							},
							"lerp_mode": "catmullrom"
						},
						"3.12": {
							"post": {
								"vector": [0, 0, 0]
							},
							"lerp_mode": "catmullrom"
						}
					}
				},
				"armright1": {
					"rotation": {
						"0.0": {
							"post": {
								"vector": [0, 0, 0]
							},
							"lerp_mode": "catmullrom"
						},
						"0.6": {
							"post": {
								"vector": [-39.98985, 15.00068, -0.08327]
							},
							"lerp_mode": "catmullrom"
						},
						"0.88": {
							"post": {
								"vector": [-39.99585, 17.50034, -0.04141]
							},
							"lerp_mode": "catmullrom"
						},
						"1.0": {
							"post": {
								"vector": [-48.62687, 11.37796, 9.05305]
							},
							"lerp_mode": "catmullrom"
						},
						"1.24": {
							"post": {
								"vector": [-14.21881, 57.20493, 47.05226]
							},
							"lerp_mode": "catmullrom"
						},
						"1.64": {
							"post": {
								"vector": [-34.06507, 74.33675, 49.2168]
							},
							"lerp_mode": "catmullrom"
						},
						"3.12": {
							"post": {
								"vector": [0, 0, 0]
							},
							"lerp_mode": "catmullrom"
						}
					},
					"position": {
						"0.0": {
							"post": {
								"vector": [0, 0, 0]
							},
							"lerp_mode": "catmullrom"
						},
						"1.24": {
							"post": {
								"vector": [0, 0, 0]
							},
							"lerp_mode": "catmullrom"
						},
						"1.64": {
							"post": {
								"vector": [-0.22986, 0.85787, -4.14864]
							},
							"lerp_mode": "catmullrom"
						},
						"3.12": {
							"post": {
								"vector": [0, 0, 0]
							},
							"lerp_mode": "catmullrom"
						}
					}
				},
				"armright2": {
					"rotation": {
						"0.0": {
							"post": {
								"vector": [0, 0, 0]
							},
							"lerp_mode": "catmullrom"
						},
						"0.96": {
							"post": {
								"vector": [-17.5, -30, 0]
							},
							"lerp_mode": "catmullrom"
						},
						"3.12": {
							"post": {
								"vector": [0, 0, 0]
							},
							"lerp_mode": "catmullrom"
						}
					}
				},
				"armright3": {
					"rotation": {
						"0.0": {
							"post": {
								"vector": [0, 0, 0]
							},
							"lerp_mode": "catmullrom"
						},
						"0.96": {
							"post": {
								"vector": [-5, -35, 0]
							},
							"lerp_mode": "catmullrom"
						},
						"3.12": {
							"post": {
								"vector": [0, 0, 0]
							},
							"lerp_mode": "catmullrom"
						}
					}
				},
				"neck1": {
					"rotation": {
						"0.0": {
							"post": {
								"vector": [0, 0, 0]
							},
							"lerp_mode": "catmullrom"
						},
						"0.96": {
							"post": {
								"vector": [22.5, 0, 0]
							},
							"lerp_mode": "catmullrom"
						},
						"3.12": {
							"post": {
								"vector": [0, 0, 0]
							},
							"lerp_mode": "catmullrom"
						}
					}
				},
				"headmain1": {
					"rotation": {
						"0.0": {
							"post": {
								"vector": [0, 0, 0]
							},
							"lerp_mode": "catmullrom"
						},
						"0.88": {
							"post": {
								"vector": [17.5, 0, 0]
							},
							"lerp_mode": "catmullrom"
						},
						"1.08": {
							"post": {
								"vector": [47.5, 0, 0]
							},
							"lerp_mode": "catmullrom"
						},
						"1.28": {
							"post": {
								"vector": [-30, 0, 0]
							},
							"lerp_mode": "catmullrom"
						},
						"1.84": {
							"post": {
								"vector": [-30.86748, -12.95254, 7.63074]
							},
							"lerp_mode": "catmullrom"
						},
						"2.48": {
							"post": {
								"vector": [-34.3939, 27.73062, -17.6685]
							},
							"lerp_mode": "catmullrom"
						},
						"3.12": {
							"post": {
								"vector": [0, 0, 0]
							},
							"lerp_mode": "catmullrom"
						}
					}
				},
				"head1": {
					"rotation": {
						"0.0": {
							"post": {
								"vector": [0, 0, 0]
							},
							"lerp_mode": "catmullrom"
						},
						"1.12": {
							"post": {
								"vector": [0, 0, 0]
							},
							"lerp_mode": "catmullrom"
						},
						"1.24": {
							"post": {
								"vector": [-45, 0, 0]
							},
							"lerp_mode": "catmullrom"
						},
						"1.56": {
							"post": {
								"vector": [-27.5, 0, 0]
							},
							"lerp_mode": "catmullrom"
						},
						"1.8": {
							"post": {
								"vector": [-45, 0, 0]
							},
							"lerp_mode": "catmullrom"
						},
						"2.12": {
							"post": {
								"vector": [-27.5, 0, 0]
							},
							"lerp_mode": "catmullrom"
						},
						"2.48": {
							"post": {
								"vector": [-45, 0, 0]
							},
							"lerp_mode": "catmullrom"
						},
						"2.88": {
							"post": {
								"vector": [-27.5, 0, 0]
							},
							"lerp_mode": "catmullrom"
						},
						"3.12": {
							"post": {
								"vector": [0, 0, 0]
							},
							"lerp_mode": "catmullrom"
						}
					}
				},
				"head2": {
					"rotation": {
						"0.0": {
							"post": {
								"vector": [0, 0, 0]
							},
							"lerp_mode": "catmullrom"
						},
						"1.12": {
							"post": {
								"vector": [0, 0, 0]
							},
							"lerp_mode": "catmullrom"
						},
						"1.24": {
							"post": {
								"vector": [-45, 0, 0]
							},
							"lerp_mode": "catmullrom"
						},
						"1.56": {
							"post": {
								"vector": [-22.5, 0, 0]
							},
							"lerp_mode": "catmullrom"
						},
						"1.8": {
							"post": {
								"vector": [-45, 0, 0]
							},
							"lerp_mode": "catmullrom"
						},
						"2.12": {
							"post": {
								"vector": [-22.5, 0, 0]
							},
							"lerp_mode": "catmullrom"
						},
						"2.48": {
							"post": {
								"vector": [-45, 0, 0]
							},
							"lerp_mode": "catmullrom"
						},
						"2.88": {
							"post": {
								"vector": [-22.5, 0, 0]
							},
							"lerp_mode": "catmullrom"
						},
						"3.12": {
							"post": {
								"vector": [0, 0, 0]
							},
							"lerp_mode": "catmullrom"
						}
					}
				}
			}
		},
		"animation.incarnation.shoot": {
			"animation_length": 4.32,
			"bones": {
				"body_main1": {
					"rotation": {
						"0.0": {
							"post": {
								"vector": [0, 0, 0]
							},
							"lerp_mode": "catmullrom"
						},
						"1.0": {
							"post": {
								"vector": [0, 15, 0]
							},
							"lerp_mode": "catmullrom"
						},
						"3.8": {
							"post": {
								"vector": [0, 15, 0]
							},
							"lerp_mode": "catmullrom"
						},
						"4.32": {
							"post": {
								"vector": [0, 0, 0]
							},
							"lerp_mode": "catmullrom"
						}
					},
					"position": {
						"0.0": {
							"post": {
								"vector": [0, 0, 0]
							},
							"lerp_mode": "catmullrom"
						},
						"0.64": {
							"post": {
								"vector": [0, 2.12, 0]
							},
							"lerp_mode": "catmullrom"
						},
						"1.0": {
							"post": {
								"vector": [0, 8, 0]
							},
							"lerp_mode": "catmullrom"
						},
						"2.04": {
							"post": {
								"vector": [0, 6, 0]
							},
							"lerp_mode": "catmullrom"
						},
						"3.8": {
							"post": {
								"vector": [0, 8, 0]
							},
							"lerp_mode": "catmullrom"
						},
						"4.32": {
							"post": {
								"vector": [0, 0, 0]
							},
							"lerp_mode": "catmullrom"
						}
					}
				},
				"leg1": {
					"rotation": {
						"0.0": {
							"post": {
								"vector": [0, 0, 0]
							},
							"lerp_mode": "catmullrom"
						},
						"0.92": {
							"post": {
								"vector": [-20, 0, 0]
							},
							"lerp_mode": "catmullrom"
						},
						"3.96": {
							"post": {
								"vector": [-20, 0, 0]
							},
							"lerp_mode": "catmullrom"
						},
						"4.32": {
							"post": {
								"vector": [0, 0, 0]
							},
							"lerp_mode": "catmullrom"
						}
					}
				},
				"leg2": {
					"rotation": {
						"0.0": {
							"post": {
								"vector": [0, 0, 0]
							},
							"lerp_mode": "catmullrom"
						},
						"0.92": {
							"post": {
								"vector": [-10, 0, 0]
							},
							"lerp_mode": "catmullrom"
						},
						"4.04": {
							"post": {
								"vector": [-10, 0, 0]
							},
							"lerp_mode": "catmullrom"
						},
						"4.32": {
							"post": {
								"vector": [0, 0, 0]
							},
							"lerp_mode": "catmullrom"
						}
					}
				},
				"leg3": {
					"rotation": {
						"0.0": {
							"post": {
								"vector": [0, 0, 0]
							},
							"lerp_mode": "catmullrom"
						},
						"0.92": {
							"post": {
								"vector": [20, 0, 0]
							},
							"lerp_mode": "catmullrom"
						},
						"4.04": {
							"post": {
								"vector": [20, 0, 0]
							},
							"lerp_mode": "catmullrom"
						},
						"4.32": {
							"post": {
								"vector": [0, 0, 0]
							},
							"lerp_mode": "catmullrom"
						}
					}
				},
				"body1": {
					"rotation": {
						"0.0": {
							"post": {
								"vector": [0, 0, 0]
							},
							"lerp_mode": "catmullrom"
						},
						"1.0": {
							"post": {
								"vector": [0, 8.97, 0]
							},
							"lerp_mode": "catmullrom"
						},
						"1.56": {
							"post": {
								"vector": [0, -25, 0]
							},
							"lerp_mode": "catmullrom"
						},
						"2.24": {
							"post": {
								"vector": [0, -32.5, 0]
							},
							"lerp_mode": "catmullrom"
						},
						"2.36": {
							"post": {
								"vector": [0, 2.5, 0]
							},
							"lerp_mode": "catmullrom"
						},
						"2.84": {
							"post": {
								"vector": [0, -27.5, 0]
							},
							"lerp_mode": "catmullrom"
						},
						"2.96": {
							"post": {
								"vector": [0, 17.5, 0]
							},
							"lerp_mode": "catmullrom"
						},
						"3.48": {
							"post": {
								"vector": [0, -35, 0]
							},
							"lerp_mode": "catmullrom"
						},
						"3.6": {
							"post": {
								"vector": [0, 15, 0]
							},
							"lerp_mode": "catmullrom"
						},
						"4.32": {
							"post": {
								"vector": [0, 0, 0]
							},
							"lerp_mode": "catmullrom"
						}
					}
				},
				"armleft1": {
					"rotation": {
						"0.0": {
							"vector": [0, 0, 0]
						},
						"2.2": {
							"vector": [-10, 0, 0]
						},
						"2.32": {
							"vector": [12.5, 0, 0]
						},
						"2.6": {
							"vector": [-5, 0, 0]
						},
						"2.92": {
							"vector": [15, 0, 0]
						},
						"3.36": {
							"vector": [-5, 0, 0]
						},
						"3.64": {
							"vector": [30, 0, 0]
						},
						"4.32": {
							"vector": [0, 0, 0]
						}
					}
				},
				"armright1": {
					"rotation": {
						"0.0": {
							"post": {
								"vector": [0, 0, 0]
							},
							"lerp_mode": "catmullrom"
						},
						"0.96": {
							"post": {
								"vector": [22.87474, -23.1743, 11.82479]
							},
							"lerp_mode": "catmullrom"
						},
						"1.76": {
							"post": {
								"vector": [-32.33026, 15.91062, 31.51474]
							},
							"lerp_mode": "catmullrom"
						},
						"3.68": {
							"post": {
								"vector": [-32.33026, 15.91062, 31.51474]
							},
							"lerp_mode": "catmullrom"
						},
						"4.32": {
							"post": {
								"vector": [0, 0, 0]
							},
							"lerp_mode": "catmullrom"
						}
					},
					"position": {
						"0.0": {
							"post": {
								"vector": [0, 0, 0]
							},
							"lerp_mode": "catmullrom"
						},
						"1.76": {
							"post": {
								"vector": [0, 0, 0]
							},
							"lerp_mode": "catmullrom"
						},
						"2.44": {
							"post": {
								"vector": [0.12403, 0.4018, 1.95529]
							},
							"lerp_mode": "catmullrom"
						},
						"2.76": {
							"post": {
								"vector": [-0.15806, -0.5036, -2.46059]
							},
							"lerp_mode": "catmullrom"
						},
						"3.04": {
							"post": {
								"vector": [0.07605, 0.2527, 1.22294]
							},
							"lerp_mode": "catmullrom"
						},
						"3.4": {
							"post": {
								"vector": [-0.15605, -0.4927, -2.39294]
							},
							"lerp_mode": "catmullrom"
						},
						"3.68": {
							"post": {
								"vector": [0, 0, 0]
							},
							"lerp_mode": "catmullrom"
						},
						"3.72": {
							"post": {
								"vector": [0.26987, 0.8047, 2.87744]
							},
							"lerp_mode": "catmullrom"
						},
						"4.32": {
							"post": {
								"vector": [0, 0, 0]
							},
							"lerp_mode": "catmullrom"
						}
					}
				},
				"armright2": {
					"rotation": {
						"0.0": {
							"post": {
								"vector": [0, 0, 0]
							},
							"lerp_mode": "catmullrom"
						},
						"0.96": {
							"post": {
								"vector": [-17.25002, 2.99318, 9.54589]
							},
							"lerp_mode": "catmullrom"
						},
						"1.68": {
							"post": {
								"vector": [-5.23466, 44.48996, 74.38799]
							},
							"lerp_mode": "catmullrom"
						},
						"1.92": {
							"post": {
								"vector": [-12.73466, 44.48996, 74.38799]
							},
							"lerp_mode": "catmullrom"
						},
						"2.28": {
							"post": {
								"vector": [-17.76763, 58.98122, 68.0315]
							},
							"lerp_mode": "catmullrom"
						},
						"2.36": {
							"post": {
								"vector": [-17.76763, 58.98122, 68.0315]
							},
							"lerp_mode": "catmullrom"
						},
						"2.44": {
							"post": {
								"vector": [-9.7556, 21.27273, 79.76403]
							},
							"lerp_mode": "catmullrom"
						},
						"2.76": {
							"post": {
								"vector": [-13.89861, 45.45816, 73.11507]
							},
							"lerp_mode": "catmullrom"
						},
						"2.84": {
							"post": {
								"vector": [-13.89861, 45.45816, 73.11507]
							},
							"lerp_mode": "catmullrom"
						},
						"2.92": {
							"post": {
								"vector": [-9.59548, 3.54534, 82.56809]
							},
							"lerp_mode": "catmullrom"
						},
						"3.4": {
							"post": {
								"vector": [-3.56539, 35.50764, 91.36723]
							},
							"lerp_mode": "catmullrom"
						},
						"3.48": {
							"post": {
								"vector": [-3.56539, 35.50764, 91.36723]
							},
							"lerp_mode": "catmullrom"
						},
						"3.56": {
							"post": {
								"vector": [-5.48315, 6.55599, 88.78128]
							},
							"lerp_mode": "catmullrom"
						},
						"3.72": {
							"post": {
								"vector": [-12.73466, 44.48996, 74.38799]
							},
							"lerp_mode": "catmullrom"
						},
						"4.32": {
							"post": {
								"vector": [0, 0, 0]
							},
							"lerp_mode": "catmullrom"
						}
					},
					"position": {
						"0.0": {
							"post": {
								"vector": [0, 0, 0]
							},
							"lerp_mode": "catmullrom"
						},
						"1.68": {
							"post": {
								"vector": [1.66856, 1.09028, 2.24214]
							},
							"lerp_mode": "catmullrom"
						},
						"1.92": {
							"post": {
								"vector": [1.44967, 1.0594, 3.63661]
							},
							"lerp_mode": "catmullrom"
						},
						"3.72": {
							"post": {
								"vector": [1.44967, 1.0594, 3.63661]
							},
							"lerp_mode": "catmullrom"
						},
						"4.32": {
							"post": {
								"vector": [0, 0, 0]
							},
							"lerp_mode": "catmullrom"
						}
					}
				},
				"armright3": {
					"rotation": {
						"0.0": {
							"post": {
								"vector": [0, 0, 0]
							},
							"lerp_mode": "catmullrom"
						},
						"0.96": {
							"post": {
								"vector": [7.5, -7.5, 0]
							},
							"lerp_mode": "catmullrom"
						},
						"1.68": {
							"post": {
								"vector": [12.42437, 42.12555, -66.52773]
							},
							"lerp_mode": "catmullrom"
						},
						"2.28": {
							"post": {
								"vector": [9.38916, 52.60075, -70.50241]
							},
							"lerp_mode": "catmullrom"
						},
						"2.36": {
							"post": {
								"vector": [9.38916, 52.60075, -70.50241]
							},
							"lerp_mode": "catmullrom"
						},
						"2.44": {
							"post": {
								"vector": [4.67682, 0.88794, -78.95407]
							},
							"lerp_mode": "catmullrom"
						},
						"2.76": {
							"post": {
								"vector": [3.85282, 47.54962, -78.54733]
							},
							"lerp_mode": "catmullrom"
						},
						"2.84": {
							"post": {
								"vector": [3.85282, 47.54962, -78.54733]
							},
							"lerp_mode": "catmullrom"
						},
						"2.92": {
							"post": {
								"vector": [1.55231, 13.66181, -81.90884]
							},
							"lerp_mode": "catmullrom"
						},
						"3.4": {
							"post": {
								"vector": [-3.38894, 42.052, -88.44631]
							},
							"lerp_mode": "catmullrom"
						},
						"3.48": {
							"post": {
								"vector": [-3.38894, 42.052, -88.44631]
							},
							"lerp_mode": "catmullrom"
						},
						"3.56": {
							"post": {
								"vector": [-3.33333, 6.56476, -87.12488]
							},
							"lerp_mode": "catmullrom"
						},
						"3.72": {
							"post": {
								"vector": [-5.34102, 27.25955, -90.44983]
							},
							"lerp_mode": "catmullrom"
						},
						"4.32": {
							"post": {
								"vector": [0, 0, 0]
							},
							"lerp_mode": "catmullrom"
						}
					},
					"position": {
						"0.0": {
							"post": {
								"vector": [0, 0, 0]
							},
							"lerp_mode": "catmullrom"
						},
						"1.68": {
							"post": {
								"vector": [1.02026, -2.55413, 2.33142]
							},
							"lerp_mode": "catmullrom"
						},
						"1.92": {
							"post": {
								"vector": [0.78815, -2.54376, 3.72506]
							},
							"lerp_mode": "catmullrom"
						},
						"3.72": {
							"post": {
								"vector": [0.87765, -2.08701, 4.61015]
							},
							"lerp_mode": "catmullrom"
						},
						"4.32": {
							"post": {
								"vector": [0, 0, 0]
							},
							"lerp_mode": "catmullrom"
						}
					}
				},
				"neck1": {
					"rotation": {
						"0.0": {
							"post": {
								"vector": [0, 0, 0]
							},
							"lerp_mode": "catmullrom"
						},
						"1.0": {
							"post": {
								"vector": [8.06091, -27.40852, -1.46301]
							},
							"lerp_mode": "catmullrom"
						},
						"1.56": {
							"post": {
								"vector": [9.85119, 14.53871, 5.53119]
							},
							"lerp_mode": "catmullrom"
						},
						"2.2": {
							"post": {
								"vector": [10.28365, 21.92361, 6.91058]
							},
							"lerp_mode": "catmullrom"
						},
						"2.32": {
							"post": {
								"vector": [9.36815, -16.5947, 0.36941]
							},
							"lerp_mode": "catmullrom"
						},
						"2.84": {
							"post": {
								"vector": [7.8787, 21.34614, 4.93244]
							},
							"lerp_mode": "catmullrom"
						},
						"2.96": {
							"post": {
								"vector": [7.6357, -27.74256, -1.47778]
							},
							"lerp_mode": "catmullrom"
						},
						"3.48": {
							"post": {
								"vector": [6.02961, 29.42974, 3.83952]
							},
							"lerp_mode": "catmullrom"
						},
						"3.6": {
							"post": {
								"vector": [5.1647, -24.40361, -1.06274]
							},
							"lerp_mode": "catmullrom"
						},
						"4.32": {
							"post": {
								"vector": [0, 0, 0]
							},
							"lerp_mode": "catmullrom"
						}
					}
				},
				"head1": {
					"rotation": {
						"0.0": {
							"post": {
								"vector": [0, 0, 0]
							},
							"lerp_mode": "catmullrom"
						},
						"1.76": {
							"post": {
								"vector": [-12.5, 0, 0]
							},
							"lerp_mode": "catmullrom"
						},
						"2.48": {
							"post": {
								"vector": [0, 0, 0]
							},
							"lerp_mode": "catmullrom"
						},
						"2.84": {
							"post": {
								"vector": [-10, 0, 0]
							},
							"lerp_mode": "catmullrom"
						},
						"2.96": {
							"post": {
								"vector": [-2.5, 0, 0]
							},
							"lerp_mode": "catmullrom"
						},
						"3.4": {
							"post": {
								"vector": [-12.5, 0, 0]
							},
							"lerp_mode": "catmullrom"
						},
						"3.56": {
							"post": {
								"vector": [0, 0, 0]
							},
							"lerp_mode": "catmullrom"
						},
						"4.32": {
							"post": {
								"vector": [0, 0, 0]
							},
							"lerp_mode": "catmullrom"
						}
					}
				},
				"head2": {
					"rotation": {
						"0.0": {
							"post": {
								"vector": [0, 0, 0]
							},
							"lerp_mode": "catmullrom"
						},
						"1.76": {
							"post": {
								"vector": [-10, 0, 0]
							},
							"lerp_mode": "catmullrom"
						},
						"2.48": {
							"post": {
								"vector": [2.5, 0, 0]
							},
							"lerp_mode": "catmullrom"
						},
						"2.84": {
							"post": {
								"vector": [-5, 0, 0]
							},
							"lerp_mode": "catmullrom"
						},
						"2.96": {
							"post": {
								"vector": [0, 0, 0]
							},
							"lerp_mode": "catmullrom"
						},
						"3.4": {
							"post": {
								"vector": [-10, 0, 0]
							},
							"lerp_mode": "catmullrom"
						},
						"3.56": {
							"post": {
								"vector": [2.5, 0, 0]
							},
							"lerp_mode": "catmullrom"
						},
						"4.32": {
							"post": {
								"vector": [0, 0, 0]
							},
							"lerp_mode": "catmullrom"
						}
					}
				}
			}
		},
		"animation.incarnation.explosion": {
			"animation_length": 5.76,
			"bones": {
				"body_main1": {
					"position": {
						"0.0": {
							"vector": [0, 0, 0]
						},
						"4.64": {
							"vector": [0, 0, 0]
						},
						"4.84": {
							"vector": [0, 0, -2]
						},
						"5.04": {
							"vector": [0, 0, 10]
						},
						"5.16": {
							"vector": [0, 0, 0]
						},
						"5.6": {
							"vector": [0, 0, 0]
						},
						"5.76": {
							"vector": [0, 0, 0]
						}
					}
				},
				"body1": {
					"rotation": {
						"0.0": {
							"vector": [0, 0, 0]
						},
						"1.04": {
							"vector": [-10, 0, 0]
						},
						"1.16": {
							"vector": [-7.5, 0, 0]
						},
						"1.32": {
							"vector": [-15, 0, 0]
						},
						"4.04": {
							"vector": [-22.5, 0, 0]
						},
						"4.6": {
							"vector": [-7.5, 0, 0]
						},
						"4.84": {
							"vector": [-20, 0, 0]
						},
						"5.04": {
							"vector": [7.5, 0, 0]
						},
						"5.16": {
							"vector": [25, 0, 0]
						},
						"5.56": {
							"vector": [25, 0, 0]
						},
						"5.76": {
							"vector": [0, 0, 0]
						}
					}
				},
				"armleft1": {
					"rotation": {
						"0.0": {
							"vector": [0, 0, 0]
						},
						"3.88": {
							"vector": [-22.5, -67.5, 0]
						},
						"4.44": {
							"vector": [-26.40055, -43.22121, 7.16115]
						},
						"4.64": {
							"vector": [-20.96139, -72.28574, -2.11309]
						},
						"4.88": {
							"vector": [-31.5025, -92.7589, -21.47797]
						},
						"5.16": {
							"vector": [-32.08093, 7.45486, 0.9228]
						},
						"5.76": {
							"vector": [0, 0, 0]
						}
					}
				},
				"armright1": {
					"rotation": {
						"0.0": {
							"vector": [0, 0, 0]
						},
						"3.88": {
							"vector": [-22.5, 67.5, 0]
						},
						"4.44": {
							"vector": [-24.84463, 57.94671, -3.77506]
						},
						"4.64": {
							"vector": [-12.01594, 85.92109, 13.07426]
						},
						"4.88": {
							"vector": [-18.3723, 97.55773, 38.52302]
						},
						"5.16": {
							"vector": [-23.86058, -7.19188, -2.41472]
						},
						"5.48": {
							"vector": [-23.86058, -7.19188, -2.41472]
						},
						"5.76": {
							"vector": [0, 0, 0]
						}
					}
				},
				"neck1": {
					"rotation": {
						"0.0": {
							"vector": [0, 0, 0]
						},
						"4.08": {
							"vector": [-22.5, 0, 0]
						},
						"5.16": {
							"vector": [35, 0, 0]
						},
						"5.76": {
							"vector": [0, 0, 0]
						}
					}
				},
				"head1": {
					"rotation": {
						"0.0": {
							"vector": [0, 0, 0]
						},
						"4.08": {
							"vector": [-62.5, 0, 0]
						},
						"5.16": {
							"vector": [0, 0, 0]
						},
						"5.76": {
							"vector": [0, 0, 0]
						}
					}
				},
				"head2": {
					"rotation": {
						"0.0": {
							"vector": [0, 0, 0]
						},
						"4.08": {
							"vector": [-57.5, 0, 0]
						},
						"5.16": {
							"vector": [0, 0, 0]
						},
						"5.6": {
							"vector": [0, 0, 0]
						},
						"5.76": {
							"vector": [0, 0, 0]
						}
					}
				},
				"sphere1": {
					"rotation": {
						"0.0": {
							"vector": [0, 0, 0]
						},
						"4.08": {
							"vector": [-720, -720, -720]
						},
						"5.04": {
							"vector": [720, 720, 720]
						},
						"5.08": {
							"vector": [0, 0, 0]
						},
						"5.16": {
							"vector": [0, 0, 0]
						},
						"5.76": {
							"vector": [0, 0, 0]
						}
					},
					"position": {
						"0.0": {
							"vector": [6, 0, 0]
						},
						"5.08": {
							"vector": [6, 0, 0]
						},
						"5.16": {
							"vector": [6, 0, 0]
						},
						"5.76": {
							"vector": [6, 0, 0]
						}
					},
					"scale": {
						"0.0": {
							"vector": [1, 1, 1]
						},
						"4.08": {
							"vector": [7, 7, 7]
						},
						"4.64": {
							"vector": [7, 7, 7]
						},
						"5.04": {
							"vector": [12, 12, 12]
						},
						"5.08": {
							"vector": [1, 1, 1]
						},
						"5.16": {
							"vector": [1, 1, 1]
						},
						"5.76": {
							"vector": [1, 1, 1]
						}
					}
				},
				"sphere2": {
					"rotation": {
						"0.0": {
							"vector": [0, 0, 0]
						},
						"4.08": {
							"vector": [720, 720, 720]
						},
						"5.04": {
							"vector": [-720, -720, -720]
						},
						"5.08": {
							"vector": [0, 0, 0]
						},
						"5.16": {
							"vector": [0, 0, 0]
						},
						"5.76": {
							"vector": [0, 0, 0]
						}
					},
					"scale": {
						"0.0": {
							"vector": [1, 1, 1]
						},
						"0.48": {
							"vector": [1.3, 1.3, 1.3]
						},
						"1.04": {
							"vector": [1.2, 1.2, 1.2]
						},
						"1.56": {
							"vector": [1.3, 1.3, 1.3]
						},
						"1.96": {
							"vector": [1.2, 1.2, 1.2]
						},
						"2.36": {
							"vector": [1.3, 1.3, 1.3]
						},
						"3.0": {
							"vector": [1.2, 1.2, 1.2]
						},
						"4.08": {
							"vector": [1.4, 1.4, 1.4]
						},
						"4.64": {
							"vector": [1.4, 1.4, 1.4]
						},
						"5.04": {
							"vector": [1.9, 1.9, 1.9]
						},
						"5.08": {
							"vector": [1, 1, 1]
						},
						"5.16": {
							"vector": [1, 1, 1]
						},
						"5.76": {
							"vector": [1, 1, 1]
						}
					}
				}
			}
		},
		"animation.incarnation.death": {
			"animation_length": 1.68,
			"bones": {
				"body1": {
					"rotation": {
						"0.0": {
							"vector": [0, 0, 0]
						},
						"0.48": {
							"vector": [-17.5, 0, 0]
						}
					}
				},
				"armleft1": {
					"rotation": {
						"0.0": {
							"vector": [0, 0, 0]
						},
						"1.2": {
							"vector": [-20, -45, 0]
						},
						"1.64": {
							"vector": [44.53793, -95.86911, -75.691]
						}
					}
				},
				"armright1": {
					"rotation": {
						"0.0": {
							"vector": [0, 0, 0]
						},
						"1.4": {
							"vector": [-156.04286, 74.15814, -68.35159]
						}
					}
				},
				"neck1": {
					"rotation": {
						"0.0": {
							"vector": [0, 0, 0]
						},
						"0.36": {
							"vector": [-22.5, 0, 0]
						},
						"0.72": {
							"vector": [-23.78773, -18.42031, 7.92945]
						},
						"1.08": {
							"vector": [-25.03149, 25.25199, -11.26653]
						},
						"1.28": {
							"vector": [-23.38517, -13.81849, 5.91115]
						}
					}
				},
				"headmain1": {
					"rotation": {
						"0.0": {
							"vector": [0, 0, 0]
						},
						"0.24": {
							"vector": [-20, 0, 0]
						},
						"0.56": {
							"vector": [-13.16783, -15.18892, -48.2367]
						},
						"0.76": {
							"vector": [-10.3141, -17.2294, -58.4333]
						},
						"1.12": {
							"vector": [-16.60179, 11.31335, 33.34411]
						},
						"1.28": {
							"vector": [-13.16783, 15.18892, 48.2367]
						},
						"1.68": {
							"vector": [-14.50581, -28.63311, 58.81191]
						}
					}
				},
				"head1": {
					"rotation": {
						"0.0": {
							"vector": [0, 0, 0]
						},
						"0.48": {
							"vector": [-47.5, 0, 0]
						}
					}
				},
				"head2": {
					"rotation": {
						"0.0": {
							"vector": [0, 0, 0]
						},
						"0.48": {
							"vector": [-27.5, 0, 0]
						}
					}
				}
			}
		}
	},
	"geckolib_format_version": 2
}