{
	"format_version": "1.8.0",
	"animations": {
		"0": {
			"loop": true,
			"animation_length": 25
		},
		"1": {
			"loop": true,
			"animation_length": 2.32,
			"bones": {
				"bone": {
					"scale": {
						"vector": [1, 1, 1]
					}
				},
				"slab1": {
					"position": {
						"0.0": {
							"post": {
								"vector": [0, 0, 0]
							},
							"lerp_mode": "catmullrom"
						},
						"0.96": {
							"post": {
								"vector": [0, 5, 0]
							},
							"lerp_mode": "catmullrom"
						},
						"1.16": {
							"post": {
								"vector": [0, -1, 0]
							},
							"lerp_mode": "catmullrom"
						},
						"1.48": {
							"post": {
								"vector": [0, 0, 0]
							},
							"lerp_mode": "catmullrom"
						},
						"2.32": {
							"post": {
								"vector": [0, 0, 0]
							},
							"lerp_mode": "catmullrom"
						}
					}
				},
				"slab2": {
					"position": {
						"0.48": {
							"pre": {
								"vector": [0, 0, 0]
							},
							"post": {
								"vector": [0, 0, 0]
							},
							"lerp_mode": "catmullrom"
						},
						"1.44": {
							"post": {
								"vector": [0, 5, 0]
							},
							"lerp_mode": "catmullrom"
						},
						"1.64": {
							"post": {
								"vector": [0, -1, 0]
							},
							"lerp_mode": "catmullrom"
						},
						"2.04": {
							"post": {
								"vector": [0, 0, 0]
							},
							"lerp_mode": "catmullrom"
						}
					}
				},
				"slab3": {
					"position": {
						"0.0": {
							"post": {
								"vector": [0, -1, 0]
							},
							"lerp_mode": "catmullrom"
						},
						"0.32": {
							"post": {
								"vector": [0, 0, 0]
							},
							"lerp_mode": "catmullrom"
						},
						"1.08": {
							"post": {
								"vector": [0, 0, 0]
							},
							"lerp_mode": "catmullrom"
						},
						"2.04": {
							"post": {
								"vector": [0, 5, 0]
							},
							"lerp_mode": "catmullrom"
						},
						"2.32": {
							"post": {
								"vector": [0, -1, 0]
							},
							"lerp_mode": "catmullrom"
						}
					}
				},
				"slab4": {
					"position": {
						"0.0": {
							"post": {
								"vector": [0, 5, 0]
							},
							"lerp_mode": "catmullrom"
						},
						"0.2": {
							"post": {
								"vector": [0, -1, 0]
							},
							"lerp_mode": "catmullrom"
						},
						"0.52": {
							"post": {
								"vector": [0, 0, 0]
							},
							"lerp_mode": "catmullrom"
						},
						"1.72": {
							"post": {
								"vector": [0, 0, 0]
							},
							"lerp_mode": "catmullrom"
						},
						"2.32": {
							"post": {
								"vector": [0, 5, 0]
							},
							"lerp_mode": "catmullrom"
						}
					}
				},
				"spike1": {
					"rotation": {
						"0.0": {
							"post": {
								"vector": [13.90065, 363.14124, -20.18309]
							},
							"lerp_mode": "catmullrom"
						},
						"0.56": {
							"post": {
								"vector": [22.8701, 369.3035, -35.21841]
							},
							"lerp_mode": "catmullrom"
						},
						"1.28": {
							"post": {
								"vector": [13.90065, 363.14124, -20.18309]
							},
							"lerp_mode": "catmullrom"
						},
						"2.32": {
							"post": {
								"vector": [13.90065, 363.14124, -20.18309]
							},
							"lerp_mode": "catmullrom"
						}
					}
				},
				"spike2": {
					"rotation": {
						"0.0": {
							"post": {
								"vector": [19.82529, 359.70627, 26.57021]
							},
							"lerp_mode": "catmullrom"
						},
						"0.56": {
							"post": {
								"vector": [25.86047, 353.27787, 37.14108]
							},
							"lerp_mode": "catmullrom"
						},
						"1.28": {
							"post": {
								"vector": [12.60731, 362.42689, 16.52571]
							},
							"lerp_mode": "catmullrom"
						},
						"2.32": {
							"post": {
								"vector": [19.82529, 359.70627, 26.57021]
							},
							"lerp_mode": "catmullrom"
						}
					}
				},
				"spike4": {
					"rotation": {
						"0.0": {
							"post": {
								"vector": [-19.31639, 357.07401, -21.48397]
							},
							"lerp_mode": "catmullrom"
						},
						"0.56": {
							"post": {
								"vector": [-28.35868, 349.50377, -36.78296]
							},
							"lerp_mode": "catmullrom"
						},
						"1.28": {
							"post": {
								"vector": [-21.30414, 356.00566, -24.49386]
							},
							"lerp_mode": "catmullrom"
						},
						"2.32": {
							"post": {
								"vector": [-19.31639, 357.07401, -21.48397]
							},
							"lerp_mode": "catmullrom"
						}
					}
				},
				"spike3": {
					"rotation": {
						"0.0": {
							"post": {
								"vector": [-37.08698, 365.03311, 39.95387]
							},
							"lerp_mode": "catmullrom"
						},
						"0.56": {
							"post": {
								"vector": [-45.88487, 372.98843, 55.84043]
							},
							"lerp_mode": "catmullrom"
						},
						"1.28": {
							"post": {
								"vector": [-40.54939, 367.26883, 45.60951]
							},
							"lerp_mode": "catmullrom"
						},
						"2.32": {
							"post": {
								"vector": [-37.08698, 365.03311, 39.95387]
							},
							"lerp_mode": "catmullrom"
						}
					}
				}
			}
		},
		"2": {
			"loop": true,
			"animation_length": 2.32,
			"bones": {
				"bone": {
					"scale": {
						"vector": [1, 1, 1]
					}
				},
				"slab1": {
					"rotation": {
						"0.0": {
							"post": {
								"vector": [0, 0, 0]
							},
							"lerp_mode": "catmullrom"
						},
						"0.56": {
							"post": {
								"vector": [22.5, 0, 0]
							},
							"lerp_mode": "catmullrom"
						},
						"1.76": {
							"post": {
								"vector": [-22.5, 0, 0]
							},
							"lerp_mode": "catmullrom"
						},
						"2.32": {
							"post": {
								"vector": [0, 0, 0]
							},
							"lerp_mode": "catmullrom"
						}
					},
					"position": {
						"0.0": {
							"post": {
								"vector": [0, 0, 0]
							},
							"lerp_mode": "catmullrom"
						},
						"1.16": {
							"post": {
								"vector": [0, 2, 0]
							},
							"lerp_mode": "catmullrom"
						},
						"2.32": {
							"post": {
								"vector": [0, 0, 0]
							},
							"lerp_mode": "catmullrom"
						}
					}
				},
				"slab2": {
					"rotation": {
						"0.0": {
							"post": {
								"vector": [0, 0, 0]
							},
							"lerp_mode": "catmullrom"
						},
						"0.56": {
							"post": {
								"vector": [0, 0, -22.5]
							},
							"lerp_mode": "catmullrom"
						},
						"1.76": {
							"post": {
								"vector": [0, 0, 22.5]
							},
							"lerp_mode": "catmullrom"
						},
						"2.32": {
							"post": {
								"vector": [0, 0, 0]
							},
							"lerp_mode": "catmullrom"
						}
					},
					"position": {
						"0.0": {
							"post": {
								"vector": [0, 0, 0]
							},
							"lerp_mode": "catmullrom"
						},
						"1.16": {
							"post": {
								"vector": [0, 2, 0]
							},
							"lerp_mode": "catmullrom"
						},
						"2.32": {
							"post": {
								"vector": [0, 0, 0]
							},
							"lerp_mode": "catmullrom"
						}
					}
				},
				"slab3": {
					"rotation": {
						"0.0": {
							"post": {
								"vector": [0, 0, 0]
							},
							"lerp_mode": "catmullrom"
						},
						"0.56": {
							"post": {
								"vector": [-22.5, 0, 0]
							},
							"lerp_mode": "catmullrom"
						},
						"1.76": {
							"post": {
								"vector": [22.5, 0, 0]
							},
							"lerp_mode": "catmullrom"
						},
						"2.32": {
							"post": {
								"vector": [0, 0, 0]
							},
							"lerp_mode": "catmullrom"
						}
					},
					"position": {
						"0.0": {
							"post": {
								"vector": [0, 0, 0]
							},
							"lerp_mode": "catmullrom"
						},
						"1.16": {
							"post": {
								"vector": [0, 2, 0]
							},
							"lerp_mode": "catmullrom"
						},
						"2.32": {
							"post": {
								"vector": [0, 0, 0]
							},
							"lerp_mode": "catmullrom"
						}
					}
				},
				"slab4": {
					"rotation": {
						"0.0": {
							"post": {
								"vector": [0, 0, 0]
							},
							"lerp_mode": "catmullrom"
						},
						"0.56": {
							"post": {
								"vector": [0, 0, 22.5]
							},
							"lerp_mode": "catmullrom"
						},
						"1.76": {
							"post": {
								"vector": [0, 0, -22.5]
							},
							"lerp_mode": "catmullrom"
						},
						"2.32": {
							"post": {
								"vector": [0, 0, 0]
							},
							"lerp_mode": "catmullrom"
						}
					},
					"position": {
						"0.0": {
							"post": {
								"vector": [0, 0, 0]
							},
							"lerp_mode": "catmullrom"
						},
						"1.16": {
							"post": {
								"vector": [0, 2, 0]
							},
							"lerp_mode": "catmullrom"
						},
						"2.32": {
							"post": {
								"vector": [0, 0, 0]
							},
							"lerp_mode": "catmullrom"
						}
					}
				},
				"spike1": {
					"rotation": {
						"0.0": {
							"post": {
								"vector": [13.90065, 363.14124, -20.18309]
							},
							"lerp_mode": "catmullrom"
						},
						"1.28": {
							"post": {
								"vector": [-27.89088, 364.92668, 40.45643]
							},
							"lerp_mode": "catmullrom"
						},
						"2.32": {
							"post": {
								"vector": [13.90065, 363.14124, -20.18309]
							},
							"lerp_mode": "catmullrom"
						}
					}
				},
				"spike2": {
					"rotation": {
						"0.0": {
							"post": {
								"vector": [19.82529, 359.70627, 26.57021]
							},
							"lerp_mode": "catmullrom"
						},
						"1.28": {
							"post": {
								"vector": [-34.97307, 356.82746, -47.83269]
							},
							"lerp_mode": "catmullrom"
						},
						"2.32": {
							"post": {
								"vector": [19.82529, 359.70627, 26.57021]
							},
							"lerp_mode": "catmullrom"
						}
					}
				},
				"spike4": {
					"rotation": {
						"0.0": {
							"post": {
								"vector": [-19.31639, 357.07401, -21.48397]
							},
							"lerp_mode": "catmullrom"
						},
						"1.28": {
							"post": {
								"vector": [23.30661, 359.56531, 37.95087]
							},
							"lerp_mode": "catmullrom"
						},
						"2.32": {
							"post": {
								"vector": [-19.31639, 357.07401, -21.48397]
							},
							"lerp_mode": "catmullrom"
						}
					}
				},
				"spike3": {
					"rotation": {
						"0.0": {
							"post": {
								"vector": [-37.08698, 365.03311, 39.95387]
							},
							"lerp_mode": "catmullrom"
						},
						"1.28": {
							"post": {
								"vector": [-0.09282, 360.20628, -13.81027]
							},
							"lerp_mode": "catmullrom"
						},
						"2.32": {
							"post": {
								"vector": [-37.08698, 365.03311, 39.95387]
							},
							"lerp_mode": "catmullrom"
						}
					}
				}
			}
		}
	},
	"geckolib_format_version": 2
}