{
	"format_version": "1.8.0",
	"animations": {
		"animation.servus_carnis.idle": {
			"loop": true,
			"animation_length": 3.96,
			"bones": {
				"main1": {
					"rotation": {
						"0.0": {
							"vector": [0, 0, 0]
						},
						"3.96": {
							"vector": [0, 0, 0]
						}
					},
					"position": {
						"0.0": {
							"vector": [0, 0, 0]
						},
						"3.96": {
							"vector": [0, 0, 0]
						}
					}
				},
				"body1": {
					"rotation": {
						"0.0": {
							"vector": [-5, 0, 0]
						},
						"1.92": {
							"vector": [5, 0, 0]
						},
						"3.96": {
							"vector": [-5, 0, 0]
						}
					},
					"position": {
						"0.0": {
							"vector": [0, 0, 0]
						},
						"3.96": {
							"vector": [0, 0, 0]
						}
					}
				},
				"armleft1": {
					"rotation": {
						"0.0": {
							"vector": [0, 0, 0]
						},
						"0.2": {
							"vector": [5, 0, 0]
						},
						"0.72": {
							"vector": [2.5, 0, 0]
						},
						"1.24": {
							"vector": [0, 0, 0]
						},
						"2.28": {
							"vector": [-5, 0, 0]
						},
						"3.96": {
							"vector": [0, 0, 0]
						}
					}
				},
				"armright1": {
					"rotation": {
						"0.0": {
							"vector": [0, 0, 0]
						},
						"0.48": {
							"vector": [5, 0, 0]
						},
						"2.6": {
							"vector": [-10, 0, 0]
						},
						"3.96": {
							"vector": [0, 0, 0]
						}
					}
				},
				"head1": {
					"rotation": {
						"0.0": {
							"vector": [22.5, 0, 0]
						},
						"1.6": {
							"vector": [21.14, 0, 0]
						},
						"2.2": {
							"vector": [27.5, 0, 0]
						},
						"2.88": {
							"vector": [17.13, 0, 0]
						},
						"3.96": {
							"vector": [22.5, 0, 0]
						}
					}
				},
				"jaw1": {
					"position": {
						"0.0": {
							"vector": [0, 7, 0]
						},
						"3.96": {
							"vector": [0, 7, 0]
						}
					}
				}
			}
		},
		"animation.servus_carnis.idle_tremor": {
			"animation_length": 3.96,
			"override_previous_animation": true,
			"bones": {
				"main1": {
					"rotation": {
						"0.0": {
							"vector": [0, 0, 0]
						},
						"3.96": {
							"vector": [0, 0, 0]
						}
					},
					"position": {
						"0.0": {
							"vector": [0, 0, 0]
						},
						"3.96": {
							"vector": [0, 0, 0]
						}
					}
				},
				"body1": {
					"rotation": {
						"0.0": {
							"vector": [-5, 0, 0]
						},
						"0.36": {
							"vector": [-3.12797, -2.49628, 0.13637]
						},
						"0.44": {
							"vector": [-2.71168, 2.62614, -0.10707]
						},
						"0.48": {
							"vector": [-2.50304, -2.44007, 0.11412]
						},
						"0.52": {
							"vector": [-2.71168, 2.62614, -0.10707]
						},
						"0.56": {
							"vector": [-2.50304, -2.44007, 0.11412]
						},
						"0.6": {
							"vector": [-2.71168, 2.62614, -0.10707]
						},
						"0.64": {
							"vector": [-2.50304, -2.44007, 0.11412]
						},
						"0.68": {
							"vector": [-2.29506, 2.62371, -0.08919]
						},
						"0.72": {
							"vector": [-2.71168, 2.62614, -0.10707]
						},
						"0.76": {
							"vector": [-2.50304, -2.44007, 0.11412]
						},
						"0.8": {
							"vector": [-2.71168, 2.62614, -0.10707]
						},
						"0.84": {
							"vector": [-2.50304, -2.44007, 0.11412]
						},
						"0.88": {
							"vector": [-2.71168, 2.62614, -0.10707]
						},
						"0.92": {
							"vector": [-2.50304, -2.44007, 0.11412]
						},
						"0.96": {
							"vector": [-2.71168, 2.62614, -0.10707]
						},
						"1.0": {
							"vector": [-2.50304, -2.44007, 0.11412]
						},
						"1.04": {
							"vector": [-2.71168, 2.62614, -0.10707]
						},
						"1.08": {
							"vector": [-2.50304, -2.44007, 0.11412]
						},
						"1.12": {
							"vector": [-2.71168, 2.62614, -0.10707]
						},
						"1.16": {
							"vector": [-2.50304, -2.44007, 0.11412]
						},
						"1.2": {
							"vector": [-2.71168, 2.62614, -0.10707]
						},
						"1.24": {
							"vector": [-2.50304, -2.44007, 0.11412]
						},
						"1.28": {
							"vector": [-2.71168, 2.62614, -0.10707]
						},
						"1.32": {
							"vector": [-2.50304, -2.44007, 0.11412]
						},
						"1.36": {
							"vector": [-2.71168, 2.62614, -0.10707]
						},
						"1.4": {
							"vector": [-2.50304, -2.44007, 0.11412]
						},
						"1.44": {
							"vector": [-2.29506, 2.62371, -0.08919]
						},
						"1.92": {
							"vector": [5, 0, 0]
						},
						"3.96": {
							"vector": [-5, 0, 0]
						}
					},
					"position": {
						"0.0": {
							"vector": [0, 0, 0]
						},
						"3.96": {
							"vector": [0, 0, 0]
						}
					}
				},
				"armleft1": {
					"rotation": {
						"0.0": {
							"vector": [0, 0, 0]
						},
						"0.2": {
							"vector": [5, 0, 0]
						},
						"0.52": {
							"vector": [3.4484, 0.30151, -4.99092]
						},
						"0.72": {
							"vector": [2.4905, 0.21782, -4.99527]
						},
						"1.04": {
							"vector": [0.95788, 0.0838, -4.9993]
						},
						"1.24": {
							"vector": [0, 0, -5]
						},
						"2.28": {
							"vector": [-5, 0, 0]
						},
						"3.96": {
							"vector": [0, 0, 0]
						}
					}
				},
				"armright1": {
					"rotation": {
						"0.0": {
							"vector": [0, 0, 0]
						},
						"0.48": {
							"vector": [5, 0, 0]
						},
						"0.72": {
							"vector": [4.69911, -0.41065, 4.98315]
						},
						"2.6": {
							"vector": [-10, 0, 0]
						},
						"3.96": {
							"vector": [0, 0, 0]
						}
					}
				},
				"head1": {
					"rotation": {
						"0.0": {
							"vector": [22.5, 0, 0]
						},
						"0.24": {
							"vector": [22.25944, 0.84966, -4.92746]
						},
						"0.44": {
							"vector": [22.07585, -0.94458, 5.65722]
						},
						"0.56": {
							"vector": [22.25944, 0.84966, -4.92746]
						},
						"0.64": {
							"vector": [22.07585, -0.94458, 5.65722]
						},
						"0.68": {
							"vector": [22.25944, 0.84966, -4.92746]
						},
						"0.72": {
							"vector": [22.07585, -0.94458, 5.65722]
						},
						"0.76": {
							"vector": [22.25944, 0.84966, -4.92746]
						},
						"0.8": {
							"vector": [22.07585, -0.94458, 5.65722]
						},
						"0.84": {
							"vector": [22.25944, 0.84966, -4.92746]
						},
						"0.88": {
							"vector": [22.07585, -0.94458, 5.65722]
						},
						"0.92": {
							"vector": [22.25944, 0.84966, -4.92746]
						},
						"0.96": {
							"vector": [22.07585, -0.94458, 5.65722]
						},
						"1.0": {
							"vector": [22.25944, 0.84966, -4.92746]
						},
						"1.04": {
							"vector": [22.07585, -0.94458, 5.65722]
						},
						"1.08": {
							"vector": [22.25944, 0.84966, -4.92746]
						},
						"1.12": {
							"vector": [22.07585, -0.94458, 5.65722]
						},
						"1.16": {
							"vector": [22.25944, 0.84966, -4.92746]
						},
						"1.2": {
							"vector": [22.07585, -0.94458, 5.65722]
						},
						"1.24": {
							"vector": [22.25944, 0.84966, -4.92746]
						},
						"1.28": {
							"vector": [22.07585, -0.94458, 5.65722]
						},
						"1.32": {
							"vector": [22.25944, 0.84966, -4.92746]
						},
						"1.36": {
							"vector": [22.07585, -0.94458, 5.65722]
						},
						"1.4": {
							"vector": [22.25944, 0.84966, -4.92746]
						},
						"1.44": {
							"vector": [22.07585, -0.94458, 5.65722]
						},
						"1.48": {
							"vector": [21.9827, 0.8044, -4.79107]
						},
						"1.6": {
							"vector": [21.14, 0, 0]
						},
						"2.2": {
							"vector": [27.5, 0, 0]
						},
						"2.88": {
							"vector": [17.13, 0, 0]
						},
						"3.96": {
							"vector": [22.5, 0, 0]
						}
					}
				},
				"jaw1": {
					"position": {
						"0.0": {
							"vector": [0, 7, 0]
						},
						"3.96": {
							"vector": [0, 7, 0]
						}
					}
				}
			}
		},
		"animation.servus_carnis.walk": {
			"loop": true,
			"animation_length": 1.28,
			"override_previous_animation": true,
			"bones": {
				"main1": {
					"rotation": {
						"0.0": {
							"vector": [0, 0, 0]
						},
						"1.28": {
							"vector": [0, 0, 0]
						}
					},
					"position": {
						"0.0": {
							"vector": [0, 0, 0]
						},
						"1.28": {
							"vector": [0, 0, 0]
						}
					}
				},
				"body1": {
					"rotation": {
						"0.0": {
							"vector": [2.49762, -0.10901, 2.49762]
						},
						"0.64": {
							"vector": [2.49762, 0.10901, -2.49762]
						},
						"1.0": {
							"vector": [2.49762, -0.10901, 2.49762]
						}
					},
					"position": {
						"0.2": {
							"vector": [0, 0, 0]
						},
						"1.28": {
							"vector": [0, 0, 0]
						}
					}
				},
				"armleft1": {
					"rotation": {
						"0.0": {
							"vector": [7.5, 0, 0]
						},
						"0.36": {
							"vector": [-7.5, 0, 0]
						},
						"1.28": {
							"vector": [7.5, 0, 0]
						}
					}
				},
				"armright1": {
					"rotation": {
						"0.0": {
							"vector": [-10, 0, 0]
						},
						"0.76": {
							"vector": [10, 0, 0]
						},
						"1.28": {
							"vector": [-10, 0, 0]
						}
					}
				},
				"head1": {
					"rotation": {
						"0.0": {
							"vector": [25.089, -8.403, 3.25155]
						},
						"0.2": {
							"vector": [22.48116, -1.01741, 4.56195]
						},
						"0.56": {
							"vector": [22.99314, 3.79564, 0.37331]
						},
						"0.72": {
							"vector": [28.57068, 5.6535, 2.05188]
						},
						"1.28": {
							"vector": [25.089, -8.403, 3.25155]
						}
					}
				},
				"jaw1": {
					"position": {
						"0.0": {
							"vector": [0, 7, 0]
						},
						"1.28": {
							"vector": [0, 7, 0]
						}
					}
				},
				"legleft1": {
					"rotation": {
						"0.0": {
							"vector": [22.5, 0, 0]
						},
						"0.68": {
							"vector": [-15, 0, 0]
						},
						"1.28": {
							"vector": [22.5, 0, 0]
						}
					}
				},
				"legright1": {
					"rotation": {
						"0.0": {
							"vector": [-22.5, 0, 0]
						},
						"0.68": {
							"vector": [15, 0, 0]
						},
						"1.28": {
							"vector": [-22.5, 0, 0]
						}
					}
				}
			}
		},
		"animation.servus_carnis.run": {
			"loop": true,
			"animation_length": 0.68,
			"override_previous_animation": true,
			"bones": {
				"main1": {
					"rotation": {
						"0.0": {
							"vector": [0, 0, 0]
						},
						"0.68": {
							"vector": [0, 0, 0],
							"easing": "easeInOutSine"
						}
					},
					"position": {
						"0.0": {
							"vector": [0, 0, 0]
						},
						"0.68": {
							"vector": [0, 0, 0],
							"easing": "easeInOutSine"
						}
					}
				},
				"body1": {
					"rotation": {
						"0.0": {
							"vector": [2.49762, -0.10901, 2.49762]
						},
						"0.24": {
							"vector": [2.49762, 0.10901, -2.49762]
						},
						"0.6": {
							"vector": [2.49762, -0.10901, 2.49762]
						}
					},
					"position": {
						"0.36": {
							"vector": [0, 0, 0]
						},
						"0.68": {
							"vector": [0, 0, 0]
						}
					}
				},
				"armleft1": {
					"rotation": {
						"0.0": {
							"vector": [-15, 0, 0],
							"easing": "easeInOutSine"
						},
						"0.32": {
							"vector": [17.5, 0, 0],
							"easing": "easeInOutSine"
						},
						"0.68": {
							"vector": [-15, 0, 0],
							"easing": "easeInOutSine"
						}
					}
				},
				"armright1": {
					"rotation": {
						"0.0": {
							"vector": [15, 0, 0]
						},
						"0.44": {
							"vector": [-12.12, 0, 0]
						},
						"0.68": {
							"vector": [15, 0, 0],
							"easing": "easeInOutSine"
						}
					}
				},
				"head1": {
					"rotation": {
						"0.0": {
							"vector": [25.089, -8.403, 3.25155]
						},
						"0.2": {
							"vector": [22.99314, 3.79564, 0.37331],
							"easing": "easeInOutSine"
						},
						"0.36": {
							"vector": [22.48116, -1.01741, 4.56195],
							"easing": "easeInOutSine"
						},
						"0.52": {
							"vector": [28.57068, 5.6535, 2.05188],
							"easing": "easeInOutSine"
						},
						"0.68": {
							"vector": [25.089, -8.403, 3.25155],
							"easing": "easeInOutSine"
						}
					}
				},
				"jaw1": {
					"position": {
						"0.0": {
							"vector": [0, 7, 0]
						},
						"0.68": {
							"vector": [0, 7, 0],
							"easing": "easeInOutSine"
						}
					}
				},
				"legleft1": {
					"rotation": {
						"0.0": {
							"vector": [22.5, 0, 0]
						},
						"0.36": {
							"vector": [-15, 0, 0],
							"easing": "easeInOutSine"
						},
						"0.68": {
							"vector": [22.5, 0, 0],
							"easing": "easeInOutSine"
						}
					}
				},
				"legright1": {
					"rotation": {
						"0.0": {
							"vector": [-22.5, 0, 0]
						},
						"0.36": {
							"vector": [15, 0, 0],
							"easing": "easeInOutSine"
						},
						"0.68": {
							"vector": [-22.5, 0, 0],
							"easing": "easeInOutSine"
						}
					}
				}
			}
		},
		"animation.servus_carnis.charge_windup": {
			"animation_length": 1,
			"override_previous_animation": true,
			"bones": {
				"main1": {
					"rotation": {
						"vector": [0, 0, 0]
					},
					"position": {
						"0.0": {
							"vector": [0, 0, -2]
						},
						"1.0": {
							"vector": [0, 0, 2]
						}
					}
				},
				"body1": {
					"rotation": {
						"0.0": {
							"vector": [0, 0, 0]
						},
						"1.0": {
							"vector": [12.5, 0, 0]
						}
					},
					"position": {
						"vector": [0, 0, 0]
					}
				},
				"armleft1": {
					"rotation": {
						"0.0": {
							"vector": [0, 0, 0]
						},
						"1.0": {
							"vector": [10.07558, 0.86717, -12.53729]
						}
					}
				},
				"armright1": {
					"rotation": {
						"0.0": {
							"vector": [0, 0, 0]
						},
						"1.0": {
							"vector": [10, 0, 10]
						}
					}
				},
				"head1": {
					"rotation": {
						"0.0": {
							"vector": [22.5, 0, 0]
						},
						"0.16": {
							"vector": [18.44904, -0.78175, 7.45938]
						},
						"0.2": {
							"vector": [17.49523, 0.34342, -5.34866]
						},
						"0.24": {
							"vector": [18.44904, -0.78175, 7.45938]
						},
						"0.28": {
							"vector": [17.49523, 0.34342, -5.34866]
						},
						"0.32": {
							"vector": [18.44904, -0.78175, 7.45938]
						},
						"0.36": {
							"vector": [17.49523, 0.34342, -5.34866]
						},
						"0.4": {
							"vector": [18.44904, -0.78175, 7.45938]
						},
						"0.44": {
							"vector": [17.49523, 0.34342, -5.34866]
						},
						"0.48": {
							"vector": [18.44904, -0.78175, 7.45938]
						},
						"0.52": {
							"vector": [17.49523, 0.34342, -5.34866]
						},
						"0.56": {
							"vector": [18.44904, -0.78175, 7.45938]
						},
						"0.6": {
							"vector": [17.49523, 0.34342, -5.34866]
						},
						"0.64": {
							"vector": [18.44904, -0.78175, 7.45938]
						},
						"0.68": {
							"vector": [14.99523, 0.34342, -5.34866]
						},
						"0.72": {
							"vector": [13.44904, -0.78175, 7.45938]
						},
						"0.76": {
							"vector": [12.49523, 0.34342, -5.34866]
						},
						"0.8": {
							"vector": [8.44904, -0.78175, 7.45938]
						},
						"0.84": {
							"vector": [7.49523, 0.34342, -5.34866]
						},
						"0.88": {
							"vector": [8.44904, -0.78175, 7.45938]
						},
						"0.92": {
							"vector": [9.99523, 0.34342, -5.34866]
						},
						"0.96": {
							"vector": [8.44904, -0.78175, 7.45938]
						},
						"1.0": {
							"vector": [-2.5, 0, 0]
						}
					}
				},
				"jaw1": {
					"position": {
						"0.0": {
							"vector": [0, 7, 0]
						},
						"1.0": {
							"vector": [0, 0, 0]
						}
					}
				},
				"legleft1": {
					"rotation": {
						"0.0": {
							"vector": [0, 0, 0]
						},
						"1.0": {
							"vector": [10, 0, 0]
						}
					}
				},
				"legright1": {
					"rotation": {
						"0.0": {
							"vector": [0, 0, 0]
						},
						"1.0": {
							"vector": [-12.5, 0, 0]
						}
					}
				}
			}
		},
		"animation.servus_carnis.charge": {
			"loop": true,
			"animation_length": 0.4,
			"override_previous_animation": true,
			"bones": {
				"main1": {
					"rotation": {
						"0.0": {
							"vector": [0, 0, 0]
						},
						"0.4": {
							"vector": [0, 0, 0],
							"easing": "easeInOutSine"
						}
					},
					"position": {
						"0.0": {
							"vector": [0, 0, 0]
						},
						"0.4": {
							"vector": [0, 0, 0],
							"easing": "easeInOutSine"
						}
					}
				},
				"body1": {
					"rotation": {
						"0.0": {
							"vector": [7.49762, -0.10901, 2.49762]
						},
						"0.08": {
							"vector": [-6.23349, -0.48956, -6.21918],
							"easing": "easeInOutSine"
						},
						"0.16": {
							"vector": [2.46207, 0.43399, -9.99067],
							"easing": "easeInOutSine"
						},
						"0.24": {
							"vector": [9.46262, 0.41164, -7.48779],
							"easing": "easeInOutSine"
						},
						"0.32": {
							"vector": [18.38293, -3.9385, 10.24329],
							"easing": "easeInOutSine"
						},
						"0.4": {
							"vector": [7.49762, -0.10901, 2.49762],
							"easing": "easeInOutSine"
						}
					},
					"position": {
						"0.2": {
							"vector": [0, 0, 0]
						},
						"0.4": {
							"vector": [0, 0, 0]
						}
					}
				},
				"armleft1": {
					"rotation": {
						"0.0": {
							"vector": [-37.5, 0, 0]
						},
						"0.16": {
							"vector": [10, 0, 0],
							"easing": "easeInOutSine"
						},
						"0.4": {
							"vector": [-37.5, 0, 0],
							"easing": "easeInOutSine"
						}
					},
					"scale": {
						"0.0": {
							"vector": [1, 1, 1]
						},
						"0.24": {
							"vector": [1, 1.1, 1]
						},
						"0.4": {
							"vector": [1, 1, 1]
						}
					}
				},
				"armright1": {
					"rotation": {
						"0.0": {
							"vector": [15, 0, 0]
						},
						"0.28": {
							"vector": [-38.93, 0, 0],
							"easing": "easeInOutSine"
						},
						"0.4": {
							"vector": [15, 0, 0],
							"easing": "easeInOutSine"
						}
					},
					"scale": {
						"0.0": {
							"vector": [1, 1, 1]
						},
						"0.12": {
							"vector": [1, 1.1, 1]
						},
						"0.4": {
							"vector": [1, 1, 1]
						}
					}
				},
				"head1": {
					"rotation": {
						"0.0": {
							"vector": [19.95524, 1.3603, 5.42118]
						},
						"0.08": {
							"vector": [22.99314, 3.79564, 0.37331],
							"easing": "easeInOutSine"
						},
						"0.2": {
							"vector": [22.48116, -1.01741, 4.56195],
							"easing": "easeInOutSine"
						},
						"0.32": {
							"vector": [28.57068, 5.6535, 2.05188],
							"easing": "easeInOutSine"
						},
						"0.4": {
							"vector": [25.089, -8.403, 3.25155],
							"easing": "easeInOutSine"
						}
					},
					"scale": {
						"0.0": {
							"vector": [1, 1, 1]
						},
						"0.2": {
							"vector": [1, 1.1, 1]
						},
						"0.4": {
							"vector": [1, 1, 1]
						}
					}
				},
				"jaw1": {
					"position": {
						"0.0": {
							"vector": [0, 0, 0]
						},
						"0.4": {
							"vector": [0, 0, 0],
							"easing": "easeInOutSine"
						}
					}
				},
				"legleft1": {
					"rotation": {
						"0.0": {
							"vector": [22.5, 0, 0]
						},
						"0.2": {
							"vector": [-15, 0, 0],
							"easing": "easeInOutSine"
						},
						"0.4": {
							"vector": [22.5, 0, 0],
							"easing": "easeInOutSine"
						}
					}
				},
				"legright1": {
					"rotation": {
						"0.0": {
							"vector": [-22.5, 0, 0]
						},
						"0.2": {
							"vector": [15, 0, 0],
							"easing": "easeInOutSine"
						},
						"0.4": {
							"vector": [-22.5, 0, 0],
							"easing": "easeInOutSine"
						}
					}
				}
			}
		},
		"animation.servus_carnis.attack": {
			"animation_length": 0.4,
			"bones": {
				"armleft1": {
					"rotation": {
						"0.0": {
							"vector": [-107.5, 0, 0]
						},
						"0.4": {
							"vector": [0, 0, 0]
						}
					}
				},
				"armright1": {
					"rotation": {
						"0.0": {
							"vector": [-80, 0, 0]
						},
						"0.4": {
							"vector": [0, 0, 0]
						}
					}
				}
			}
		},
		"animation.servus_carnis.special_attack": {
			"animation_length": 1.88,
			"override_previous_animation": true,
			"bones": {
				"main1": {
					"rotation": {
						"0.0": {
							"vector": [0, 0, 0]
						},
						"1.88": {
							"vector": [0, 0, 0]
						}
					},
					"position": {
						"0.0": {
							"vector": [0, 0, 0]
						},
						"1.88": {
							"vector": [0, 0, 0]
						}
					}
				},
				"body1": {
					"rotation": {
						"0.0": {
							"vector": [0, 0, 0]
						},
						"0.96": {
							"vector": [-11.80868, -31.94715, 6.31274]
						},
						"1.2": {
							"vector": [-16.15359, -51.3798, 12.75141]
						},
						"1.28": {
							"vector": [2.83042, 29.89815, 0.32983]
						},
						"1.64": {
							"vector": [1.1496, -15.5355, -0.41064]
						},
						"1.88": {
							"vector": [0, 0, 0]
						}
					},
					"position": {
						"0.0": {
							"vector": [0, 0, 0]
						},
						"1.88": {
							"vector": [0, 0, 0]
						}
					}
				},
				"armleft1": {
					"rotation": {
						"0.0": {
							"vector": [0, 0, 0]
						},
						"1.16": {
							"vector": [-31.51328, 2.11446, 6.42372]
						},
						"1.32": {
							"vector": [-85.06165, -27.88582, -10.02441]
						},
						"1.68": {
							"vector": [-86.69609, 7.83039, -5.43525]
						},
						"1.88": {
							"vector": [0, 0, 0]
						}
					},
					"position": {
						"0.0": {
							"vector": [0, 0, 0]
						},
						"1.16": {
							"vector": [0, 0, -0.13]
						},
						"1.24": {
							"vector": [0, 0, 1]
						},
						"1.32": {
							"vector": [3.31692, -0.02561, -5.1642]
						},
						"1.44": {
							"vector": [1.8355, -0.0174, -2.39438]
						},
						"1.56": {
							"vector": [2.89325, -0.06903, -5.06135]
						},
						"1.76": {
							"vector": [0.47693, -0.00805, 0.1236]
						},
						"1.88": {
							"vector": [0, 0, 0]
						}
					},
					"scale": {
						"0.0": {
							"vector": [1, 1, 1]
						},
						"1.12": {
							"vector": [1, 1, 1]
						},
						"1.24": {
							"vector": [1, 1, 1]
						},
						"1.32": {
							"vector": [1, 4, 1]
						},
						"1.56": {
							"vector": [1, 4, 1]
						},
						"1.76": {
							"vector": [1, 1, 1]
						},
						"1.88": {
							"vector": [1, 1, 1]
						}
					}
				},
				"armright1": {
					"rotation": {
						"0.0": {
							"vector": [0, 0, 0]
						},
						"0.96": {
							"vector": [20, 0, 0]
						},
						"1.88": {
							"vector": [0, 0, 0]
						}
					}
				},
				"head1": {
					"rotation": {
						"0.0": {
							"vector": [22.5, 0, 0]
						},
						"0.96": {
							"vector": [23.30524, 22.13991, 4.11405]
						},
						"1.2": {
							"vector": [24.00839, 29.4987, 5.72511]
						},
						"1.28": {
							"vector": [1.70987, -23.18032, 15.60673]
						},
						"1.88": {
							"vector": [22.5, 0, 0]
						}
					},
					"position": {
						"0.0": {
							"vector": [0, 0, 0]
						},
						"1.2": {
							"vector": [0.87, 0.22038, 0.06287]
						},
						"1.28": {
							"vector": [1.26833, 0.22885, -2.70905]
						},
						"1.88": {
							"vector": [0, 0, 0]
						}
					},
					"scale": {
						"0.0": {
							"vector": [1, 1, 1]
						},
						"1.0": {
							"vector": [1, 1.3, 1]
						},
						"1.88": {
							"vector": [1, 1, 1]
						}
					}
				},
				"jaw1": {
					"position": {
						"0.0": {
							"vector": [0, 7, 0]
						},
						"1.2": {
							"vector": [0, 1, 0]
						},
						"1.6": {
							"vector": [0, 0.12, 0]
						},
						"1.88": {
							"vector": [0, 7, 0]
						}
					}
				}
			}
		},
		"animation.servus_carnis.spit": {
			"animation_length": 1.88,
			"override_previous_animation": true,
			"bones": {
				"main1": {
					"rotation": {
						"0.0": {
							"vector": [0, 0, 0]
						},
						"1.88": {
							"vector": [0, 0, 0]
						}
					},
					"position": {
						"0.0": {
							"vector": [0, 0, 0]
						},
						"1.88": {
							"vector": [0, 0, 0]
						}
					}
				},
				"body1": {
					"rotation": {
						"0.0": {
							"vector": [0, 0, 0]
						},
						"0.48": {
							"vector": [-31.79, 0, 0]
						},
						"0.56": {
							"vector": [-5, 0, 0]
						},
						"0.68": {
							"vector": [2.5, 0, 0]
						},
						"0.96": {
							"vector": [40, 0, 0]
						},
						"1.68": {
							"vector": [28.7, 0, 0]
						},
						"1.88": {
							"vector": [0, 0, 0]
						}
					},
					"position": {
						"0.0": {
							"vector": [0, 0, 0]
						},
						"1.88": {
							"vector": [0, 0, 0]
						}
					}
				},
				"armleft1": {
					"rotation": {
						"0.0": {
							"vector": [0, 0, 0]
						},
						"0.48": {
							"vector": [35, 0, -27.5]
						},
						"0.76": {
							"vector": [-12.5, 0, -7.5]
						},
						"1.0": {
							"vector": [9.91615, 1.29876, -14.88733]
						},
						"1.44": {
							"vector": [22.41615, 1.29876, -14.88733]
						},
						"1.88": {
							"vector": [0, 0, 0]
						}
					}
				},
				"armright1": {
					"rotation": {
						"0.0": {
							"vector": [0, 0, 0]
						},
						"0.48": {
							"vector": [43.64293, -12.27659, 22.56853]
						},
						"0.88": {
							"vector": [-15, 0, 10]
						},
						"1.0": {
							"vector": [7.43656, -0.9762, 17.43656]
						},
						"1.16": {
							"vector": [-0.06344, -0.9762, 17.43656]
						},
						"1.88": {
							"vector": [0, 0, 0]
						}
					}
				},
				"head1": {
					"rotation": {
						"0.0": {
							"vector": [22.5, 0, 0]
						},
						"0.08": {
							"vector": [15, 0, 0]
						},
						"0.24": {
							"vector": [14.99762, -0.10901, 2.49762]
						},
						"0.48": {
							"vector": [14.97864, 0.32621, -7.49294]
						},
						"0.56": {
							"vector": [-10.02136, 0.32621, -7.49294]
						},
						"0.64": {
							"vector": [12.47864, 0.32621, -7.49294]
						},
						"0.96": {
							"vector": [-42.48073, 0.32444, -0.34997]
						},
						"1.2": {
							"vector": [12.54975, 0.3231, 5.00726]
						},
						"1.32": {
							"vector": [-40.85975, -9.27006, 16.58773]
						},
						"1.44": {
							"vector": [-40.49663, 7.41647, -5.35206]
						},
						"1.88": {
							"vector": [22.5, 0, 0]
						}
					},
					"scale": {
						"0.0": {
							"vector": [1, 1, 1]
						},
						"1.88": {
							"vector": [1, 1, 1]
						}
					}
				},
				"jaw1": {
					"rotation": {
						"0.0": {
							"vector": [0, 0, 0]
						},
						"0.64": {
							"vector": [0, 0, -0.28]
						},
						"0.72": {
							"vector": [0, 0, 2.5]
						},
						"0.84": {
							"vector": [0, 0, -2.5]
						},
						"1.88": {
							"vector": [0, 0, 0]
						}
					},
					"position": {
						"0.0": {
							"vector": [0, 7, 0]
						},
						"0.56": {
							"vector": [0, 7, 0]
						},
						"0.64": {
							"vector": [0, 0, 0]
						},
						"1.68": {
							"vector": [0, -0.13, 0]
						},
						"1.88": {
							"vector": [0, 7, 0]
						}
					}
				}
			}
		},
		"animation.servus_carnis.disabled": {
			"loop": true,
			"animation_length": 3.12,
			"bones": {
				"body1": {
					"rotation": {
						"0.0": {
							"vector": [12.5, 0, 0]
						},
						"1.96": {
							"vector": [7.5, 0, 0]
						},
						"3.12": {
							"vector": [12.5, 0, 0]
						}
					}
				},
				"armleft1": {
					"rotation": {
						"0.0": {
							"vector": [-12.5, 0, 0]
						},
						"2.32": {
							"vector": [-7.07, 0, 0]
						},
						"3.12": {
							"vector": [-12.5, 0, 0]
						}
					},
					"position": {
						"0.0": {
							"vector": [0, -1, 0]
						},
						"3.12": {
							"vector": [0, -1, 0]
						}
					}
				},
				"armright1": {
					"rotation": {
						"0.0": {
							"vector": [-17.5, 0, 0]
						},
						"2.04": {
							"vector": [-12.5, 0, 0]
						},
						"3.12": {
							"vector": [-17.5, 0, 0]
						}
					},
					"position": {
						"0.0": {
							"vector": [0, -2, 0]
						},
						"3.12": {
							"vector": [0, -2, 0]
						}
					}
				},
				"head1": {
					"rotation": {
						"0.0": {
							"vector": [45, 0, 0]
						},
						"1.72": {
							"vector": [52.5, 0, 0]
						},
						"3.12": {
							"vector": [45, 0, 0]
						}
					},
					"position": {
						"0.0": {
							"vector": [0, -1, 0]
						},
						"3.12": {
							"vector": [0, -1, 0]
						}
					}
				},
				"jaw1": {
					"position": {
						"0.0": {
							"vector": [0, 7, 0]
						},
						"3.12": {
							"vector": [0, 7, 0]
						}
					}
				}
			}
		}
	},
	"geckolib_format_version": 2
}