{
	"format_version": "1.8.0",
	"animations": {
		"0": {
			"loop": true,
			"animation_length": 4.04,
			"bones": {
				"head": {
					"rotation": {
						"0.0": {
							"vector": [-5, 7.5, 7.5]
						},
						"0.04": {
							"vector": [-4.32548, 7.90672, 12.52885]
						},
						"0.08": {
							"vector": [-5.63535, 7.03631, 2.48118]
						},
						"0.12": {
							"vector": [-5.63535, 7.03631, 2.48118]
						},
						"0.16": {
							"vector": [-4.32548, 7.90672, 12.52885]
						},
						"0.2": {
							"vector": [-5.63535, 7.03631, 2.48118]
						},
						"0.24": {
							"vector": [-4.32548, 7.90672, 12.52885]
						},
						"0.28": {
							"vector": [-5.63535, 7.03631, 2.48118]
						},
						"0.32": {
							"vector": [-4.32548, 7.90672, 12.52885]
						},
						"0.36": {
							"vector": [-5.63535, 7.03631, 2.48118]
						},
						"0.4": {
							"vector": [-4.32548, 7.90672, 12.52885]
						},
						"0.44": {
							"vector": [-5.63535, 7.03631, 2.48118]
						},
						"0.48": {
							"vector": [-4.32548, 7.90672, 12.52885]
						},
						"0.52": {
							"vector": [-5.63535, 7.03631, 2.48118]
						},
						"0.56": {
							"vector": [-4.32548, 7.90672, 12.52885]
						},
						"0.6": {
							"vector": [-5.63535, 7.03631, 2.48118]
						},
						"0.64": {
							"vector": [-4.32548, 7.90672, 12.52885]
						},
						"0.68": {
							"vector": [-5.63535, 7.03631, 2.48118]
						},
						"0.72": {
							"vector": [-5.63535, 7.03631, 2.48118]
						},
						"0.76": {
							"vector": [-4.32548, 7.90672, 12.52885]
						},
						"0.8": {
							"vector": [-5.63535, 7.03631, 2.48118]
						},
						"0.84": {
							"vector": [-4.32548, 7.90672, 12.52885]
						},
						"0.88": {
							"vector": [-5.63535, 7.03631, 2.48118]
						},
						"0.92": {
							"vector": [-4.32548, 7.90672, 12.52885]
						},
						"0.96": {
							"vector": [-5.63535, 7.03631, 2.48118]
						},
						"1.0": {
							"vector": [-4.32548, 7.90672, 12.52885]
						},
						"1.04": {
							"vector": [-5.63535, 7.03631, 2.48118]
						},
						"1.08": {
							"vector": [-4.32548, 7.90672, 12.52885]
						},
						"1.12": {
							"vector": [-5.63535, 7.03631, 2.48118]
						},
						"1.16": {
							"vector": [-4.32548, 7.90672, 12.52885]
						},
						"1.2": {
							"vector": [-5.63535, 7.03631, 2.48118]
						},
						"1.24": {
							"vector": [-4.32548, 7.90672, 12.52885]
						},
						"1.28": {
							"vector": [-5.63535, 7.03631, 2.48118]
						},
						"1.32": {
							"vector": [-5.63535, 7.03631, 2.48118]
						},
						"1.36": {
							"vector": [-4.32548, 7.90672, 12.52885]
						},
						"1.4": {
							"vector": [-5.63535, 7.03631, 2.48118]
						},
						"1.44": {
							"vector": [-4.32548, 7.90672, 12.52885]
						},
						"1.48": {
							"vector": [-5.63535, 7.03631, 2.48118]
						},
						"1.52": {
							"vector": [-4.32548, 7.90672, 12.52885]
						},
						"1.56": {
							"vector": [-5.63535, 7.03631, 2.48118]
						},
						"1.6": {
							"vector": [-4.32548, 7.90672, 12.52885]
						},
						"1.64": {
							"vector": [-5.63535, 7.03631, 2.48118]
						},
						"1.68": {
							"vector": [-4.32548, 7.90672, 12.52885]
						},
						"1.72": {
							"vector": [-5.63535, 7.03631, 2.48118]
						},
						"1.76": {
							"vector": [-4.32548, 7.90672, 12.52885]
						},
						"1.8": {
							"vector": [-5.63535, 7.03631, 2.48118]
						},
						"1.84": {
							"vector": [-4.32548, 7.90672, 12.52885]
						},
						"1.88": {
							"vector": [-4.32548, 7.90672, 12.52885]
						},
						"1.92": {
							"vector": [-5.63535, 7.03631, 2.48118]
						},
						"1.96": {
							"vector": [-5.63535, 7.03631, 2.48118]
						},
						"2.0": {
							"vector": [-4.32548, 7.90672, 12.52885]
						},
						"2.04": {
							"vector": [-5.63535, 7.03631, 2.48118]
						},
						"2.08": {
							"vector": [-4.32548, 7.90672, 12.52885]
						},
						"2.12": {
							"vector": [-5.63535, 7.03631, 2.48118]
						},
						"2.16": {
							"vector": [-4.32548, 7.90672, 12.52885]
						},
						"2.2": {
							"vector": [-5.63535, 7.03631, 2.48118]
						},
						"2.24": {
							"vector": [-4.32548, 7.90672, 12.52885]
						},
						"2.28": {
							"vector": [-5.63535, 7.03631, 2.48118]
						},
						"2.32": {
							"vector": [-4.32548, 7.90672, 12.52885]
						},
						"2.36": {
							"vector": [-5.63535, 7.03631, 2.48118]
						},
						"2.4": {
							"vector": [-4.32548, 7.90672, 12.52885]
						},
						"2.44": {
							"vector": [-5.63535, 7.03631, 2.48118]
						},
						"2.48": {
							"vector": [-4.32548, 7.90672, 12.52885]
						},
						"2.52": {
							"vector": [-5.63535, 7.03631, 2.48118]
						},
						"2.56": {
							"vector": [-5.63535, 7.03631, 2.48118]
						},
						"2.6": {
							"vector": [-4.32548, 7.90672, 12.52885]
						},
						"2.64": {
							"vector": [-5.63535, 7.03631, 2.48118]
						},
						"2.68": {
							"vector": [-4.32548, 7.90672, 12.52885]
						},
						"2.72": {
							"vector": [-5.63535, 7.03631, 2.48118]
						},
						"2.76": {
							"vector": [-4.32548, 7.90672, 12.52885]
						},
						"2.8": {
							"vector": [-5.63535, 7.03631, 2.48118]
						},
						"2.84": {
							"vector": [-8.64101, 2.54738, -32.36456]
						},
						"2.88": {
							"vector": [-5.63535, 7.03631, 2.48118]
						},
						"2.92": {
							"vector": [-4.32548, 7.90672, 12.52885]
						},
						"2.96": {
							"vector": [-5.63535, 7.03631, 2.48118]
						},
						"3.0": {
							"vector": [-4.32548, 7.90672, 12.52885]
						},
						"3.04": {
							"vector": [-5.63535, 7.03631, 2.48118]
						},
						"3.08": {
							"vector": [-5.63535, 7.03631, 2.48118]
						},
						"3.12": {
							"vector": [-4.32548, 7.90672, 12.52885]
						},
						"3.16": {
							"vector": [-5.63535, 7.03631, 2.48118]
						},
						"3.2": {
							"vector": [-4.32548, 7.90672, 12.52885]
						},
						"3.24": {
							"vector": [-5.63535, 7.03631, 2.48118]
						},
						"3.28": {
							"vector": [-4.32548, 7.90672, 12.52885]
						},
						"3.32": {
							"vector": [-5.63535, 7.03631, 2.48118]
						},
						"3.36": {
							"vector": [-4.32548, 7.90672, 12.52885]
						},
						"3.4": {
							"vector": [-5.63535, 7.03631, 2.48118]
						},
						"3.44": {
							"vector": [-4.32548, 7.90672, 12.52885]
						},
						"3.48": {
							"vector": [-5.63535, 7.03631, 2.48118]
						},
						"3.52": {
							"vector": [-4.32548, 7.90672, 12.52885]
						},
						"3.56": {
							"vector": [-5.63535, 7.03631, 2.48118]
						},
						"3.6": {
							"vector": [-4.32548, 7.90672, 12.52885]
						},
						"3.64": {
							"vector": [-5.63535, 7.03631, 2.48118]
						},
						"3.68": {
							"vector": [-4.32548, 7.90672, 12.52885]
						},
						"3.72": {
							"vector": [-5.63535, 7.03631, 2.48118]
						},
						"3.76": {
							"vector": [-4.32548, 7.90672, 12.52885]
						},
						"3.8": {
							"vector": [-5.63535, 7.03631, 2.48118]
						},
						"3.84": {
							"vector": [-4.32548, 7.90672, 12.52885]
						},
						"3.88": {
							"vector": [-5.63535, 7.03631, 2.48118]
						},
						"3.92": {
							"vector": [-4.32548, 7.90672, 12.52885]
						},
						"3.96": {
							"vector": [-5.63535, 7.03631, 2.48118]
						},
						"4.0": {
							"vector": [-4.32548, 7.90672, 12.52885]
						},
						"4.04": {
							"vector": [-5, 7.5, 7.5]
						}
					},
					"position": {
						"0.0": {
							"vector": [1, 5, 0]
						},
						"2.0": {
							"vector": [1, 2, 0]
						},
						"2.8": {
							"vector": [1, 3.2, 0]
						},
						"2.84": {
							"vector": [1, 5.26, 0]
						},
						"2.88": {
							"vector": [1, 4.25, 0]
						},
						"4.0": {
							"vector": [1, 5, 0]
						}
					}
				},
				"jaw": {
					"rotation": {
						"0.0": {
							"vector": [45, 0, 0]
						},
						"0.52": {
							"vector": [41.76, 0, 0]
						},
						"0.56": {
							"vector": [18.75, 0, 0]
						},
						"0.6": {
							"vector": [41.76, 0, 0]
						},
						"0.64": {
							"vector": [18.75, 0, 0]
						},
						"0.68": {
							"vector": [41.76, 0, 0]
						},
						"0.72": {
							"vector": [18.75, 0, 0]
						},
						"0.76": {
							"vector": [41.76, 0, 0]
						},
						"0.8": {
							"vector": [18.75, 0, 0]
						},
						"0.84": {
							"vector": [41.76, 0, 0]
						},
						"0.88": {
							"vector": [18.75, 0, 0]
						},
						"0.92": {
							"vector": [41.35, 0, 0]
						},
						"2.04": {
							"vector": [22.5, 0, 0]
						},
						"3.0": {
							"vector": [41.76, 0, 0]
						},
						"3.04": {
							"vector": [18.75, 0, 0]
						},
						"3.08": {
							"vector": [41.76, 0, 0]
						},
						"3.12": {
							"vector": [18.75, 0, 0]
						},
						"3.16": {
							"vector": [41.76, 0, 0]
						},
						"3.2": {
							"vector": [18.75, 0, 0]
						},
						"3.24": {
							"vector": [41.76, 0, 0]
						},
						"3.28": {
							"vector": [18.75, 0, 0]
						},
						"3.32": {
							"vector": [41.76, 0, 0]
						},
						"3.36": {
							"vector": [18.75, 0, 0]
						},
						"3.4": {
							"vector": [41.35, 0, 0]
						},
						"4.0": {
							"vector": [45, 0, 0]
						}
					}
				}
			}
		},
		"1": {
			"loop": true,
			"bones": {
				"head": {
					"position": {
						"vector": [0, 0, 0]
					}
				},
				"jaw": {
					"rotation": {
						"vector": [0, 0, 0]
					},
					"position": {
						"vector": [0, 0, 0]
					}
				}
			}
		}
	},
	"geckolib_format_version": 2
}