{
	"format_version": "1.8.0",
	"animations": {
		"0": {
			"animation_length": 1,
			"bones": {
				"bone": {
					"rotation": {
						"0.0": {
							"vector": [0, 0, 0]
						},
						"0.2": {
							"vector": [45, 0, 0]
						},
						"0.32": {
							"vector": [50, 0, 0]
						},
						"0.44": {
							"vector": [45, 0, 0]
						},
						"1.0": {
							"vector": [0, 0, 0]
						}
					},
					"position": {
						"0.0": {
							"vector": [0, 0, 0]
						},
						"0.16": {
							"vector": [0, 0, 1.5]
						},
						"0.52": {
							"vector": [0, 0, 1.5]
						},
						"1.0": {
							"vector": [0, 0, 0]
						}
					}
				},
				"bone2": {
					"rotation": {
						"0.0": {
							"vector": [0, 0, 0]
						},
						"0.2": {
							"vector": [0, 45, 0]
						},
						"0.32": {
							"vector": [0, 50, 0]
						},
						"0.44": {
							"vector": [0, 45, 0]
						},
						"1.0": {
							"vector": [0, 0, 0]
						}
					},
					"position": {
						"0.0": {
							"vector": [0, 0, 0]
						},
						"0.16": {
							"vector": [0, 0, 1.5]
						},
						"0.52": {
							"vector": [0, 0, 1.5]
						},
						"1.0": {
							"vector": [0, 0, 0]
						}
					}
				},
				"bone3": {
					"rotation": {
						"0.0": {
							"vector": [0, 0, 0]
						},
						"0.2": {
							"vector": [-45, 0, 0]
						},
						"0.32": {
							"vector": [-50, 0, 0]
						},
						"0.44": {
							"vector": [-45, 0, 0]
						},
						"1.0": {
							"vector": [0, 0, 0]
						}
					},
					"position": {
						"0.0": {
							"vector": [0, 0, 0]
						},
						"0.16": {
							"vector": [0, 0, 1.5]
						},
						"0.52": {
							"vector": [0, 0, 1.5]
						},
						"1.0": {
							"vector": [0, 0, 0]
						}
					}
				},
				"bone4": {
					"rotation": {
						"0.0": {
							"vector": [0, 0, 0]
						},
						"0.2": {
							"vector": [0, -45, 0]
						},
						"0.32": {
							"vector": [0, -50, 0]
						},
						"0.44": {
							"vector": [0, -45, 0]
						},
						"1.0": {
							"vector": [0, 0, 0]
						}
					},
					"position": {
						"0.0": {
							"vector": [0, 0, 0]
						},
						"0.16": {
							"vector": [0, 0, 1.5]
						},
						"0.52": {
							"vector": [0, 0, 1.5]
						},
						"1.0": {
							"vector": [0, 0, 0]
						}
					}
				}
			}
		}
	}
}