{
	"format_version": "1.8.0",
	"animations": {
		"0": {
			"loop": true,
			"animation_length": 4.32,
			"bones": {
				"item": {
					"rotation": {
						"0.0": {
							"vector": [0, 0, 0]
						},
						"4.32": {
							"vector": [0, -360, 0],
							"easing": "linear"
						}
					},
					"position": {
						"0.0": {
							"vector": [0, -4.5, 0]
						},
						"2.16": {
							"vector": [0, -1.5, 0],
							"easing": "easeInOutSine"
						},
						"4.32": {
							"vector": [0, -4.5, 0],
							"easing": "linear"
						}
					},
					"scale": {
						"0.0": {
							"vector": [0.5, 0.5, 0.5]
						},
						"4.32": {
							"vector": [0.5, 0.5, 0.5],
							"easing": "linear"
						}
					}
				}
			}
		},
		"1": {
			"animation_length": 6.16,
			"bones": {
				"item": {
					"rotation": {
						"0.0": {
							"vector": [0, 0, 0]
						},
						"2.4": {
							"vector": [0, 360, 0]
						},
						"3.6": {
							"vector": [0, 720, 0]
						},
						"4.2": {
							"vector": [0, 1080, 0]
						},
						"4.6": {
							"vector": [0, 1440, 0]
						},
						"4.92": {
							"vector": [0, 1800, 0]
						},
						"5.12": {
							"vector": [0, 2160, 0]
						},
						"5.24": {
							"vector": [0, 2520, 0]
						},
						"5.32": {
							"vector": [0, 2880, 0]
						}
					},
					"position": {
						"0.0": {
							"vector": [0, -4.5, 0]
						},
						"5.32": {
							"vector": [0, 2.5, 0]
						}
					},
					"scale": {
						"0.0": {
							"vector": [0.5, 0.5, 0.5]
						},
						"2.4": {
							"vector": [0.5, 0.5, 0.5]
						},
						"5.32": {
							"vector": [0.5, 0.5, 0.5]
						},
						"5.36": {
							"vector": [0, 0, 0]
						}
					}
				}
			}
		}
	},
	"geckolib_format_version": 2
}