{
	"format_version": "1.8.0",
	"animations": {
		"0": {
			"loop": true,
			"animation_length": 25,
			"bones": {
				"circle1": {
					"rotation": {
						"0.0": {
							"vector": [0, 0, 0]
						},
						"25.0": {
							"vector": [0, 360, 0]
						}
					},
					"scale": {
						"vector": [1, 1, 1]
					}
				}
			}
		},
		"1": {
			"loop": true,
			"bones": {
				"bone": {
					"scale": {
						"vector": [1, 1, 1]
					}
				},
				"circle1": {
					"scale": {
						"vector": [0, 0, 0]
					}
				}
			}
		}
	},
	"geckolib_format_version": 2
}