{
	"format_version": "1.8.0",
	"animations": {
		"0": {
			"loop": true,
			"animation_length": 6.24,
			"bones": {
				"item": {
					"rotation": {
						"0.0": {
							"vector": [0, 0, 0]
						},
						"6.24": {
							"vector": [0, -360, 0],
							"easing": "linear"
						}
					},
					"position": {
						"0.0": {
							"vector": [0, -4.5, 0]
						},
						"3.36": {
							"vector": [0, -1.5, 0],
							"easing": "easeInOutSine"
						},
						"6.24": {
							"vector": [0, -4.5, 0],
							"easing": "linear"
						}
					},
					"scale": {
						"0.0": {
							"vector": [0.5, 0.5, 0.5]
						},
						"6.24": {
							"vector": [0.5, 0.5, 0.5],
							"easing": "linear"
						}
					}
				}
			}
		}
	},
	"geckolib_format_version": 2
}