{
	"format_version": "1.8.0",
	"animations": {
		"0": {
			"animation_length": 0.88,
			"bones": {
				"laserbeam": {
					"position": {
						"0.0": {
							"vector": [0, -1, 0]
						},
						"0.88": {
							"vector": [0, -1, 0]
						}
					},
					"scale": {
						"0.0": {
							"vector": [1, 0.1, 1]
						},
						"0.24": {
							"vector": [1, 1, 1],
							"easing": "easeOutSine"
						},
						"0.36": {
							"vector": [1, 1.0625, 1]
						},
						"0.88": {
							"vector": [1, 0.1, 1]
						}
					}
				}
			}
		}
	},
	"geckolib_format_version": 2
}