{
	"format_version": "1.8.0",
	"animations": {
		"0": {
			"loop": true,
			"animation_length": 4.32,
			"bones": {
				"item": {
					"rotation": {
						"0.0": {
							"vector": [0, 0, 0]
						},
						"4.32": {
							"vector": [360, -360, -360],
							"easing": "linear"
						}
					},
					"position": {
						"0.0": {
							"vector": [0, -4.5, 0]
						},
						"2.16": {
							"vector": [0, -1.5, 0],
							"easing": "easeInOutSine"
						},
						"4.32": {
							"vector": [0, -4.5, 0],
							"easing": "linear"
						}
					},
					"scale": {
						"0.0": {
							"vector": [0.5, 0.5, 0.5]
						},
						"4.32": {
							"vector": [0.5, 0.5, 0.5],
							"easing": "linear"
						}
					}
				}
			}
		}
	}
}