{
	"format_version": "1.8.0",
	"animations": {
		"animation.predator_specter.idle": {
			"loop": true,
			"animation_length": 4,
			"bones": {
				"body1": {
					"rotation": {
						"0.6": {
							"vector": [2.5, 0, 0]
						},
						"1.56": {
							"vector": [-2.27, 0, 0],
							"easing": "linear"
						},
						"2.68": {
							"vector": [12.5, 0, 0],
							"easing": "easeInOutSine"
						},
						"4.0": {
							"vector": [2.5, 0, 0],
							"easing": "easeInOutSine"
						}
					},
					"position": {
						"0.0": {
							"vector": [0, 6, 0],
							"easing": "easeInOutSine"
						},
						"2.0": {
							"vector": [0, 1, 0],
							"easing": "easeInOutSine"
						},
						"4.0": {
							"vector": [0, 6, 0],
							"easing": "easeInOutSine"
						}
					}
				},
				"core1": {
					"rotation": {
						"0.0": {
							"vector": [0, 0, 0]
						},
						"4.0": {
							"vector": [360, 360, 357.5]
						}
					}
				},
				"armleft1": {
					"rotation": {
						"0.0": {
							"vector": [0, 0, 0]
						},
						"2.2": {
							"vector": [-5, -12.5, 0],
							"easing": "easeInOutSine"
						},
						"3.04": {
							"vector": [7.55556, -6.11111, 0],
							"easing": "easeInOutSine"
						},
						"3.64": {
							"vector": [0, 0, 0]
						}
					},
					"position": {
						"0.0": {
							"vector": [0, 0, 0]
						},
						"2.8": {
							"vector": [0, -2.06161, -2.1794],
							"easing": "easeInOutSine"
						},
						"4.0": {
							"vector": [0, 0, 0]
						}
					}
				},
				"armleft2": {
					"rotation": {
						"0.0": {
							"vector": [0, 0, 0]
						},
						"1.6": {
							"vector": [-20.2378, 1.6988, -21.47836],
							"easing": "easeInOutSine"
						},
						"2.44": {
							"vector": [0, 15, 0],
							"easing": "easeInOutSine"
						},
						"3.2": {
							"vector": [56.06731, 10.55813, 56.72158],
							"easing": "easeInOutSine"
						},
						"4.0": {
							"vector": [0, 0, 0]
						}
					}
				},
				"clawleft1": {
					"rotation": {
						"0.0": {
							"vector": [0, 0, 0]
						},
						"1.56": {
							"vector": [0, 0, 22.5],
							"easing": "easeInOutSine"
						},
						"3.08": {
							"vector": [0, 0, -16.52],
							"easing": "easeInOutSine"
						},
						"4.0": {
							"vector": [0, 0, 0]
						}
					}
				},
				"clawleft2": {
					"rotation": {
						"0.0": {
							"vector": [0, 0, 0]
						},
						"1.0": {
							"vector": [0, 0, 17.84],
							"easing": "easeInOutSine"
						},
						"2.32": {
							"vector": [0, 0, -5],
							"easing": "easeInOutSine"
						},
						"4.0": {
							"vector": [0, 0, 0]
						}
					}
				},
				"clawleft3": {
					"rotation": {
						"0.0": {
							"vector": [0, 0, 0]
						},
						"1.44": {
							"vector": [0, 0, 27.5],
							"easing": "easeInOutSine"
						},
						"2.88": {
							"vector": [0, 0, -7.5],
							"easing": "easeInOutSine"
						},
						"4.0": {
							"vector": [0, 0, 0]
						}
					}
				},
				"armright1": {
					"rotation": {
						"0.0": {
							"vector": [0, 0, 0]
						},
						"1.44": {
							"vector": [-13.88578, 1.12507, -21.52151],
							"easing": "easeInOutSine"
						},
						"3.12": {
							"vector": [5.65318, 4.20259, -1.27777],
							"easing": "easeInOutSine"
						},
						"4.0": {
							"vector": [0, 0, 0]
						}
					},
					"position": {
						"0.0": {
							"vector": [0, 0, 0]
						},
						"1.24": {
							"vector": [0, -2.11869, -2.00091],
							"easing": "easeInOutSine"
						},
						"4.0": {
							"vector": [0, 0, 0]
						}
					}
				},
				"armright2": {
					"rotation": {
						"0.0": {
							"vector": [0, 0, 0]
						},
						"1.72": {
							"vector": [-17.68708, -2.8303, 19.99411],
							"easing": "easeInOutSine"
						},
						"2.84": {
							"vector": [38.13449, -14.25567, -37.47894],
							"easing": "easeInOutSine"
						},
						"3.72": {
							"vector": [0, 0, 0],
							"easing": "easeInOutSine"
						},
						"4.0": {
							"vector": [0, 0, 0]
						}
					}
				},
				"clawright1": {
					"rotation": {
						"0.0": {
							"vector": [0, 0, 0]
						},
						"1.28": {
							"vector": [0, 0, 22.5],
							"easing": "easeInOutSine"
						},
						"2.32": {
							"vector": [0, 0, 25.63],
							"easing": "easeInOutSine"
						},
						"3.48": {
							"vector": [0, 0, -7.5],
							"easing": "easeInOutSine"
						},
						"4.0": {
							"vector": [0, 0, 0]
						}
					}
				},
				"clawright2": {
					"rotation": {
						"0.0": {
							"vector": [0, 0, 0]
						},
						"0.84": {
							"vector": [0, 0, 12.5],
							"easing": "easeInOutSine"
						},
						"2.4": {
							"vector": [0, 0, -17.5],
							"easing": "easeInOutSine"
						},
						"4.0": {
							"vector": [0, 0, 0]
						}
					}
				},
				"clawright3": {
					"rotation": {
						"0.0": {
							"vector": [0, 0, 0]
						},
						"1.6": {
							"vector": [0, 0, -22.5],
							"easing": "easeInOutSine"
						},
						"2.8": {
							"vector": [0, 0, -2.5],
							"easing": "easeInOutSine"
						},
						"4.0": {
							"vector": [0, 0, 0]
						}
					}
				},
				"rib1": {
					"rotation": {
						"0.0": {
							"vector": [0, 0, 0]
						},
						"1.0": {
							"vector": [0, 0, 0],
							"easing": "easeInOutSine"
						},
						"1.48": {
							"vector": [0, -20, 0],
							"easing": "easeInOutSine"
						},
						"1.76": {
							"vector": [0, -22.5, 0],
							"easing": "easeInOutSine"
						},
						"1.92": {
							"vector": [0, 5, 0],
							"easing": "easeInOutSine"
						},
						"2.08": {
							"vector": [0, 0, 0],
							"easing": "easeInOutSine"
						},
						"4.0": {
							"vector": [0, 0, 0]
						}
					}
				},
				"rib3": {
					"rotation": {
						"0.0": {
							"vector": [0, 0, 0]
						},
						"0.48": {
							"vector": [0, 20, 0],
							"easing": "easeInOutSine"
						},
						"0.76": {
							"vector": [0, 22.5, 0],
							"easing": "easeInOutSine"
						},
						"0.92": {
							"vector": [0, -5, 0],
							"easing": "easeInOutSine"
						},
						"1.08": {
							"vector": [0, 0, 0],
							"easing": "easeInOutSine"
						},
						"4.0": {
							"vector": [0, 0, 0]
						}
					}
				},
				"rib2": {
					"rotation": {
						"0.0": {
							"vector": [0, 0, 0]
						},
						"2.36": {
							"vector": [0, 0, 0],
							"easing": "easeInOutSine"
						},
						"2.84": {
							"vector": [0, -20, 0],
							"easing": "easeInOutSine"
						},
						"3.12": {
							"vector": [0, -22.5, 0],
							"easing": "easeInOutSine"
						},
						"3.28": {
							"vector": [0, 5, 0],
							"easing": "easeInOutSine"
						},
						"3.44": {
							"vector": [0, 0, 0],
							"easing": "easeInOutSine"
						},
						"4.0": {
							"vector": [0, 0, 0]
						}
					}
				},
				"rib4": {
					"rotation": {
						"0.0": {
							"vector": [0, 0, 0]
						},
						"2.04": {
							"vector": [0, 0, 0],
							"easing": "easeInOutSine"
						},
						"2.52": {
							"vector": [0, 20, 0],
							"easing": "easeInOutSine"
						},
						"2.8": {
							"vector": [0, 22.5, 0],
							"easing": "easeInOutSine"
						},
						"2.96": {
							"vector": [0, -5, 0],
							"easing": "easeInOutSine"
						},
						"3.12": {
							"vector": [0, 0, 0],
							"easing": "easeInOutSine"
						},
						"4.0": {
							"vector": [0, 0, 0]
						}
					}
				},
				"headmain1": {
					"rotation": {
						"0.56": {
							"vector": [0, 0, 0]
						},
						"1.44": {
							"vector": [-10, 0, 0],
							"easing": "easeInOutSine"
						},
						"2.88": {
							"vector": [3.33, 0, 0],
							"easing": "easeInOutSine"
						},
						"4.0": {
							"vector": [0, 0, 0],
							"easing": "easeInOutSine"
						}
					},
					"position": {
						"0.56": {
							"vector": [0, 1.40701, -0.14256]
						},
						"2.08": {
							"vector": [0, -0.00475, -1.55368],
							"easing": "easeInOutSine"
						},
						"3.12": {
							"vector": [0, 3.5877, 0.48184],
							"easing": "easeInOutSine"
						},
						"4.0": {
							"vector": [0, 1.40701, -0.14256],
							"easing": "easeInOutSine"
						}
					}
				},
				"head1": {
					"rotation": {
						"vector": [0, 0, 0]
					}
				},
				"jaw1": {
					"rotation": {
						"vector": [0, 0, 0]
					}
				},
				"body2": {
					"rotation": {
						"0.32": {
							"vector": [0, 0, 0]
						},
						"1.2": {
							"vector": [-10, 0, 0],
							"easing": "easeInOutSine"
						},
						"2.48": {
							"vector": [10, 0, 0],
							"easing": "easeInOutSine"
						},
						"3.08": {
							"vector": [15, 0, 0],
							"easing": "easeInOutSine"
						},
						"3.64": {
							"vector": [-18.25, 0, 0]
						},
						"4.0": {
							"vector": [0, 0, 0],
							"easing": "easeInOutSine"
						}
					}
				},
				"body3": {
					"rotation": {
						"0.0": {
							"vector": [-5, 0, 0]
						},
						"0.36": {
							"vector": [0, 0, 0]
						},
						"1.52": {
							"vector": [-20, 0, 0],
							"easing": "easeInOutSine"
						},
						"3.24": {
							"vector": [5, 0, 0],
							"easing": "easeInOutSine"
						},
						"3.76": {
							"vector": [-12.71, 0, 0]
						},
						"4.0": {
							"vector": [-5, 0, 0]
						}
					}
				}
			}
		},
		"animation.predator_specter.agression": {
			"loop": true,
			"animation_length": 1.76,
			"bones": {
				"body1": {
					"rotation": {
						"0.0": {
							"vector": [-6.93319, -11.06861, -5.84485]
						},
						"0.2": {
							"vector": [-7.13918, -8.86042, -4.65468]
						},
						"1.04": {
							"vector": [7.93717, -7.35559, -6.79333]
						},
						"1.76": {
							"vector": [-6.93319, -11.06861, -5.84485]
						}
					},
					"position": {
						"0.0": {
							"vector": [0, 6, 0]
						},
						"0.88": {
							"vector": [0, -1, 0]
						},
						"1.56": {
							"vector": [0, 6, 0]
						}
					}
				},
				"core1": {
					"rotation": {
						"0.0": {
							"vector": [0, 0, 360]
						},
						"1.76": {
							"vector": [360, 360, 360]
						}
					}
				},
				"armleft1": {
					"rotation": {
						"0.0": {
							"vector": [-2.53908, 4.9993, -17.40773]
						},
						"0.88": {
							"vector": [-5.18826, -4.99665, -17.08623]
						},
						"1.76": {
							"vector": [-2.53908, 4.9993, -17.40773]
						}
					},
					"position": {
						"0.0": {
							"vector": [0, 0, 0]
						},
						"0.68": {
							"vector": [0.30418, 2.42506, 1.7397]
						},
						"1.0": {
							"vector": [0.53109, 3.92131, 3.05247]
						},
						"1.76": {
							"vector": [0, 0, 0]
						}
					}
				},
				"armleft2": {
					"rotation": {
						"0.0": {
							"vector": [0, 0, 0]
						},
						"0.72": {
							"vector": [0, 0, 55]
						},
						"1.76": {
							"vector": [0, 0, 0]
						}
					}
				},
				"clawleft1": {
					"rotation": {
						"0.0": {
							"vector": [-8.0634, -21.07593, 16.50238]
						},
						"0.52": {
							"vector": [11.70092, -19.3546, -37.00206]
						},
						"1.76": {
							"vector": [-8.0634, -21.07593, 16.50238]
						}
					}
				},
				"clawleft2": {
					"rotation": {
						"0.0": {
							"vector": [10.86051, 0.99982, -11.50833]
						},
						"1.2": {
							"vector": [1.60725, 6.16729, -57.12517]
						},
						"1.76": {
							"vector": [10.86051, 0.99982, -11.50833]
						}
					}
				},
				"clawleft3": {
					"rotation": {
						"0.0": {
							"vector": [0, 0, -5]
						},
						"1.4": {
							"vector": [0, 0, 30]
						},
						"1.76": {
							"vector": [0, 0, -5]
						}
					}
				},
				"armright1": {
					"rotation": {
						"0.0": {
							"vector": [10.66847, -47.07409, -4.43502]
						},
						"0.88": {
							"vector": [9.99868, -29.90863, -0.95181]
						},
						"1.76": {
							"vector": [10.66847, -47.07409, -4.43502]
						}
					},
					"position": {
						"0.0": {
							"vector": [-0.38397, 0.9235, -1.73197]
						},
						"0.6": {
							"vector": [-0.57571, -0.72556, -2.84974]
						},
						"1.0": {
							"vector": [-0.72079, -1.50342, -3.63697]
						},
						"1.76": {
							"vector": [-0.38397, 0.9235, -1.73197]
						}
					}
				},
				"armright2": {
					"rotation": {
						"0.0": {
							"vector": [41.71441, -15.36266, -92.33927]
						},
						"0.76": {
							"vector": [-85.93426, -8.49965, 6.13997]
						},
						"1.76": {
							"vector": [41.71441, -15.36266, -92.33927]
						}
					}
				},
				"clawright1": {
					"rotation": {
						"0.0": {
							"vector": [-19.4103, 26.30488, -7.93885]
						},
						"0.72": {
							"vector": [-29.01099, 14.80403, -34.71185]
						},
						"1.44": {
							"vector": [-21.6381, 24.55056, -13.12386]
						},
						"1.76": {
							"vector": [-19.4103, 26.30488, -7.93885]
						}
					}
				},
				"clawright2": {
					"rotation": {
						"0.0": {
							"vector": [-14.93989, 16.53376, -36.68698]
						},
						"0.52": {
							"vector": [-16.71618, 12.42024, -51.22338]
						},
						"1.52": {
							"vector": [-13.18097, 18.96932, -26.82956]
						},
						"1.76": {
							"vector": [-14.93989, 16.53376, -36.68698]
						}
					}
				},
				"clawright3": {
					"rotation": {
						"0.0": {
							"vector": [-10.53942, -5.79389, -45.15188]
						},
						"0.76": {
							"vector": [-14.97443, 15.9825, -27.68718]
						},
						"1.24": {
							"vector": [-14.76641, 26.09385, -20.3255]
						},
						"1.76": {
							"vector": [-10.53942, -5.79389, -45.15188]
						}
					}
				},
				"rib1": {
					"rotation": {
						"0.0": {
							"vector": [0, 7.5, 0]
						},
						"0.24": {
							"vector": [0, 10.23, 0]
						},
						"0.88": {
							"vector": [0, -10, 0]
						},
						"1.12": {
							"vector": [0, -12.73, 0]
						},
						"1.76": {
							"vector": [0, 7.5, 0]
						}
					}
				},
				"rib3": {
					"rotation": {
						"0.0": {
							"vector": [0, -5, 0]
						},
						"0.24": {
							"vector": [0, -7.73, 0]
						},
						"0.88": {
							"vector": [0, 12.5, 0]
						},
						"1.12": {
							"vector": [0, 12.73, 0]
						},
						"1.76": {
							"vector": [0, -5, 0]
						}
					}
				},
				"rib2": {
					"rotation": {
						"0.0": {
							"vector": [0, -10, 0]
						},
						"0.2": {
							"vector": [0, -19.89, 0]
						},
						"0.88": {
							"vector": [0, 12.5, 0]
						},
						"1.12": {
							"vector": [0, 11.36, 0]
						},
						"1.76": {
							"vector": [0, -10, 0]
						}
					}
				},
				"rib4": {
					"rotation": {
						"0.0": {
							"vector": [0, 10, 0]
						},
						"0.2": {
							"vector": [0, 18.52, 0]
						},
						"0.88": {
							"vector": [0, -7.5, 0]
						},
						"1.12": {
							"vector": [0, -10.23, 0]
						},
						"1.76": {
							"vector": [0, 10, 0]
						}
					}
				},
				"headmain1": {
					"rotation": {
						"0.2": {
							"vector": [0, 12.5, 0]
						},
						"1.04": {
							"vector": [-12.5, 12.5, 0]
						},
						"1.52": {
							"vector": [0, 12.5, 0]
						}
					},
					"position": {
						"0.0": {
							"vector": [-0.07625, 5.8203, -0.34394]
						},
						"1.12": {
							"vector": [-0.5676, 2.83404, -3.32036]
						},
						"1.76": {
							"vector": [-0.07625, 5.8203, -0.34394]
						}
					}
				},
				"head1": {
					"rotation": {
						"0.0": {
							"vector": [-17.5, 0, 0]
						},
						"0.52": {
							"vector": [-25, 0, 0]
						},
						"1.04": {
							"vector": [-2.5, 0, 0]
						},
						"1.76": {
							"vector": [-17.5, 0, 0]
						}
					}
				},
				"jaw1": {
					"rotation": {
						"0.0": {
							"vector": [9.97864, -0.32621, 7.49294]
						},
						"0.4": {
							"vector": [17.47864, -0.32621, 7.49294]
						},
						"0.84": {
							"vector": [-12.66842, -0.32621, 7.49294]
						},
						"1.08": {
							"vector": [-16.05077, -0.32621, 7.49294]
						},
						"1.76": {
							"vector": [9.97864, -0.32621, 7.49294]
						}
					}
				},
				"body2": {
					"rotation": {
						"0.0": {
							"vector": [11.91381, 17.07228, -3.90399]
						},
						"0.32": {
							"vector": [25.35444, 2.54657, -7.4844]
						},
						"0.52": {
							"vector": [35.15108, 9.84655, 1.75378]
						},
						"0.76": {
							"vector": [39.88337, 7.09244, 12.22474]
						},
						"0.96": {
							"vector": [62.92445, 7.9185, 6.12673]
						},
						"1.16": {
							"vector": [54.93104, 13.61196, -3.73612]
						},
						"1.36": {
							"vector": [22.46148, 9.99038, -0.44067]
						},
						"1.56": {
							"vector": [18.27262, 16.46816, -9.50121]
						},
						"1.76": {
							"vector": [11.91381, 17.07228, -3.90399]
						}
					}
				},
				"body3": {
					"rotation": {
						"0.0": {
							"vector": [50, 0, 0]
						},
						"0.24": {
							"vector": [33.15433, -5.02789, 4.90009]
						},
						"0.6": {
							"vector": [-2.5, 0, 0]
						},
						"0.92": {
							"vector": [25.276, 9.9222, -1.25121]
						},
						"1.24": {
							"vector": [70.66584, -9.88744, -7.68615]
						},
						"1.52": {
							"vector": [62.85498, -12.32732, -8.6132]
						},
						"1.76": {
							"vector": [50, 0, 0]
						}
					}
				}
			}
		},
		"animation.predator_specter.attack": {
			"animation_length": 0.48,
			"bones": {
				"armleft1": {
					"rotation": {
						"0.0": {
							"vector": [-168.82757, 106.80536, -141.62217]
						},
						"0.48": {
							"vector": [0, 0, 0],
							"easing": "easeInOutSine"
						}
					},
					"position": {
						"0.0": {
							"vector": [0, 2.13116, -8.27395]
						},
						"0.08": {
							"vector": [0, 3.27715, -9.9083]
						},
						"0.48": {
							"vector": [0, 0, 0],
							"easing": "easeInOutSine"
						}
					}
				},
				"armleft2": {
					"rotation": {
						"0.0": {
							"vector": [-137.5, -45, -180]
						},
						"0.48": {
							"vector": [0, 0, 0],
							"easing": "easeInOutSine"
						}
					}
				},
				"clawleft1": {
					"rotation": {
						"0.0": {
							"vector": [3.31914, -14.63639, -12.92638]
						},
						"0.08": {
							"vector": [-4.60659, -14.2906, 18.07779]
						},
						"0.48": {
							"vector": [0, 0, 0],
							"easing": "easeInOutSine"
						}
					}
				},
				"clawleft2": {
					"rotation": {
						"0.0": {
							"vector": [26.43914, 1.25344, -3.33047]
						},
						"0.08": {
							"vector": [-2.26708, -14.65102, 17.64168]
						},
						"0.48": {
							"vector": [0, 0, 0],
							"easing": "easeInOutSine"
						}
					}
				},
				"clawleft3": {
					"rotation": {
						"0.0": {
							"vector": [0, 0, 72.5]
						},
						"0.08": {
							"vector": [0, 0, -12.5]
						},
						"0.48": {
							"vector": [0, 0, 0],
							"easing": "easeInOutSine"
						}
					}
				},
				"armright1": {
					"rotation": {
						"0.0": {
							"vector": [-34.80506, -1.92566, -33.58035]
						},
						"0.48": {
							"vector": [0, 0, 0],
							"easing": "easeInOutSine"
						}
					},
					"position": {
						"0.0": {
							"vector": [0, -4.01504, 5.73406]
						},
						"0.48": {
							"vector": [0, 0, 0],
							"easing": "easeInOutSine"
						}
					}
				},
				"armright2": {
					"rotation": {
						"0.0": {
							"vector": [-31.66961, 7.26388, -3.76651]
						},
						"0.48": {
							"vector": [0, 0, 0],
							"easing": "easeInOutSine"
						}
					}
				},
				"head1": {
					"rotation": {
						"0.0": {
							"vector": [-24.85291, -0.20769, -3.12023]
						},
						"0.48": {
							"vector": [0, 0, 0],
							"easing": "easeInOutSine"
						}
					}
				},
				"jaw1": {
					"rotation": {
						"0.0": {
							"vector": [22.23435, 1.78239, 11.0276]
						},
						"0.48": {
							"vector": [0, 0, 0],
							"easing": "easeInOutSine"
						}
					}
				}
			}
		},
		"animation.predator_specter.shoot": {
			"animation_length": 1.52,
			"bones": {
				"body1": {
					"rotation": {
						"0.0": {
							"vector": [0, 0, 0]
						},
						"0.24": {
							"vector": [-27.5, 0, 0]
						},
						"0.6": {
							"vector": [-27.5, 0, 0]
						},
						"0.72": {
							"vector": [-22.42855, -12.20941, -2.70018]
						},
						"1.12": {
							"vector": [-11.3485, -1.52657, 0.66507]
						},
						"1.24": {
							"vector": [-7.67328, 7.83099, 5.03856]
						},
						"1.52": {
							"vector": [0, 0, 0]
						}
					},
					"position": {
						"0.0": {
							"vector": [0, 0, 0]
						},
						"0.24": {
							"vector": [0, 0, 0]
						},
						"0.36": {
							"vector": [0, 0, 4]
						},
						"0.72": {
							"vector": [0, 0, 0]
						},
						"0.84": {
							"vector": [0, 0, 4]
						},
						"1.12": {
							"vector": [0, 0, 0]
						},
						"1.24": {
							"vector": [0, 0, 4]
						},
						"1.52": {
							"vector": [0, 0, 0]
						}
					}
				},
				"armleft1": {
					"rotation": {
						"0.0": {
							"vector": [0, 0, 0]
						},
						"0.2": {
							"vector": [-69.2995, -14.13359, 28.94024]
						},
						"0.24": {
							"vector": [-65.99952, -13.46057, 27.56214]
						},
						"0.4": {
							"vector": [-36.19513, -4.6032, 10.44593]
						},
						"0.48": {
							"vector": [-45.07982, -9.63881, 18.3802]
						},
						"0.88": {
							"vector": [-36.19513, -4.6032, 10.44593]
						},
						"0.96": {
							"vector": [-45.07982, -9.63881, 18.3802]
						},
						"1.28": {
							"vector": [-36.19513, -4.6032, 10.44593]
						},
						"1.36": {
							"vector": [-45.07982, -9.63881, 18.3802]
						},
						"1.52": {
							"vector": [0, 0, 0]
						}
					}
				},
				"armleft2": {
					"rotation": {
						"0.0": {
							"vector": [0, 0, 0]
						},
						"0.16": {
							"vector": [0, 0, 20]
						},
						"1.52": {
							"vector": [0, 0, 0]
						}
					}
				},
				"armright1": {
					"rotation": {
						"0.0": {
							"vector": [0, 0, 0]
						},
						"0.2": {
							"vector": [-74.38326, 11.95291, -29.93641]
						},
						"0.24": {
							"vector": [-70.8412, 11.38372, -28.51087]
						},
						"0.4": {
							"vector": [-37.75807, 1.95549, -10.10069]
						},
						"0.48": {
							"vector": [-46.02998, 7.44273, -17.41184]
						},
						"0.88": {
							"vector": [-37.75807, 1.95549, -10.10069]
						},
						"0.96": {
							"vector": [-46.02998, 7.44273, -17.41184]
						},
						"1.28": {
							"vector": [-37.75807, 1.95549, -10.10069]
						},
						"1.36": {
							"vector": [-46.02998, 7.44273, -17.41184]
						},
						"1.52": {
							"vector": [0, 0, 0]
						}
					}
				},
				"armright2": {
					"rotation": {
						"0.0": {
							"vector": [0, 0, 0]
						},
						"0.16": {
							"vector": [0, 0, -42.5]
						},
						"1.52": {
							"vector": [0, 0, 0]
						}
					}
				},
				"rib1": {
					"rotation": {
						"0.0": {
							"vector": [0, 0, 0]
						},
						"0.24": {
							"vector": [-0.07989, -37.43545, 1.02476]
						},
						"0.6": {
							"vector": [0, -30, 0]
						},
						"1.52": {
							"vector": [0, 0, 0]
						}
					}
				},
				"rib3": {
					"rotation": {
						"0.0": {
							"vector": [0, 0, 0]
						},
						"0.24": {
							"vector": [-0.07516, 32.43545, -1.01651]
						},
						"0.6": {
							"vector": [0, 25, 0]
						},
						"1.52": {
							"vector": [0, 0, 0]
						}
					}
				},
				"rib2": {
					"rotation": {
						"0.0": {
							"vector": [0, 0, 0]
						},
						"0.16": {
							"vector": [-1.66606, -43.99933, 7.46007]
						},
						"0.44": {
							"vector": [0, -25, 0]
						},
						"0.8": {
							"vector": [0, -25, 0]
						},
						"0.92": {
							"vector": [0, -25, 0]
						},
						"1.32": {
							"vector": [0, -25, 0]
						},
						"1.52": {
							"vector": [0, 0, 0]
						}
					}
				},
				"rib4": {
					"rotation": {
						"0.0": {
							"vector": [0, 0, 0]
						},
						"0.16": {
							"vector": [-1.2701, 41.62204, -6.47381]
						},
						"0.44": {
							"vector": [0, 27.5, 0]
						},
						"0.8": {
							"vector": [0, 27.5, 0]
						},
						"0.92": {
							"vector": [0, 27.5, 0]
						},
						"1.32": {
							"vector": [0, 27.5, 0]
						},
						"1.52": {
							"vector": [0, 0, 0]
						}
					}
				},
				"headmain1": {
					"rotation": {
						"0.0": {
							"vector": [0, 0, 0]
						},
						"0.52": {
							"vector": [25, 0, 0]
						},
						"1.0": {
							"vector": [25, 0, 0]
						},
						"1.24": {
							"vector": [12.5, 0, 0]
						},
						"1.4": {
							"vector": [12.5, 0, 0]
						},
						"1.52": {
							"vector": [0, 0, 0]
						}
					},
					"position": {
						"0.0": {
							"vector": [0, 0, 0]
						},
						"0.52": {
							"vector": [0, 3.96578, 0.5221]
						},
						"0.76": {
							"vector": [-2, 4.97, 0.52]
						},
						"1.0": {
							"vector": [0, 3.96578, 0.5221]
						},
						"1.24": {
							"vector": [0, 5.97, -1.48]
						},
						"1.4": {
							"vector": [0, 3.96578, 0.5221]
						},
						"1.52": {
							"vector": [0, 0, 0]
						}
					}
				},
				"head1": {
					"rotation": {
						"0.0": {
							"vector": [0, 0, 0]
						},
						"0.16": {
							"vector": [0, 0, 0]
						},
						"0.28": {
							"vector": [-10, 0, 0]
						},
						"0.84": {
							"vector": [2.02, 0, 0]
						},
						"1.04": {
							"vector": [-13.57, 0, 0]
						},
						"1.28": {
							"vector": [-16.78, 0, 0]
						},
						"1.52": {
							"vector": [0, 0, 0]
						}
					}
				},
				"jaw1": {
					"rotation": {
						"0.0": {
							"vector": [0, 0, 0]
						},
						"0.16": {
							"vector": [0, 0, 0]
						},
						"0.28": {
							"vector": [37.5, 0, 0]
						},
						"0.92": {
							"vector": [33.15, 0, 0]
						},
						"1.08": {
							"vector": [-10.69, 0, 0]
						},
						"1.32": {
							"vector": [32.64, 0, 0]
						},
						"1.52": {
							"vector": [0, 0, 0]
						}
					}
				},
				"body2": {
					"rotation": {
						"0.0": {
							"vector": [0, 0, 0]
						},
						"0.12": {
							"vector": [12.5, 0, 0]
						},
						"0.4": {
							"vector": [-20.76087, 0, 0]
						},
						"0.88": {
							"vector": [-20.76087, 0, 0]
						},
						"1.28": {
							"vector": [-20.76087, 0, 0]
						},
						"1.52": {
							"vector": [0, 0, 0]
						}
					}
				},
				"body3": {
					"rotation": {
						"0.0": {
							"vector": [0, 0, 0]
						},
						"0.28": {
							"vector": [12.5, 0, 0]
						},
						"0.64": {
							"vector": [-36.07143, 0, 0]
						},
						"1.52": {
							"vector": [0, 0, 0]
						}
					}
				}
			}
		}
	},
	"geckolib_format_version": 2
}