{
	"format_version": "1.8.0",
	"animations": {
		"rankle_idle": {
			"loop": true,
			"animation_length": 2,
			"bones": {
				"body1": {
					"rotation": {
						"0.0": {
							"vector": [0, 0, 0]
						},
						"1.2": {
							"vector": [5, 0, 0]
						},
						"2.0": {
							"vector": [0, 0, 0]
						}
					}
				},
				"tail1": {
					"rotation": {
						"0.0": {
							"vector": [0, 7.5, 0]
						},
						"0.88": {
							"vector": [0, -5, 0]
						},
						"2.0": {
							"vector": [0, 7.5, 0]
						}
					}
				},
				"tail2": {
					"rotation": {
						"0.0": {
							"vector": [0, 15, 0]
						},
						"0.24": {
							"vector": [0, 20.42, 0]
						},
						"1.24": {
							"vector": [0, -16.71, 0]
						},
						"1.44": {
							"vector": [0, -12.5, 0]
						},
						"2.0": {
							"vector": [0, 15, 0]
						}
					}
				},
				"legleft1": {
					"rotation": {
						"0.0": {
							"vector": [0, 0, 0]
						},
						"1.2": {
							"vector": [-2.5, 0, -5]
						},
						"2.0": {
							"vector": [0, 0, 0]
						}
					}
				},
				"legright1": {
					"rotation": {
						"0.0": {
							"vector": [0, 0, 0]
						},
						"1.2": {
							"vector": [-2.5, 0, 5]
						},
						"2.0": {
							"vector": [0, 0, 0]
						}
					}
				},
				"legright2": {
					"rotation": {
						"0.0": {
							"vector": [0, 0, 0]
						},
						"1.2": {
							"vector": [0, 0, -5]
						},
						"2.0": {
							"vector": [0, 0, 0]
						}
					}
				},
				"legleft2": {
					"rotation": {
						"0.0": {
							"vector": [0, 0, 0]
						},
						"1.2": {
							"vector": [0, 0, 5]
						},
						"2.0": {
							"vector": [0, 0, 0]
						}
					}
				},
				"head1": {
					"rotation": {
						"0.0": {
							"vector": [0, 0, 0]
						},
						"1.0": {
							"vector": [7.5, 0, 0]
						},
						"2.0": {
							"vector": [0, 0, 0]
						}
					}
				},
				"head2": {
					"rotation": {
						"0.0": {
							"vector": [0, 0, 0]
						},
						"1.0": {
							"vector": [-12.5, 0, 0]
						},
						"2.0": {
							"vector": [0, 0, 0]
						}
					}
				}
			}
		},
		"rankle_walk": {
			"loop": true,
			"animation_length": 0.32,
			"bones": {
				"body1": {
					"rotation": {
						"0.0": {
							"vector": [0, -2.5, 0]
						},
						"0.08": {
							"vector": [-2.50019, 0.71361, -0.03116]
						},
						"0.2": {
							"vector": [2.50954, 4.99523, 0.21865]
						},
						"0.24": {
							"vector": [2.49932, 2.111, 0.20124]
						},
						"0.32": {
							"vector": [0, -2.5, 0]
						}
					},
					"position": {
						"0.0": {
							"vector": [0, -1, 0]
						},
						"0.2": {
							"vector": [0, 0, 0]
						},
						"0.32": {
							"vector": [0, -1, 0]
						}
					}
				},
				"tail1": {
					"rotation": {
						"0.0": {
							"vector": [0, -17.5, 0]
						},
						"0.2": {
							"vector": [0, 12.5, 0]
						},
						"0.32": {
							"vector": [0, -17.5, 0]
						}
					}
				},
				"tail2": {
					"rotation": {
						"0.0": {
							"vector": [0, 25, 0]
						},
						"0.04": {
							"vector": [0, -10, 0]
						},
						"0.12": {
							"vector": [0, -15.35714, 0]
						},
						"0.16": {
							"vector": [0, 20, 0]
						},
						"0.28": {
							"vector": [0, 35, 0]
						},
						"0.32": {
							"vector": [0, 25, 0]
						}
					}
				},
				"legleft1": {
					"rotation": {
						"0.0": {
							"vector": [-44.71911, -9.60374, -29.83757]
						},
						"0.04": {
							"vector": [3.53329, -0.05451, 2.49762]
						},
						"0.2": {
							"vector": [1.43632, -30.24344, 1.21372]
						},
						"0.24": {
							"vector": [-6.22945, -20.41424, -36.83888]
						},
						"0.32": {
							"vector": [-44.71911, -9.60374, -29.83757]
						}
					}
				},
				"legright1": {
					"rotation": {
						"0.0": {
							"vector": [15.91527, 25.709, -5.38152]
						},
						"0.04": {
							"vector": [15.91527, 25.709, 27.11848]
						},
						"0.2": {
							"vector": [-39.39839, 8.03654, 23.2653]
						},
						"0.24": {
							"vector": [-4.09601, 2.22709, 0.17891]
						},
						"0.32": {
							"vector": [15.91527, 25.709, -5.38152]
						}
					}
				},
				"legright2": {
					"rotation": {
						"0.0": {
							"vector": [-17.85904, -30.35078, -3.44937]
						},
						"0.08": {
							"vector": [3.39453, -15.08374, 2.10237]
						},
						"0.16": {
							"vector": [3.87036, -5.0913, 2.37574]
						},
						"0.28": {
							"vector": [19.92908, -17.30375, 37.9204]
						},
						"0.32": {
							"vector": [-15.91527, -25.709, 22.11848]
						}
					}
				},
				"legleft2": {
					"rotation": {
						"0.0": {
							"vector": [-3.8261, -4.9277, 3.36405]
						},
						"0.04": {
							"vector": [29.48648, -2.02816, -8.3988]
						},
						"0.2": {
							"vector": [-15.37031, 38.11392, -16.50164]
						},
						"0.24": {
							"vector": [-15.37031, 38.11392, 5.99836]
						},
						"0.32": {
							"vector": [-2.9095, 7.55498, 2.72716]
						}
					}
				},
				"head1": {
					"rotation": {
						"0.0": {
							"vector": [-19.98022, 0.15058, 0.85481]
						},
						"0.08": {
							"vector": [-24.76517, 0.27318, -4.36765]
						},
						"0.16": {
							"vector": [-16.9436, 0.62068, -8.77326]
						},
						"0.32": {
							"vector": [-19.98022, 0.15058, 0.85481]
						}
					}
				},
				"head2": {
					"rotation": {
						"0.0": {
							"vector": [7.49282, 0.02136, -0.32621]
						},
						"0.08": {
							"vector": [12.75639, 0.77005, -7.56914]
						},
						"0.16": {
							"vector": [0.40457, -0.95862, -8.39074]
						},
						"0.32": {
							"vector": [7.49282, 0.02136, -0.32621]
						}
					}
				}
			}
		},
		"rankle_attack": {
			"animation_length": 0.44,
			"bones": {
				"head1": {
					"rotation": {
						"0.0": {
							"vector": [-35, 0, 0]
						},
						"0.08": {
							"vector": [20, 0, 0]
						},
						"0.12": {
							"vector": [47.5, 0, 0]
						},
						"0.44": {
							"vector": [0, 0, 0]
						}
					}
				},
				"head2": {
					"rotation": {
						"0.0": {
							"vector": [17.5, 0, 0]
						},
						"0.08": {
							"vector": [-17.5, 0, 0]
						},
						"0.12": {
							"vector": [15, 0, 0]
						},
						"0.44": {
							"vector": [0, 0, 0]
						}
					}
				}
			}
		},
		"rankle_swim": {
			"loop": true,
			"animation_length": 0.8,
			"bones": {
				"body1": {
					"rotation": {
						"0.0": {
							"vector": [0, -17.5, 0]
						},
						"0.4": {
							"vector": [0, 12.5, 0]
						},
						"0.8": {
							"vector": [0, -17.5, 0]
						}
					}
				},
				"tail1": {
					"rotation": {
						"0.0": {
							"vector": [0, -25, 0]
						},
						"0.4": {
							"vector": [0, 12.5, 0]
						},
						"0.8": {
							"vector": [0, -25, 0]
						}
					}
				},
				"tail2": {
					"rotation": {
						"0.0": {
							"vector": [0, 32.5, 0]
						},
						"0.16": {
							"vector": [0, -10, 0]
						},
						"0.32": {
							"vector": [0, -27.85714, 0]
						},
						"0.48": {
							"vector": [0, 15, 0]
						},
						"0.64": {
							"vector": [0, 45, 0]
						},
						"0.8": {
							"vector": [0, 32.5, 0]
						}
					}
				},
				"legleft1": {
					"rotation": {
						"0.0": {
							"vector": [98.64844, -41.26586, 403.89768]
						},
						"0.32": {
							"vector": [98.64844, -41.26586, 356.39768]
						},
						"0.6": {
							"vector": [119.19229, -50.49718, 383.78548]
						},
						"0.8": {
							"vector": [98.64844, -41.26586, 403.89768]
						}
					}
				},
				"legright1": {
					"rotation": {
						"0.0": {
							"vector": [102.24812, 40.45127, -40.66183]
						},
						"0.32": {
							"vector": [102.24812, 40.45127, 11.83817]
						},
						"0.6": {
							"vector": [121.15313, 47.02158, -19.20824]
						},
						"0.8": {
							"vector": [102.24812, 40.45127, -40.66183]
						}
					}
				},
				"legright2": {
					"rotation": {
						"0.0": {
							"vector": [89.7545, -24.71777, 67.78657]
						},
						"0.32": {
							"vector": [85.4294, -15.51661, 65.96013]
						},
						"0.56": {
							"vector": [91.38178, -20.89384, 58.49971]
						},
						"0.8": {
							"vector": [89.7545, -24.71777, 67.78657]
						}
					}
				},
				"legleft2": {
					"rotation": {
						"0.0": {
							"vector": [90, 45, -67.5]
						},
						"0.32": {
							"vector": [77.54109, 17.48765, -64.43855]
						},
						"0.56": {
							"vector": [93.3499, 27.37031, -58.56741]
						},
						"0.8": {
							"vector": [90, 45, -67.5]
						}
					}
				},
				"head1": {
					"rotation": {
						"0.0": {
							"vector": [0, 0, 0]
						},
						"0.16": {
							"vector": [-14.65441, -0.10423, 8.02986]
						},
						"0.28": {
							"vector": [-2.34964, -0.41416, 4.3001]
						},
						"0.4": {
							"vector": [2.6851, 0.28699, -12.19924]
						},
						"0.56": {
							"vector": [-1.35046, 0.22289, -7.85494]
						},
						"0.8": {
							"vector": [0, 0, 0]
						}
					}
				},
				"head2": {
					"rotation": {
						"0.0": {
							"vector": [0, 0, 0]
						},
						"0.16": {
							"vector": [14.65441, -0.10423, -8.02986]
						},
						"0.28": {
							"vector": [-1.35625, -0.64498, -4.69807]
						},
						"0.4": {
							"vector": [9.20172, -0.69323, 4.54114]
						},
						"0.56": {
							"vector": [0.77838, 0.84094, 6.14449]
						},
						"0.8": {
							"vector": [0, 0, 0]
						}
					}
				}
			}
		}
	},
	"geckolib_format_version": 2
}