{
	"format_version": "1.8.0",
	"animations": {
		"animation.ritual_marker.idle": {
			"loop": true,
			"animation_length": 4,
			"bones": {
				"core1": {
					"rotation": {
						"0.0": {
							"vector": [0, 0, 0]
						},
						"4.0": {
							"vector": [720, 720, 720]
						}
					},
					"position": {
						"0.0": {
							"vector": [0, 1, 0]
						},
						"2.0": {
							"vector": [0, -2, 0]
						},
						"4.0": {
							"vector": [0, 1, 0]
						}
					}
				}
			}
		}
	},
	"geckolib_format_version": 2
}