{
	"format_version": "1.8.0",
	"animations": {
		"sacraphague_walk": {
			"loop": true,
			"animation_length": 0.92,
			"bones": {
				"body1": {
					"rotation": {
						"0.0": {
							"vector": [0, 0, -7.5]
						},
						"0.48": {
							"vector": [0, 0, 7.5],
							"easing": "easeOutSine"
						},
						"0.92": {
							"vector": [0, 0, -7.5],
							"easing": "easeOutSine"
						}
					},
					"position": {
						"0.0": {
							"vector": [-1, 0, 0]
						},
						"0.2": {
							"vector": [-0.9, -0.67, 0],
							"easing": "easeOutSine"
						},
						"0.28": {
							"vector": [-0.8, 0.86, 0],
							"easing": "easeOutSine"
						},
						"0.48": {
							"vector": [-0.42, 0, 0],
							"easing": "easeOutSine"
						},
						"0.64": {
							"vector": [-0.53, -1, 0],
							"easing": "easeOutSine"
						},
						"0.72": {
							"vector": [-0.63, 0.22, 0],
							"easing": "easeOutSine"
						},
						"0.92": {
							"vector": [-1, 0, 0],
							"easing": "easeOutSine"
						}
					}
				},
				"bodyfed1": {
					"rotation": {
						"0.0": {
							"vector": [-12.5, 0, 10]
						},
						"0.08": {
							"vector": [-15.20621, 6.347, 1.62046]
						},
						"0.2": {
							"vector": [-18.70838, -9.88957, -10.45904]
						},
						"0.28": {
							"vector": [-14.78609, -8.22677, -6.70556]
						},
						"0.44": {
							"vector": [-6.9415, -4.90117, 0.80141]
						},
						"0.52": {
							"vector": [-13.80759, 6.79789, -4.74401]
						},
						"0.68": {
							"vector": [-25.78624, -6.23853, -7.09494]
						},
						"0.76": {
							"vector": [-15.05879, -1.88331, 4.20857]
						},
						"0.92": {
							"vector": [-12.5, 0, 10],
							"easing": "easeOutQuart"
						}
					},
					"position": {
						"0.0": {
							"vector": [0, 0, 0]
						},
						"0.28": {
							"vector": [0.11926, 0.00772, -0.00734]
						},
						"0.52": {
							"vector": [-0.2489, -0.0216, 0.00895]
						}
					},
					"scale": {
						"0.0": {
							"vector": [1, 1, 1]
						},
						"0.32": {
							"vector": [1.1, 1.1, 1.1]
						},
						"0.92": {
							"vector": [1, 1, 1],
							"easing": "easeOutSine"
						}
					}
				},
				"tail2": {
					"rotation": {
						"0.0": {
							"vector": [0, -22.5, 0]
						},
						"0.32": {
							"vector": [0, 22.5, 0],
							"easing": "easeOutSine"
						},
						"0.92": {
							"vector": [0, -22.5, 0],
							"easing": "easeOutSine"
						}
					}
				},
				"legleft1": {
					"rotation": {
						"0.0": {
							"vector": [-15, 0, 0]
						},
						"0.16": {
							"vector": [-15, 0, 0],
							"easing": "easeOutSine"
						},
						"0.32": {
							"vector": [0, 0, 0],
							"easing": "easeOutSine"
						},
						"0.56": {
							"vector": [17.5, 0, 0],
							"easing": "easeOutSine"
						},
						"0.92": {
							"vector": [-15, 0, 0],
							"easing": "easeOutSine"
						}
					},
					"position": {
						"0.0": {
							"vector": [0, 1.08239, -2.61313]
						},
						"0.16": {
							"vector": [1, -1.69164, -1.46195],
							"easing": "easeOutSine"
						},
						"0.44": {
							"vector": [0.93562, 0.82639, 0.70422]
						},
						"0.56": {
							"vector": [-0.05711, 0.76557, 0.76793],
							"easing": "easeOutSine"
						},
						"0.92": {
							"vector": [0, 1.08239, -2.61313],
							"easing": "easeOutSine"
						}
					}
				},
				"legleft2": {
					"rotation": {
						"0.0": {
							"vector": [-1.44829, 8.52935, -6.31716]
						},
						"0.12": {
							"vector": [2.51294, 11.08064, -6.9081],
							"easing": "easeOutSine"
						},
						"0.32": {
							"vector": [-26.72676, 6.28396, -8.99566],
							"easing": "easeOutSine"
						},
						"0.44": {
							"vector": [-25.80361, 10.43181, -2.19417],
							"easing": "easeOutSine"
						},
						"0.64": {
							"vector": [18.45435, 16.27409, -7.4979],
							"easing": "easeOutSine"
						},
						"0.92": {
							"vector": [-1.44829, 8.52935, -6.31716],
							"easing": "easeOutSine"
						}
					},
					"position": {
						"0.0": {
							"vector": [0, 0.76537, 1.84776]
						},
						"0.12": {
							"vector": [0, 2.07537, 2.38776],
							"easing": "easeOutSine"
						},
						"0.28": {
							"vector": [0, 3.99776, 0.50463],
							"easing": "easeOutSine"
						},
						"0.4": {
							"vector": [0, 2.22776, 0.15463],
							"easing": "easeOutSine"
						},
						"0.8": {
							"vector": [0, 1.18268, 1.67388],
							"easing": "easeOutSine"
						},
						"0.92": {
							"vector": [0, 0.76537, 1.84776],
							"easing": "easeOutSine"
						}
					}
				},
				"legleft3": {
					"rotation": {
						"0.0": {
							"vector": [42.5, 0, 0]
						},
						"0.16": {
							"vector": [45.42, 0, 0],
							"easing": "easeOutSine"
						},
						"0.32": {
							"vector": [-5, 0, 0],
							"easing": "easeOutSine"
						},
						"0.44": {
							"vector": [-41.95, 0, 0],
							"easing": "easeOutSine"
						},
						"0.56": {
							"vector": [-30.12, 0, 0],
							"easing": "easeOutSine"
						},
						"0.76": {
							"vector": [8.85, 0, 0],
							"easing": "easeOutSine"
						},
						"0.92": {
							"vector": [42.5, 0, 0],
							"easing": "easeOutSine"
						}
					}
				},
				"legright2": {
					"rotation": {
						"0.0": {
							"vector": [-20, -20, 0]
						},
						"0.12": {
							"vector": [13.20288, -20, 0]
						},
						"0.2": {
							"vector": [2.5, -20, 0],
							"easing": "easeOutSine"
						},
						"0.52": {
							"vector": [4.09091, -20, 0],
							"easing": "easeOutSine"
						},
						"0.92": {
							"vector": [-20, -20, 0],
							"easing": "easeOutSine"
						}
					},
					"position": {
						"0.0": {
							"vector": [0, 1.46508, -1.68925]
						},
						"0.28": {
							"vector": [0, 0.92656, -0.3788],
							"easing": "easeOutSine"
						},
						"0.52": {
							"vector": [0, 1.89537, 0.98776],
							"easing": "easeOutSine"
						},
						"0.64": {
							"vector": [0, 3.66776, -0.24537],
							"easing": "easeOutSine"
						},
						"0.92": {
							"vector": [0, 1.46508, -1.68925],
							"easing": "easeOutSine"
						}
					}
				},
				"legright3": {
					"rotation": {
						"0.0": {
							"vector": [-31.08, 0, 0]
						},
						"0.2": {
							"vector": [0, 0, 0],
							"easing": "easeOutSine"
						},
						"0.52": {
							"vector": [36.21, 0, 0],
							"easing": "easeOutSine"
						},
						"0.64": {
							"vector": [34.24, 0, 0],
							"easing": "easeOutSine"
						},
						"0.8": {
							"vector": [-15.03, 0, 0],
							"easing": "easeOutSine"
						},
						"0.92": {
							"vector": [-31.08, 0, 0],
							"easing": "easeOutSine"
						}
					}
				},
				"legright1": {
					"rotation": {
						"0.0": {
							"vector": [0, 0, 0]
						},
						"0.28": {
							"vector": [25, 0, 0],
							"easing": "easeOutSine"
						},
						"0.48": {
							"vector": [45, 0, 0],
							"easing": "easeOutSine"
						},
						"0.64": {
							"vector": [21.14, 0, 0]
						},
						"0.8": {
							"vector": [-7.5, 0, 0],
							"easing": "easeOutSine"
						},
						"0.92": {
							"vector": [0, 0, 0],
							"easing": "easeOutSine"
						}
					},
					"position": {
						"0.0": {
							"vector": [0, -0.46194, 0.19134]
						},
						"0.2": {
							"vector": [0, -0.0812, 1.11656],
							"easing": "easeOutSine"
						},
						"0.4": {
							"vector": [-0.99257, 1.27534, -0.5288],
							"easing": "easeOutSine"
						},
						"0.56": {
							"vector": [0, 0.54583, -3.47432],
							"easing": "easeOutSine"
						},
						"0.76": {
							"vector": [-0.99601, -1.74451, -2.73755],
							"easing": "easeOutSine"
						},
						"0.92": {
							"vector": [0, -0.46194, 0.19134],
							"easing": "easeOutSine"
						}
					}
				},
				"neck1": {
					"rotation": {
						"0.0": {
							"vector": [0.09907, 4.21541, -2.30864]
						},
						"0.16": {
							"vector": [-0.31184, 6.8953, -6.55013],
							"easing": "easeOutSine"
						},
						"0.32": {
							"vector": [-0.64311, 8.29035, -8.81802],
							"easing": "easeOutSine"
						},
						"0.4": {
							"vector": [-0.0393, 4.80731, -3.26268],
							"easing": "easeOutSine"
						},
						"0.56": {
							"vector": [0.44824, -5.17113, 3.03445],
							"easing": "easeOutSine"
						},
						"0.76": {
							"vector": [0.32469, -8.21551, 3.6692],
							"easing": "easeOutSine"
						},
						"0.92": {
							"vector": [0.09907, 4.21541, -2.30864],
							"easing": "easeOutSine"
						}
					},
					"position": {
						"0.0": {
							"vector": [-0.13053, -0.91598, 0.37941]
						},
						"0.2": {
							"vector": [-0.21724, 0.926, -0.38464],
							"easing": "easeOutSine"
						},
						"0.44": {
							"vector": [0.07105, -1.48195, 0.60882],
							"easing": "easeOutSine"
						},
						"0.68": {
							"vector": [0.03138, 0.67658, -0.28488],
							"easing": "easeOutSine"
						},
						"0.92": {
							"vector": [-0.13053, -0.91598, 0.37941],
							"easing": "easeOutSine"
						}
					}
				},
				"headmain1": {
					"rotation": {
						"0.0": {
							"vector": [-0.87038, -4.92385, 10.03742]
						},
						"0.2": {
							"vector": [2.06312, -4.98093, 5.019]
						},
						"0.36": {
							"vector": [1.50328, -2.48179, 5.08482]
						},
						"0.52": {
							"vector": [0.62028, 1.94069, -4.85566]
						},
						"0.68": {
							"vector": [-0.16709, 4.17336, -5.90184]
						},
						"0.8": {
							"vector": [-2.83603, -0.37593, 4.55862]
						},
						"0.92": {
							"vector": [-0.87038, -4.92385, 10.03742]
						}
					}
				},
				"jawup1": {
					"rotation": {
						"0.0": {
							"vector": [-2.5, 0, 0]
						},
						"0.28": {
							"vector": [-5, 0, 0],
							"easing": "easeOutSine"
						},
						"0.6": {
							"vector": [-3.75, 0, 0],
							"easing": "easeOutSine"
						},
						"0.8": {
							"vector": [0.47, 0, 0],
							"easing": "easeOutSine"
						},
						"0.92": {
							"vector": [-2.5, 0, 0],
							"easing": "easeOutSine"
						}
					}
				},
				"jawdown1": {
					"rotation": {
						"0.0": {
							"vector": [5, 0, 0]
						},
						"0.28": {
							"vector": [0, 0, 0],
							"easing": "easeOutSine"
						},
						"0.6": {
							"vector": [5, 0, 0],
							"easing": "easeOutSine"
						},
						"0.8": {
							"vector": [0, 0, 0],
							"easing": "easeOutSine"
						},
						"0.92": {
							"vector": [5, 0, 0],
							"easing": "easeOutSine"
						}
					}
				}
			}
		},
		"sacraphague_attack": {
			"animation_length": 0.64,
			"bones": {
				"legleft3": {
					"rotation": {
						"0.0": {
							"vector": [-52.5, 0, 0]
						},
						"0.12": {
							"vector": [0, 0, 0]
						},
						"0.64": {
							"vector": [0, 0, 0]
						}
					}
				},
				"legright3": {
					"rotation": {
						"0.0": {
							"vector": [-65, 0, 0]
						},
						"0.2": {
							"vector": [0, 0, 0]
						},
						"0.64": {
							"vector": [0, 0, 0]
						}
					}
				},
				"neck1": {
					"rotation": {
						"0.0": {
							"vector": [0, 0, 0]
						},
						"0.12": {
							"vector": [12.5, 0, 0]
						},
						"0.2": {
							"vector": [-36.67, 0, 0]
						},
						"0.36": {
							"vector": [0, 0, 0]
						}
					},
					"position": {
						"0.0": {
							"vector": [0, -4.68506, -3.47135]
						},
						"0.36": {
							"vector": [0, 0, 0]
						}
					},
					"scale": {
						"0.0": {
							"vector": [1, 1, 1]
						},
						"0.2": {
							"vector": [1, 1.2, 1]
						},
						"0.36": {
							"vector": [1, 1, 1]
						}
					}
				},
				"headmain1": {
					"rotation": {
						"0.0": {
							"vector": [0, 0, 0]
						},
						"0.12": {
							"vector": [30, 0, 0]
						},
						"0.36": {
							"vector": [0, 0, 0]
						}
					}
				},
				"jawup1": {
					"rotation": {
						"0.0": {
							"vector": [-47.5, 0, 0]
						},
						"0.12": {
							"vector": [-20, 0, 0]
						},
						"0.24": {
							"vector": [-15, 0, 0]
						},
						"0.36": {
							"vector": [0, 0, 0]
						}
					},
					"scale": {
						"0.0": {
							"vector": [1, 1.5, 1]
						},
						"0.08": {
							"vector": [1, 1.4, 1]
						},
						"0.12": {
							"vector": [1, 1.92, 1]
						},
						"0.24": {
							"vector": [1, 1.53, 1]
						},
						"0.36": {
							"vector": [1, 1, 1]
						}
					}
				},
				"jawdown1": {
					"rotation": {
						"0.0": {
							"vector": [62.5, 0, 0]
						},
						"0.12": {
							"vector": [0, 0, 2.5]
						},
						"0.24": {
							"vector": [0, 0, -2.5]
						},
						"0.36": {
							"vector": [0, 0, 0]
						}
					},
					"scale": {
						"0.0": {
							"vector": [1, 1.6, 1]
						},
						"0.08": {
							"vector": [1, 1.8, 1]
						},
						"0.24": {
							"vector": [1, 1.46, 1]
						},
						"0.36": {
							"vector": [1, 1, 1]
						}
					}
				},
				"legleft2": {
					"rotation": {
						"vector": [-17.5, 0, 0]
					}
				},
				"legright2": {
					"rotation": {
						"vector": [-15, 0, 0]
					}
				}
			}
		},
		"sacraphague_idle": {
			"loop": true,
			"animation_length": 1.44,
			"bones": {
				"body1": {
					"rotation": {
						"0.0": {
							"vector": [0, 0, 0]
						},
						"1.44": {
							"vector": [0, 0, 0],
							"easing": "easeInSine"
						}
					},
					"position": {
						"0.0": {
							"vector": [0, 0, 0]
						},
						"0.72": {
							"vector": [0, -2, 0],
							"easing": "easeInSine"
						},
						"1.44": {
							"vector": [0, 0, 0],
							"easing": "easeInSine"
						}
					}
				},
				"bodyfed1": {
					"rotation": {
						"0.0": {
							"vector": [0, 0, 0]
						},
						"0.8": {
							"vector": [-12.5, 0, 0],
							"easing": "easeInSine"
						},
						"1.44": {
							"vector": [0, 0, 0],
							"easing": "easeInSine"
						}
					},
					"scale": {
						"0.0": {
							"vector": [1, 1, 1]
						},
						"0.68": {
							"vector": [1.1, 1.1, 1.1],
							"easing": "easeInSine"
						},
						"1.12": {
							"vector": [1, 1, 1],
							"easing": "easeInSine"
						},
						"1.44": {
							"vector": [1, 1, 1],
							"easing": "easeInSine"
						}
					}
				},
				"tail2": {
					"rotation": {
						"0.0": {
							"vector": [0, 0, 0]
						},
						"0.68": {
							"vector": [5, 0, 0],
							"easing": "easeInSine"
						},
						"1.0": {
							"vector": [-5.36, 0, 0],
							"easing": "easeInSine"
						},
						"1.44": {
							"vector": [0, 0, 0],
							"easing": "easeInSine"
						}
					}
				},
				"legleft1": {
					"position": {
						"0.0": {
							"vector": [0, 0, 0]
						},
						"0.72": {
							"vector": [0, 1.84776, -0.76537],
							"easing": "easeInSine"
						},
						"1.44": {
							"vector": [0, 0, 0],
							"easing": "easeInSine"
						}
					}
				},
				"legleft2": {
					"rotation": {
						"0.0": {
							"vector": [0, 0, 0]
						},
						"0.28": {
							"vector": [5.12872, -0.01671, -9.941],
							"easing": "easeInSine"
						},
						"0.72": {
							"vector": [-8.62126, -0.26732, -3.97111],
							"easing": "easeInSine"
						},
						"0.96": {
							"vector": [-5.83, 0, 0],
							"easing": "easeInSine"
						},
						"1.44": {
							"vector": [0, 0, 0],
							"easing": "easeInSine"
						}
					},
					"position": {
						"0.0": {
							"vector": [0, 0.38268, 0.92388]
						},
						"0.28": {
							"vector": [0, -0.24537, -0.58776]
						},
						"0.72": {
							"vector": [0, 1.14805, 2.77164],
							"easing": "easeInSine"
						},
						"1.44": {
							"vector": [0, 0.38268, 0.92388],
							"easing": "easeInSine"
						}
					}
				},
				"legleft3": {
					"rotation": {
						"0.0": {
							"vector": [12.5, 0, 0]
						},
						"0.28": {
							"vector": [20.83, 0, 0],
							"easing": "easeInSine"
						},
						"0.72": {
							"vector": [15, 0, 0],
							"easing": "easeInSine"
						},
						"0.96": {
							"vector": [15, 0, 0],
							"easing": "easeInSine"
						},
						"1.2": {
							"vector": [17.5, 0, 0],
							"easing": "easeInSine"
						},
						"1.44": {
							"vector": [12.5, 0, 0],
							"easing": "easeInSine"
						}
					}
				},
				"legright2": {
					"rotation": {
						"0.0": {
							"vector": [0, 0, 0]
						},
						"0.28": {
							"vector": [-10.83, 0, 0],
							"easing": "easeInSine"
						},
						"0.72": {
							"vector": [-8.62126, 0.26732, 3.97111],
							"easing": "easeInSine"
						},
						"0.92": {
							"vector": [-5.83, 0, 0],
							"easing": "easeInSine"
						},
						"1.44": {
							"vector": [0, 0, 0],
							"easing": "easeInSine"
						}
					},
					"position": {
						"0.0": {
							"vector": [0, 0.38268, 0.92388]
						},
						"0.28": {
							"vector": [0, -0.31537, -0.75776]
						},
						"0.72": {
							"vector": [0, 0.76537, 1.84776],
							"easing": "easeInSine"
						},
						"1.44": {
							"vector": [0, 0.38268, 0.92388],
							"easing": "easeInSine"
						}
					}
				},
				"legright3": {
					"rotation": {
						"0.0": {
							"vector": [12.5, 0, 0]
						},
						"0.28": {
							"vector": [30.8644, -6.29974, -4.59578],
							"easing": "easeInSine"
						},
						"0.72": {
							"vector": [15, 0, 0],
							"easing": "easeInSine"
						},
						"0.96": {
							"vector": [15, 0, 0],
							"easing": "easeInSine"
						},
						"1.2": {
							"vector": [16.43, 0, 0],
							"easing": "easeInSine"
						},
						"1.44": {
							"vector": [12.5, 0, 0],
							"easing": "easeInSine"
						}
					}
				},
				"legright1": {
					"position": {
						"0.0": {
							"vector": [0, 0, 0]
						},
						"0.72": {
							"vector": [0, 1.84776, -0.76537],
							"easing": "easeInSine"
						},
						"1.44": {
							"vector": [0, 0, 0],
							"easing": "easeInSine"
						}
					}
				},
				"neck1": {
					"rotation": {
						"0.0": {
							"vector": [0, 0, 0]
						},
						"0.96": {
							"vector": [5, 0, 0],
							"easing": "easeInSine"
						},
						"1.44": {
							"vector": [0, 0, 0],
							"easing": "easeInSine"
						}
					},
					"position": {
						"0.0": {
							"vector": [0, 0, 0]
						},
						"0.8": {
							"vector": [0, -0.92388, 0.38268],
							"easing": "easeInSine"
						},
						"1.44": {
							"vector": [0, 0, 0],
							"easing": "easeInSine"
						}
					}
				},
				"headmain1": {
					"rotation": {
						"0.0": {
							"vector": [0, 0, 0]
						},
						"0.12": {
							"vector": [-3.08, 0, 0]
						},
						"0.52": {
							"vector": [-2.5, 0, 0],
							"easing": "easeInSine"
						},
						"1.16": {
							"vector": [4.24, 0, 0],
							"easing": "easeInSine"
						},
						"1.44": {
							"vector": [0, 0, 0],
							"easing": "easeInSine"
						}
					}
				}
			}
		},
		"sacraphague_spit": {
			"animation_length": 0.84,
			"bones": {
				"body1": {
					"rotation": {
						"0.0": {
							"vector": [0, 0, 0]
						},
						"0.4": {
							"vector": [-15, 0, 0],
							"easing": "easeOutSine"
						},
						"0.6": {
							"vector": [0, 0, 0],
							"easing": "easeOutSine"
						},
						"0.84": {
							"vector": [0, 0, 0],
							"easing": "easeOutSine"
						}
					},
					"position": {
						"0.0": {
							"vector": [0, 0, 0]
						},
						"0.4": {
							"vector": [0, 0.5, 0],
							"easing": "easeOutSine"
						},
						"0.84": {
							"vector": [0, 0, 0],
							"easing": "easeOutSine"
						}
					}
				},
				"legleft1": {
					"rotation": {
						"0.0": {
							"vector": [0, 0, 0]
						},
						"0.4": {
							"vector": [15, 0, 0],
							"easing": "easeOutSine"
						},
						"0.6": {
							"vector": [0, 0, 0],
							"easing": "easeOutSine"
						},
						"0.84": {
							"vector": [0, 0, 0],
							"easing": "easeOutSine"
						}
					},
					"position": {
						"0.0": {
							"vector": [0, 0, 0]
						},
						"0.4": {
							"vector": [0, 1.21752, 1.58671],
							"easing": "easeOutSine"
						},
						"0.6": {
							"vector": [0, 0.19806, 1.06134],
							"easing": "easeOutSine"
						},
						"0.84": {
							"vector": [0, 0, 0],
							"easing": "easeOutSine"
						}
					}
				},
				"legright1": {
					"rotation": {
						"0.0": {
							"vector": [0, 0, 0]
						},
						"0.4": {
							"vector": [17.5, 0, 0],
							"easing": "easeOutSine"
						},
						"0.6": {
							"vector": [-2.5, 0, 0],
							"easing": "easeOutSine"
						},
						"0.84": {
							"vector": [0, 0, 0],
							"easing": "easeOutSine"
						}
					},
					"position": {
						"0.0": {
							"vector": [0, 0, 0]
						},
						"0.4": {
							"vector": [0, 1.21752, 1.58671],
							"easing": "easeOutSine"
						},
						"0.6": {
							"vector": [0, 0.19806, 1.06134],
							"easing": "easeOutSine"
						},
						"0.84": {
							"vector": [0, 0, 0],
							"easing": "easeOutSine"
						}
					}
				},
				"neck1": {
					"rotation": {
						"0.0": {
							"vector": [0, 0, 0]
						},
						"0.4": {
							"vector": [-25, 0, 0],
							"easing": "easeOutSine"
						},
						"0.52": {
							"vector": [11.82, 0, 0],
							"easing": "easeOutSine"
						},
						"0.84": {
							"vector": [0, 0, 0],
							"easing": "easeOutSine"
						}
					},
					"position": {
						"0.0": {
							"vector": [0, 0, 0]
						},
						"0.4": {
							"vector": [0, 0.60876, 0.79335],
							"easing": "easeOutSine"
						},
						"0.56": {
							"vector": [0, -3.13721, -2.24932],
							"easing": "easeOutSine"
						},
						"0.84": {
							"vector": [0, 0, 0],
							"easing": "easeOutSine"
						}
					}
				},
				"headmain1": {
					"rotation": {
						"0.0": {
							"vector": [0, 0, 0]
						},
						"0.16": {
							"vector": [34.5, 0, 0],
							"easing": "easeOutSine"
						},
						"0.4": {
							"vector": [-20, 0, 0],
							"easing": "easeOutSine"
						},
						"0.48": {
							"vector": [-28.03, 0, 0],
							"easing": "easeOutSine"
						},
						"0.52": {
							"vector": [20.45, 0, 0],
							"easing": "easeOutSine"
						},
						"0.6": {
							"vector": [33.67, 0, 0],
							"easing": "easeOutSine"
						},
						"0.64": {
							"vector": [25.28, 0, 0],
							"easing": "easeOutSine"
						},
						"0.84": {
							"vector": [0, 0, 0],
							"easing": "easeOutSine"
						}
					},
					"position": {
						"0.0": {
							"vector": [0, 0, 0]
						},
						"0.64": {
							"vector": [0, -0.65547, -1.25314],
							"easing": "easeOutSine"
						},
						"0.84": {
							"vector": [0, 0, 0],
							"easing": "easeOutSine"
						}
					}
				},
				"jawup1": {
					"rotation": {
						"0.0": {
							"vector": [0, 0, 0]
						},
						"0.4": {
							"vector": [-7.5, 0, 0],
							"easing": "easeOutSine"
						},
						"0.52": {
							"vector": [-63.75, 0, 0],
							"easing": "easeOutSine"
						},
						"0.64": {
							"vector": [-70, 0, 0],
							"easing": "easeOutSine"
						},
						"0.84": {
							"vector": [0, 0, 0],
							"easing": "easeOutSine"
						}
					}
				},
				"jawdown1": {
					"rotation": {
						"0.0": {
							"vector": [0, 0, 0]
						},
						"0.4": {
							"vector": [10, 0, 0],
							"easing": "easeOutSine"
						},
						"0.64": {
							"vector": [35, 0, 0],
							"easing": "easeOutSine"
						},
						"0.84": {
							"vector": [0, 0, 0],
							"easing": "easeOutSine"
						}
					}
				}
			}
		}
	},
	"geckolib_format_version": 2
}