{
	"format_version": "1.8.0",
	"animations": {
		"servus_colossus_adult.idle": {
			"loop": true,
			"animation_length": 4.08,
			"bones": {
				"body1": {
					"rotation": {
						"0.0": {
							"vector": [2.5, 0, 0]
						},
						"2.28": {
							"vector": [5, 0, 0]
						},
						"4.08": {
							"vector": [2.5, 0, 0]
						}
					}
				},
				"armleft1": {
					"rotation": {
						"0.0": {
							"vector": [12.5, 0, 0]
						},
						"0.52": {
							"vector": [20, 0, 0]
						},
						"2.08": {
							"vector": [-22.5, 0, 0]
						},
						"2.6": {
							"vector": [-27.5, 0, 0]
						},
						"4.08": {
							"vector": [12.5, 0, 0]
						}
					}
				},
				"armright1": {
					"rotation": {
						"0.0": {
							"vector": [22.5, 0, 0]
						},
						"0.48": {
							"vector": [25.45, 0, 0]
						},
						"1.76": {
							"vector": [-12.5, 0, 0]
						},
						"2.32": {
							"vector": [-17.5, 0, 0]
						},
						"4.08": {
							"vector": [22.5, 0, 0]
						}
					}
				},
				"neck1": {
					"rotation": {
						"0.0": {
							"vector": [10.00933, 2.462, 0.43439]
						},
						"0.64": {
							"vector": [7.16746, 1.39735, 0.24654]
						},
						"1.48": {
							"vector": [15, 0, 0]
						},
						"4.08": {
							"vector": [10.00933, 2.462, 0.43439]
						}
					}
				},
				"head1": {
					"rotation": {
						"0.0": {
							"vector": [-7.5, 0, 0]
						},
						"2.28": {
							"vector": [2.5, 0, 0]
						},
						"4.08": {
							"vector": [-7.5, 0, 0]
						}
					}
				},
				"jaw1": {
					"position": {
						"vector": [0, 25, 0]
					}
				},
				"tongue1": {
					"position": {
						"vector": [0, 0, 6]
					},
					"scale": {
						"vector": [0, 0, 0]
					}
				},
				"undefined": {
					"position": {
						"vector": [0, 0, 6]
					},
					"scale": {
						"vector": [0, 0, 0]
					}
				}
			}
		},
		"servus_colossus_adult.walk": {
			"loop": true,
			"animation_length": 1.92,
			"bones": {
				"body1": {
					"rotation": {
						"0.0": {
							"vector": [2.5, 0, 0]
						},
						"0.48": {
							"vector": [-2.5, 0, 0]
						},
						"0.72": {
							"vector": [0.86251, -0.03766, 2.49972]
						},
						"1.2": {
							"vector": [7.59, 0, 0]
						},
						"1.44": {
							"vector": [5.23581, 0.22828, -2.48956]
						},
						"1.92": {
							"vector": [2.5, 0, 0]
						}
					},
					"position": {
						"0.0": {
							"vector": [0, 0, 0]
						},
						"0.48": {
							"vector": [0, 0.26, 0]
						},
						"0.72": {
							"vector": [0, -1, 0]
						},
						"1.2": {
							"vector": [0, 0, 0]
						},
						"1.44": {
							"vector": [0, -1, 0]
						},
						"1.92": {
							"vector": [0, 0, 0]
						}
					}
				},
				"armleft1": {
					"rotation": {
						"0.0": {
							"vector": [-17.5, 0, 0]
						},
						"0.56": {
							"vector": [10, 0, 0]
						},
						"1.0": {
							"vector": [-37.93, 0, 0]
						},
						"1.92": {
							"vector": [-17.5, 0, 0]
						}
					}
				},
				"armright1": {
					"rotation": {
						"0.0": {
							"vector": [-12.5, 0, 0]
						},
						"0.36": {
							"vector": [-2.5, 0, 0]
						},
						"0.84": {
							"vector": [8.97, 0, 0]
						},
						"1.36": {
							"vector": [-16.22, 0, 0]
						},
						"1.92": {
							"vector": [-12.5, 0, 0]
						}
					}
				},
				"neck1": {
					"rotation": {
						"0.0": {
							"vector": [10, 0, 0]
						},
						"0.4": {
							"vector": [12.5, 0, 0]
						},
						"0.88": {
							"vector": [14.29217, -4.846, -1.23286]
						},
						"1.16": {
							"vector": [7.84956, -0.75412, -0.48004]
						},
						"1.52": {
							"vector": [11.74046, 2.17842, 0.3371]
						},
						"1.92": {
							"vector": [10, 0, 0]
						}
					}
				},
				"head1": {
					"rotation": {
						"0.0": {
							"vector": [7.60757, 9.9351, 0.99106]
						},
						"1.04": {
							"vector": [2.5, -2.5, 0]
						},
						"1.64": {
							"vector": [3.2996, 5.90861, 0.0697]
						},
						"1.92": {
							"vector": [7.60757, 9.9351, 0.99106]
						}
					}
				},
				"jaw1": {
					"position": {
						"0.0": {
							"vector": [0, 25, 0]
						},
						"1.92": {
							"vector": [0, 25, 0]
						}
					}
				},
				"legright1": {
					"rotation": {
						"0.0": {
							"vector": [25, 0, 0]
						},
						"0.76": {
							"vector": [-20, 0, 0]
						},
						"1.92": {
							"vector": [25, 0, 0]
						}
					}
				},
				"legleft1": {
					"rotation": {
						"0.0": {
							"vector": [-22.5, 0, 0]
						},
						"0.76": {
							"vector": [22.5, 0, 0]
						},
						"1.92": {
							"vector": [-22.5, 0, 0]
						}
					}
				},
				"tongue1": {
					"position": {
						"0.0": {
							"vector": [0, 0, 3]
						},
						"1.92": {
							"vector": [0, 0, 3]
						}
					},
					"scale": {
						"0.0": {
							"vector": [0, 0, 0]
						},
						"1.92": {
							"vector": [0, 0, 0]
						}
					}
				},
				"undefined": {
					"rotation": {
						"0.0": {
							"vector": [-22.5, 0, 0]
						},
						"0.76": {
							"vector": [22.5, 0, 0]
						},
						"1.92": {
							"vector": [-22.5, 0, 0]
						}
					}
				}
			}
		},
		"servus_colossus_adult.windup": {
			"loop": "hold_on_last_frame",
			"animation_length": 3.08,
			"bones": {
				"body1": {
					"rotation": {
						"0.0": {
							"vector": [0, 0, 0]
						},
						"0.24": {
							"vector": [12.5, 0, 0]
						},
						"0.36": {
							"vector": [15, 0, 0]
						},
						"0.52": {
							"vector": [-2.5, 0, 0]
						},
						"1.92": {
							"vector": [-5, 0, 0]
						},
						"2.04": {
							"vector": [12.5, 0, 0]
						},
						"2.24": {
							"vector": [12.48848, -0.54094, 2.44081]
						},
						"2.28": {
							"vector": [12.48848, 0.54094, -2.44081]
						},
						"2.32": {
							"vector": [12.48848, -0.54094, 2.44081]
						},
						"2.36": {
							"vector": [12.48848, 0.54094, -2.44081]
						},
						"2.4": {
							"vector": [12.48848, -0.54094, 2.44081]
						},
						"2.44": {
							"vector": [12.48848, 0.54094, -2.44081]
						},
						"2.48": {
							"vector": [12.48848, -0.54094, 2.44081]
						},
						"2.52": {
							"vector": [12.48848, 0.54094, -2.44081]
						},
						"2.56": {
							"vector": [12.48848, -0.54094, 2.44081]
						},
						"2.6": {
							"vector": [12.48848, 0.54094, -2.44081]
						},
						"2.64": {
							"vector": [12.48848, -0.54094, 2.44081]
						},
						"2.68": {
							"vector": [12.48848, 0.54094, -2.44081]
						},
						"2.76": {
							"vector": [12.48848, -0.54094, 2.44081]
						},
						"2.84": {
							"vector": [12.48848, 0.54094, -2.44081]
						},
						"2.92": {
							"vector": [12.48848, -0.54094, 2.44081]
						},
						"3.04": {
							"vector": [12.48848, 0.54094, -2.44081]
						}
					}
				},
				"armleft1": {
					"rotation": {
						"0.0": {
							"vector": [0, 0, 0]
						},
						"0.52": {
							"vector": [-17.5, 0, 0]
						},
						"0.92": {
							"vector": [20, 0, 0]
						},
						"1.12": {
							"vector": [5, 0, 0]
						},
						"1.92": {
							"vector": [-5, 0, 0]
						},
						"2.12": {
							"vector": [-32.5, 0, 0]
						}
					}
				},
				"armright1": {
					"rotation": {
						"0.0": {
							"vector": [0, 0, 0]
						},
						"0.44": {
							"vector": [-20, 0, 0]
						},
						"0.8": {
							"vector": [25, 0, 0]
						},
						"1.12": {
							"vector": [17.5, 0, 0]
						},
						"2.0": {
							"vector": [2.5, 0, 0]
						},
						"2.2": {
							"vector": [-27.5, 0, 0]
						}
					}
				},
				"neck1": {
					"rotation": {
						"0.0": {
							"vector": [0, 0, 0]
						},
						"0.4": {
							"vector": [15, 0, 0]
						},
						"0.6": {
							"vector": [2.5, 0, 0]
						},
						"0.8": {
							"vector": [2.49762, 0.10901, -2.49762]
						},
						"0.84": {
							"vector": [2.49703, -0.11808, 2.70576]
						},
						"0.88": {
							"vector": [2.4996, 0.00165, -0.03784]
						},
						"0.92": {
							"vector": [2.49733, -0.10751, 2.46357]
						},
						"0.96": {
							"vector": [2.49942, 0.01343, -0.30779]
						},
						"1.08": {
							"vector": [2.49763, -0.10397, 2.3822]
						},
						"1.28": {
							"vector": [2.5, 0, 0]
						},
						"1.72": {
							"vector": [2.5, 0, 0]
						},
						"1.84": {
							"vector": [-7.5, 0, 0]
						},
						"2.0": {
							"vector": [30.32078, 1.21061, 1.23256]
						},
						"2.16": {
							"vector": [25.32078, 1.21061, 1.23256]
						},
						"2.28": {
							"vector": [30.32078, 1.21061, 1.23256]
						},
						"2.4": {
							"vector": [25.32078, 1.21061, 1.23256]
						},
						"2.52": {
							"vector": [30.32078, 1.21061, 1.23256]
						},
						"2.6": {
							"vector": [25.32078, 1.21061, 1.23256]
						},
						"2.72": {
							"vector": [30.32078, 1.21061, 1.23256]
						},
						"2.84": {
							"vector": [25.32078, 1.21061, 1.23256]
						},
						"2.96": {
							"vector": [30.32078, 1.21061, 1.23256]
						}
					},
					"position": {
						"0.0": {
							"vector": [0, 0, 0]
						},
						"1.72": {
							"vector": [0, 0, -1.31]
						},
						"2.08": {
							"vector": [0, 0, -4]
						}
					}
				},
				"head1": {
					"rotation": {
						"0.0": {
							"vector": [0, 0, 0]
						},
						"0.56": {
							"vector": [15, 0, 0]
						},
						"1.24": {
							"vector": [14.33501, -4.46375, 16.93839]
						},
						"1.64": {
							"vector": [14.33501, -4.46375, 16.93839]
						},
						"1.88": {
							"vector": [1.83501, -4.46375, 16.93839]
						},
						"1.96": {
							"vector": [-35.66499, -4.46375, 16.93839]
						},
						"2.12": {
							"vector": [-30.50385, -2.12967, -11.23677]
						},
						"2.2": {
							"vector": [-32.07166, 0.34781, -7.16163]
						},
						"2.28": {
							"vector": [-34.67087, 5.60173, 0.81015]
						},
						"2.36": {
							"vector": [-30.57503, -4.28295, -9.96453]
						},
						"2.44": {
							"vector": [-34.83651, 7.65586, -0.62449]
						},
						"2.52": {
							"vector": [-32.9219, -12.32471, 0.92496]
						},
						"2.6": {
							"vector": [-34.83651, 7.65586, -0.62449]
						},
						"2.68": {
							"vector": [-35.91634, 7.72743, 8.17896]
						},
						"2.8": {
							"vector": [-34.48382, -0.57633, 5.06857]
						},
						"2.88": {
							"vector": [-32.26918, -6.00328, -3.16551]
						},
						"3.0": {
							"vector": [-34.48382, -0.57633, 5.06857]
						},
						"3.08": {
							"vector": [-32.08814, -1.77056, -5.83385]
						}
					},
					"position": {
						"0.0": {
							"vector": [0, 0, 0]
						},
						"1.64": {
							"vector": [0, 2, 0]
						},
						"1.96": {
							"vector": [0, 2, -4]
						},
						"2.08": {
							"vector": [0, 4, -6]
						}
					}
				},
				"eyeball1": {
					"rotation": {
						"0.0": {
							"vector": [0, 0, 0]
						},
						"1.48": {
							"vector": [-45, 0, 0]
						},
						"1.68": {
							"vector": [10, -17.5, 0]
						},
						"2.48": {
							"vector": [-37.96006, 2.21583, 3.40742]
						},
						"3.0": {
							"vector": [-12.96006, 2.21583, 3.40742]
						}
					},
					"position": {
						"0.0": {
							"vector": [0, 0, 0]
						},
						"1.48": {
							"vector": [0, 0, 0]
						},
						"1.68": {
							"vector": [0, 0, -3]
						},
						"3.0": {
							"vector": [0, 0, -2.25]
						}
					}
				},
				"eyeball2": {
					"rotation": {
						"0.0": {
							"vector": [0, 0, 0]
						},
						"1.48": {
							"vector": [-45, 0, 0]
						},
						"1.68": {
							"vector": [22.57734, 4.61854, 1.91757]
						},
						"2.12": {
							"vector": [23.78773, 18.42031, 7.92945]
						},
						"3.0": {
							"vector": [5.90479, 0.95878, 8.45447]
						}
					},
					"position": {
						"0.0": {
							"vector": [0, 0, 0]
						},
						"1.48": {
							"vector": [0, 0, 0]
						},
						"1.68": {
							"vector": [0, 0, -2]
						},
						"3.0": {
							"vector": [0, 0, -2.75]
						}
					}
				},
				"jaw1": {
					"position": {
						"0.0": {
							"vector": [0, 25, 0]
						},
						"1.92": {
							"vector": [0, 25, 0]
						},
						"2.08": {
							"vector": [0, 1, 0]
						},
						"2.16": {
							"vector": [0, 4, 0]
						},
						"2.24": {
							"vector": [0, 0, 0]
						},
						"2.32": {
							"vector": [0, 3, 0]
						},
						"2.4": {
							"vector": [0, 0, 0]
						},
						"2.48": {
							"vector": [0, 3, 0]
						},
						"2.56": {
							"vector": [0, 0, 0]
						},
						"2.64": {
							"vector": [0, 3, 0]
						},
						"2.72": {
							"vector": [0, 0, 0]
						},
						"2.8": {
							"vector": [0, 3, 0]
						},
						"2.88": {
							"vector": [0, 0, 0]
						},
						"2.96": {
							"vector": [0, 3, 0]
						},
						"3.04": {
							"vector": [0, 0, 0]
						}
					}
				},
				"legright1": {
					"rotation": {
						"0.0": {
							"vector": [0, 0, 0]
						},
						"0.16": {
							"vector": [-2.5, 0, 5]
						},
						"0.6": {
							"vector": [-2.4905, -0.21782, 0.00473]
						},
						"1.28": {
							"vector": [-2.4905, -0.21782, 0.00473]
						}
					}
				},
				"legleft1": {
					"rotation": {
						"0.0": {
							"vector": [0, 0, 0]
						},
						"0.16": {
							"vector": [5, 0, -5]
						},
						"0.6": {
							"vector": [4.98107, -0.43523, -0.01893]
						},
						"1.28": {
							"vector": [4.98107, -0.43523, -0.01893]
						}
					}
				},
				"tongue1": {
					"position": {
						"vector": [0, 0, 4]
					},
					"scale": {
						"vector": [0, 0, 0]
					}
				},
				"undefined": {
					"rotation": {
						"0.0": {
							"vector": [0, 0, 0]
						},
						"0.16": {
							"vector": [5, 0, -5]
						},
						"0.6": {
							"vector": [4.98107, -0.43523, -0.01893]
						},
						"1.28": {
							"vector": [4.98107, -0.43523, -0.01893]
						}
					}
				}
			}
		},
		"servus_colossus_adult.charge": {
			"loop": true,
			"animation_length": 0.48,
			"bones": {
				"body1": {
					"rotation": {
						"0.0": {
							"vector": [2.3236, 1.50073, -9.8276]
						},
						"0.08": {
							"vector": [12.3236, 1.50073, -9.8276]
						},
						"0.24": {
							"vector": [12.35781, -1.18099, 2.38251]
						},
						"0.4": {
							"vector": [-5.14219, -1.18099, 2.38251]
						},
						"0.48": {
							"vector": [2.3236, 1.50073, -9.8276]
						}
					}
				},
				"armleft1": {
					"rotation": {
						"0.0": {
							"vector": [-37.5, 0, 0]
						},
						"0.28": {
							"vector": [29.81594, 2.15393, -9.76758]
						},
						"0.48": {
							"vector": [-37.5, 0, 0]
						}
					}
				},
				"armright1": {
					"rotation": {
						"0.0": {
							"vector": [30, 0, 12.5]
						},
						"0.16": {
							"vector": [35, 0, 12.5]
						},
						"0.32": {
							"vector": [-30, 0, 12.5]
						},
						"0.4": {
							"vector": [-20, 0, 12.5]
						},
						"0.48": {
							"vector": [30, 0, 12.5]
						}
					}
				},
				"neck1": {
					"rotation": {
						"0.0": {
							"vector": [20, 0, 0]
						},
						"0.48": {
							"vector": [20, 0, 0]
						}
					},
					"position": {
						"0.0": {
							"vector": [0, 0, -3]
						},
						"0.48": {
							"vector": [0, 0, -3]
						}
					}
				},
				"head1": {
					"rotation": {
						"0.0": {
							"vector": [-27.47766, 1.15408, 2.21783]
						},
						"0.12": {
							"vector": [-26.94093, 5.73576, 11.12501]
						},
						"0.28": {
							"vector": [-27.09285, -4.33187, -8.39498]
						},
						"0.48": {
							"vector": [-27.47766, 1.15408, 2.21783]
						}
					}
				},
				"eyeball1": {
					"rotation": {
						"vector": [17.5, -7.5, 0]
					},
					"position": {
						"vector": [0, 0, -3]
					}
				},
				"eyeball2": {
					"rotation": {
						"vector": [27.62353, 7.24305, 1.95155]
					},
					"position": {
						"vector": [0, 0, -2.25]
					}
				},
				"jaw1": {
					"rotation": {
						"0.0": {
							"vector": [4.98107, -0.43523, 4.98107]
						},
						"0.28": {
							"vector": [2.49763, 0.10922, -5.00235]
						},
						"0.48": {
							"vector": [4.98107, -0.43523, 4.98107]
						}
					},
					"position": {
						"0.0": {
							"vector": [0, 0, 0]
						},
						"0.08": {
							"vector": [0, 4, 0]
						},
						"0.48": {
							"vector": [0, 0, 0]
						}
					}
				},
				"legright1": {
					"rotation": {
						"0.0": {
							"vector": [-27.5, 0, 0]
						},
						"0.24": {
							"vector": [17.35932, -2.24944, 7.15656]
						},
						"0.48": {
							"vector": [-27.5, 0, 0]
						}
					}
				},
				"legleft1": {
					"rotation": {
						"0.0": {
							"vector": [22.42287, 1.91134, -4.62111]
						},
						"0.24": {
							"vector": [-22.5, 0, 0]
						},
						"0.48": {
							"vector": [22.42287, 1.91134, -4.62111]
						}
					}
				},
				"tongue1": {
					"scale": {
						"0.0": {
							"vector": [0, 0, 0]
						},
						"0.48": {
							"vector": [0, 0, 0]
						}
					}
				},
				"undefined": {
					"rotation": {
						"0.0": {
							"vector": [22.42287, 1.91134, -4.62111]
						},
						"0.24": {
							"vector": [-22.5, 0, 0]
						},
						"0.48": {
							"vector": [22.42287, 1.91134, -4.62111]
						}
					}
				}
			}
		},
		"servus_colossus_adult.tonguestrike": {
			"animation_length": 3.04,
			"bones": {
				"body1": {
					"rotation": {
						"0.0": {
							"vector": [0, 0, 0]
						},
						"1.48": {
							"vector": [-10, 0, 0]
						},
						"1.6": {
							"vector": [15, 0, 0]
						},
						"2.52": {
							"vector": [0, 0, 0]
						}
					}
				},
				"armleft1": {
					"rotation": {
						"0.0": {
							"vector": [0, 0, 0]
						},
						"1.52": {
							"vector": [5, 0, 0]
						},
						"2.04": {
							"vector": [4.88206, 1.08089, -12.45392]
						},
						"2.52": {
							"vector": [0, 0, 0]
						}
					}
				},
				"armright1": {
					"rotation": {
						"0.0": {
							"vector": [0, 0, 0]
						},
						"1.52": {
							"vector": [17.5, 0, 0]
						},
						"2.04": {
							"vector": [-4.69986, 1.70818, 19.9299]
						},
						"2.52": {
							"vector": [0, 0, 0]
						}
					}
				},
				"neck1": {
					"rotation": {
						"0.0": {
							"vector": [0, 0, 0]
						},
						"1.48": {
							"vector": [2.5, 0, 0]
						},
						"1.64": {
							"vector": [40, 0, 0]
						},
						"2.24": {
							"vector": [40, 0, 0]
						},
						"2.52": {
							"vector": [0, 0, 0]
						}
					},
					"position": {
						"0.0": {
							"vector": [0, 0, 0]
						},
						"1.48": {
							"vector": [0, 3, 3]
						},
						"2.52": {
							"vector": [0, 0, 0]
						}
					}
				},
				"head1": {
					"rotation": {
						"0.0": {
							"vector": [0, 0, 0]
						},
						"1.48": {
							"vector": [-27.5, 0, 0]
						},
						"1.64": {
							"vector": [-49.14848, 1.17832, 1.17889]
						},
						"1.72": {
							"vector": [-44.97272, 1.76749, 1.76833]
						},
						"1.84": {
							"vector": [-37.47272, 1.76749, 1.76833]
						},
						"2.12": {
							"vector": [-36.84772, 1.76749, 1.76833]
						},
						"2.32": {
							"vector": [-65.97818, 1.41399, 1.41466]
						},
						"2.52": {
							"vector": [0, 0, 0]
						}
					},
					"position": {
						"0.0": {
							"vector": [0, 0, 0]
						},
						"1.72": {
							"vector": [0, 3.53553, -3.53553]
						},
						"2.32": {
							"vector": [0, 3.53553, -3.53553]
						},
						"2.52": {
							"vector": [0, 0, 0]
						}
					}
				},
				"jaw1": {
					"position": {
						"0.0": {
							"vector": [0, 25, 0]
						},
						"1.52": {
							"vector": [0, 19.08, 0]
						},
						"1.6": {
							"vector": [0, 1, 0]
						},
						"2.28": {
							"vector": [0, 1, 0]
						},
						"2.52": {
							"vector": [0, 25, 0]
						}
					}
				},
				"legright1": {
					"rotation": {
						"0.0": {
							"vector": [0, 0, 0]
						},
						"1.28": {
							"vector": [10.03742, 4.92385, 0.87038]
						},
						"2.52": {
							"vector": [0, 0, 0]
						}
					}
				},
				"legleft1": {
					"rotation": {
						"0.0": {
							"vector": [0, 0, 0]
						},
						"1.28": {
							"vector": [-7.43656, 0.9762, -0.06344]
						},
						"2.52": {
							"vector": [0, 0, 0]
						}
					}
				},
				"tongue1": {
					"rotation": {
						"0.0": {
							"vector": [0, 0, 0]
						},
						"1.6": {
							"vector": [0, 0, 0]
						},
						"1.68": {
							"vector": [5, -6, 0]
						},
						"1.92": {
							"vector": [0, 10, 0]
						},
						"2.04": {
							"vector": [0, -20, 0]
						},
						"2.4": {
							"vector": [25, -5, 0]
						},
						"2.52": {
							"vector": [0, 0, 0]
						}
					},
					"position": {
						"0.0": {
							"vector": [0, 0, 4]
						},
						"1.56": {
							"vector": [0, 0, 9]
						},
						"1.72": {
							"vector": [0, 0, 2]
						},
						"2.52": {
							"vector": [0, 0, 4]
						}
					},
					"scale": {
						"0.0": {
							"vector": [0, 0, 0]
						},
						"1.56": {
							"vector": [0.5, 0.5, 0]
						},
						"1.72": {
							"vector": [1, 1, 1.6]
						},
						"1.8": {
							"vector": [1, 1, 1.2636]
						},
						"1.88": {
							"vector": [1, 1, 1.6939]
						},
						"2.16": {
							"vector": [1, 1, 1.4]
						},
						"2.52": {
							"vector": [0, 0, 0]
						}
					}
				},
				"tongue2": {
					"rotation": {
						"0.0": {
							"vector": [0, 0, 0]
						},
						"1.6": {
							"vector": [0, 0, 0]
						},
						"1.76": {
							"vector": [0, -12.5, 0]
						},
						"1.92": {
							"vector": [0, 25, 0]
						},
						"2.16": {
							"vector": [17.5346, -35.56366, -5.49015]
						},
						"2.32": {
							"vector": [0, -10, 0]
						},
						"2.52": {
							"vector": [0, 0, 0]
						}
					}
				},
				"undefined": {
					"rotation": {
						"0.0": {
							"vector": [0, 0, 0]
						},
						"0.4": {
							"vector": [-7.5, 0, -7.5]
						},
						"1.64": {
							"vector": [0, 0, 0]
						}
					}
				}
			}
		},
		"servus_colossus_adult.emergence": {
			"animation_length": 5.04,
			"bones": {
				"body1": {
					"rotation": {
						"0.0": {
							"post": {
								"vector": [40, 0, 0]
							},
							"lerp_mode": "catmullrom"
						},
						"0.8": {
							"post": {
								"vector": [24.86554, 1.05178, -2.26812]
							},
							"lerp_mode": "catmullrom"
						},
						"1.08": {
							"post": {
								"vector": [23.24822, -0.97541, 2.4391]
							},
							"lerp_mode": "catmullrom"
						},
						"1.28": {
							"post": {
								"vector": [24.86554, 1.05178, -2.26812]
							},
							"lerp_mode": "catmullrom"
						},
						"1.4": {
							"post": {
								"vector": [23.24822, -0.97541, 2.4391]
							},
							"lerp_mode": "catmullrom"
						},
						"1.44": {
							"post": {
								"vector": [24.86554, 1.05178, -2.26812]
							},
							"lerp_mode": "catmullrom"
						},
						"1.48": {
							"post": {
								"vector": [23.24822, -0.97541, 2.4391]
							},
							"lerp_mode": "catmullrom"
						},
						"1.52": {
							"post": {
								"vector": [24.86554, 1.05178, -2.26812]
							},
							"lerp_mode": "catmullrom"
						},
						"1.56": {
							"post": {
								"vector": [23.24822, -0.97541, 2.4391]
							},
							"lerp_mode": "catmullrom"
						},
						"1.6": {
							"post": {
								"vector": [24.86554, 1.05178, -2.26812]
							},
							"lerp_mode": "catmullrom"
						},
						"1.64": {
							"post": {
								"vector": [23.24822, -0.97541, 2.4391]
							},
							"lerp_mode": "catmullrom"
						},
						"1.68": {
							"post": {
								"vector": [24.86554, 1.05178, -2.26812]
							},
							"lerp_mode": "catmullrom"
						},
						"1.72": {
							"post": {
								"vector": [23.24822, -0.97541, 2.4391]
							},
							"lerp_mode": "catmullrom"
						},
						"1.76": {
							"post": {
								"vector": [22.36554, 1.05178, -2.26812]
							},
							"lerp_mode": "catmullrom"
						},
						"1.8": {
							"post": {
								"vector": [20.74822, -0.97541, 2.4391]
							},
							"lerp_mode": "catmullrom"
						},
						"1.84": {
							"post": {
								"vector": [17.36554, 1.05178, -2.26812]
							},
							"lerp_mode": "catmullrom"
						},
						"1.92": {
							"post": {
								"vector": [15.74822, -0.97541, 2.4391]
							},
							"lerp_mode": "catmullrom"
						},
						"1.96": {
							"post": {
								"vector": [17.36554, 1.05178, -2.26812]
							},
							"lerp_mode": "catmullrom"
						},
						"2.08": {
							"post": {
								"vector": [18.24822, -0.97541, 2.4391]
							},
							"lerp_mode": "catmullrom"
						},
						"2.16": {
							"post": {
								"vector": [17.36554, 1.05178, -2.26812]
							},
							"lerp_mode": "catmullrom"
						},
						"2.24": {
							"post": {
								"vector": [18.24822, -0.97541, 2.4391]
							},
							"lerp_mode": "catmullrom"
						},
						"2.32": {
							"post": {
								"vector": [14.86554, 1.05178, -2.26812]
							},
							"lerp_mode": "catmullrom"
						},
						"2.44": {
							"post": {
								"vector": [10.74822, -0.97541, 2.4391]
							},
							"lerp_mode": "catmullrom"
						},
						"2.52": {
							"post": {
								"vector": [7.36554, 1.05178, -2.26812]
							},
							"lerp_mode": "catmullrom"
						},
						"2.68": {
							"post": {
								"vector": [3.24822, -0.97541, 2.4391]
							},
							"lerp_mode": "catmullrom"
						},
						"2.84": {
							"post": {
								"vector": [4.86554, 1.05178, -2.26812]
							},
							"lerp_mode": "catmullrom"
						},
						"3.04": {
							"post": {
								"vector": [0.74822, -0.97541, 2.4391]
							},
							"lerp_mode": "catmullrom"
						},
						"3.28": {
							"post": {
								"vector": [-0.13446, 1.05178, -2.26812]
							},
							"lerp_mode": "catmullrom"
						},
						"3.52": {
							"post": {
								"vector": [-7.5, 0, 0]
							},
							"lerp_mode": "catmullrom"
						},
						"5.04": {
							"post": {
								"vector": [0, 0, 0]
							},
							"lerp_mode": "catmullrom"
						}
					},
					"position": {
						"0.0": {
							"vector": [0, -6, 0]
						},
						"1.56": {
							"vector": [0, -2, 0]
						},
						"5.04": {
							"vector": [0, -2, 0]
						}
					}
				},
				"armleft1": {
					"rotation": {
						"0.0": {
							"post": {
								"vector": [-45, 0, 0]
							},
							"lerp_mode": "catmullrom"
						},
						"1.36": {
							"post": {
								"vector": [-49.73548, -23.53844, -13.51366]
							},
							"lerp_mode": "catmullrom"
						},
						"2.08": {
							"post": {
								"vector": [-56.99842, -7.63664, 0.97294]
							},
							"lerp_mode": "catmullrom"
						},
						"3.2": {
							"post": {
								"vector": [-65.33431, -4.20854, 9.07947]
							},
							"lerp_mode": "catmullrom"
						},
						"4.36": {
							"post": {
								"vector": [24.66569, -4.20854, 9.07947]
							},
							"lerp_mode": "catmullrom"
						},
						"5.04": {
							"post": {
								"vector": [0, 0, 0]
							},
							"lerp_mode": "catmullrom"
						}
					}
				},
				"armright1": {
					"rotation": {
						"0.0": {
							"post": {
								"vector": [-55, 0, 0]
							},
							"lerp_mode": "catmullrom"
						},
						"1.36": {
							"post": {
								"vector": [-58.87958, 15.99495, 6.51997]
							},
							"lerp_mode": "catmullrom"
						},
						"2.56": {
							"post": {
								"vector": [-62.69042, 1.19235, -3.07129]
							},
							"lerp_mode": "catmullrom"
						},
						"3.96": {
							"post": {
								"vector": [-70.1577, 2.55868, -7.05239]
							},
							"lerp_mode": "catmullrom"
						},
						"4.72": {
							"post": {
								"vector": [-0.1577, 2.55868, -7.05239]
							},
							"lerp_mode": "catmullrom"
						},
						"5.04": {
							"post": {
								"vector": [0, 0, 0]
							},
							"lerp_mode": "catmullrom"
						}
					}
				},
				"neck1": {
					"rotation": {
						"0.0": {
							"post": {
								"vector": [42.5, 0, 0]
							},
							"lerp_mode": "catmullrom"
						},
						"3.84": {
							"post": {
								"vector": [7.5, 0, 0]
							},
							"lerp_mode": "catmullrom"
						},
						"5.04": {
							"post": {
								"vector": [0, 0, 0]
							},
							"lerp_mode": "catmullrom"
						}
					},
					"position": {
						"5.04": {
							"pre": {
								"vector": [0, 0, 0]
							},
							"post": {
								"vector": [0, 0, 0]
							},
							"lerp_mode": "catmullrom"
						}
					}
				},
				"head1": {
					"rotation": {
						"0.0": {
							"post": {
								"vector": [17.5, 0, 0]
							},
							"lerp_mode": "catmullrom"
						},
						"2.92": {
							"post": {
								"vector": [-6.78038, -2.32649, -9.52457]
							},
							"lerp_mode": "catmullrom"
						},
						"2.96": {
							"post": {
								"vector": [-6.87593, -2.98086, -14.73747]
							},
							"lerp_mode": "catmullrom"
						},
						"3.0": {
							"post": {
								"vector": [-6.78038, -2.32649, -9.52457]
							},
							"lerp_mode": "catmullrom"
						},
						"3.04": {
							"post": {
								"vector": [-6.87593, -2.98086, -14.73747]
							},
							"lerp_mode": "catmullrom"
						},
						"3.08": {
							"post": {
								"vector": [-6.78038, -2.32649, -9.52457]
							},
							"lerp_mode": "catmullrom"
						},
						"3.12": {
							"post": {
								"vector": [-6.87593, -2.98086, -14.73747]
							},
							"lerp_mode": "catmullrom"
						},
						"3.16": {
							"post": {
								"vector": [-6.78038, -2.32649, -9.52457]
							},
							"lerp_mode": "catmullrom"
						},
						"3.2": {
							"post": {
								"vector": [-6.87593, -2.98086, -14.73747]
							},
							"lerp_mode": "catmullrom"
						},
						"3.24": {
							"post": {
								"vector": [-6.78038, -2.32649, -9.52457]
							},
							"lerp_mode": "catmullrom"
						},
						"3.28": {
							"post": {
								"vector": [-6.87593, -2.98086, -14.73747]
							},
							"lerp_mode": "catmullrom"
						},
						"3.32": {
							"post": {
								"vector": [-6.78038, -2.32649, -9.52457]
							},
							"lerp_mode": "catmullrom"
						},
						"3.36": {
							"post": {
								"vector": [-6.87593, -2.98086, -14.73747]
							},
							"lerp_mode": "catmullrom"
						},
						"3.4": {
							"post": {
								"vector": [-6.78038, -2.32649, -9.52457]
							},
							"lerp_mode": "catmullrom"
						},
						"3.44": {
							"post": {
								"vector": [-6.87593, -2.98086, -14.73747]
							},
							"lerp_mode": "catmullrom"
						},
						"3.48": {
							"post": {
								"vector": [-6.78038, -2.32649, -9.52457]
							},
							"lerp_mode": "catmullrom"
						},
						"3.52": {
							"post": {
								"vector": [-6.87593, -2.98086, -14.73747]
							},
							"lerp_mode": "catmullrom"
						},
						"3.56": {
							"post": {
								"vector": [-6.78038, -2.32649, -9.52457]
							},
							"lerp_mode": "catmullrom"
						},
						"3.6": {
							"post": {
								"vector": [-6.87593, -2.98086, -14.73747]
							},
							"lerp_mode": "catmullrom"
						},
						"3.64": {
							"post": {
								"vector": [-6.78038, -2.32649, -9.52457]
							},
							"lerp_mode": "catmullrom"
						},
						"3.68": {
							"post": {
								"vector": [-6.87593, -2.98086, -14.73747]
							},
							"lerp_mode": "catmullrom"
						},
						"4.16": {
							"post": {
								"vector": [-16.93845, -3.73171, -17.10967]
							},
							"lerp_mode": "catmullrom"
						},
						"5.04": {
							"post": {
								"vector": [0, 0, 0]
							},
							"lerp_mode": "catmullrom"
						}
					},
					"position": {
						"0.0": {
							"post": {
								"vector": [0, 0, 0]
							},
							"lerp_mode": "catmullrom"
						},
						"4.48": {
							"post": {
								"vector": [0.00929, 0.38269, -1.96302]
							},
							"lerp_mode": "catmullrom"
						},
						"4.76": {
							"post": {
								"vector": [0.02325, 0.38092, -2.97073]
							},
							"lerp_mode": "catmullrom"
						},
						"5.04": {
							"post": {
								"vector": [0, 0, 0]
							},
							"lerp_mode": "catmullrom"
						}
					}
				},
				"slabber1": {
					"rotation": {
						"0.0": {
							"post": {
								"vector": [0, 0, 0]
							},
							"lerp_mode": "catmullrom"
						},
						"4.16": {
							"post": {
								"vector": [-5, 0, 0]
							},
							"lerp_mode": "catmullrom"
						}
					}
				},
				"eyeball1": {
					"rotation": {
						"5.04": {
							"pre": {
								"vector": [0, 0, 0]
							},
							"post": {
								"vector": [0, 0, 0]
							},
							"lerp_mode": "catmullrom"
						}
					},
					"position": {
						"5.04": {
							"pre": {
								"vector": [0, 0, 0]
							},
							"post": {
								"vector": [0, 0, 0]
							},
							"lerp_mode": "catmullrom"
						}
					}
				},
				"eyeball2": {
					"rotation": {
						"5.04": {
							"pre": {
								"vector": [0, 0, 0]
							},
							"post": {
								"vector": [0, 0, 0]
							},
							"lerp_mode": "catmullrom"
						}
					},
					"position": {
						"5.04": {
							"pre": {
								"vector": [0, 0, 0]
							},
							"post": {
								"vector": [0, 0, 0]
							},
							"lerp_mode": "catmullrom"
						}
					}
				},
				"jaw1": {
					"rotation": {
						"0.0": {
							"post": {
								"vector": [0, 0, 0]
							},
							"lerp_mode": "catmullrom"
						},
						"4.16": {
							"post": {
								"vector": [4.99762, -0.10901, 2.49762]
							},
							"lerp_mode": "catmullrom"
						},
						"4.48": {
							"post": {
								"vector": [7.49762, -0.10901, 2.49762]
							},
							"lerp_mode": "catmullrom"
						},
						"5.04": {
							"post": {
								"vector": [7.49528, 0.2172, 0.01899]
							},
							"lerp_mode": "catmullrom"
						}
					},
					"position": {
						"0.0": {
							"post": {
								"vector": [0, 25, 0]
							},
							"lerp_mode": "catmullrom"
						},
						"4.16": {
							"post": {
								"vector": [0, 12, 0]
							},
							"lerp_mode": "catmullrom"
						},
						"4.48": {
							"post": {
								"vector": [-0.04345, 11.0095, 0.13048]
							},
							"lerp_mode": "catmullrom"
						},
						"5.04": {
							"post": {
								"vector": [0.98669, 24.53248, -3.2203]
							},
							"lerp_mode": "catmullrom"
						}
					}
				},
				"legright1": {
					"rotation": {
						"5.04": {
							"pre": {
								"vector": [0, 0, 0]
							},
							"post": {
								"vector": [0, 0, 0]
							},
							"lerp_mode": "catmullrom"
						}
					}
				},
				"legleft1": {
					"rotation": {
						"5.04": {
							"pre": {
								"vector": [0, 0, 0]
							},
							"post": {
								"vector": [0, 0, 0]
							},
							"lerp_mode": "catmullrom"
						}
					}
				},
				"tongue1": {
					"position": {
						"0.0": {
							"post": {
								"vector": [0, 0, 4]
							},
							"lerp_mode": "catmullrom"
						},
						"5.04": {
							"post": {
								"vector": [0, 0, 4]
							},
							"lerp_mode": "catmullrom"
						}
					},
					"scale": {
						"0.0": {
							"post": {
								"vector": [0, 0, 0]
							},
							"lerp_mode": "catmullrom"
						},
						"5.04": {
							"post": {
								"vector": [0, 0, 0]
							},
							"lerp_mode": "catmullrom"
						}
					}
				},
				"undefined": {
					"rotation": {
						"5.04": {
							"pre": {
								"vector": [0, 0, 0]
							},
							"post": {
								"vector": [0, 0, 0]
							},
							"lerp_mode": "catmullrom"
						}
					}
				}
			}
		},
		"servus_colossus_adult.attack": {
			"animation_length": 0.28,
			"bones": {
				"armleft1": {
					"rotation": {
						"0.0": {
							"vector": [-67.5, 0, 0]
						},
						"0.28": {
							"vector": [0, 0, 0]
						}
					}
				},
				"armright1": {
					"rotation": {
						"0.0": {
							"vector": [-45, 0, 0]
						},
						"0.28": {
							"vector": [0, 0, 0]
						}
					}
				},
				"neck1": {
					"rotation": {
						"0.0": {
							"vector": [15, 0, 0]
						},
						"0.28": {
							"vector": [10.00933, 2.462, 0.43439]
						}
					},
					"position": {
						"0.0": {
							"vector": [0, 0, -9]
						},
						"0.28": {
							"vector": [0, 0, -3]
						}
					}
				},
				"head1": {
					"rotation": {
						"vector": [-7.5, 0, 0]
					}
				},
				"jaw1": {
					"position": {
						"0.0": {
							"vector": [0, 0, 0]
						},
						"0.16": {
							"vector": [0, 21, 0]
						},
						"0.28": {
							"vector": [0, 25, 0]
						}
					}
				},
				"tongue1": {
					"position": {
						"0.0": {
							"vector": [0, 0, 6]
						},
						"0.28": {
							"vector": [0, 0, 6]
						}
					},
					"scale": {
						"0.0": {
							"vector": [0, 0, 0]
						},
						"0.28": {
							"vector": [0, 0, 0]
						}
					}
				}
			}
		},
		"servus_colossus_adult.aggressive": {
			"loop": true,
			"animation_length": 1.08,
			"bones": {
				"body1": {
					"rotation": {
						"0.0": {
							"vector": [-7.5, 0, 0]
						},
						"0.2": {
							"vector": [-10, 0, 0]
						},
						"0.52": {
							"vector": [7.5, 0, 0]
						},
						"0.64": {
							"vector": [16.54, 0, 0]
						},
						"1.04": {
							"vector": [-7.5, 0, 0]
						}
					}
				},
				"armleft1": {
					"rotation": {
						"0.0": {
							"vector": [32.5, 0, 0]
						},
						"0.08": {
							"vector": [36.67, 0, 0]
						},
						"0.24": {
							"vector": [37.5, 0, 0]
						},
						"0.68": {
							"vector": [-12.62, 0, 0]
						},
						"1.08": {
							"vector": [32.5, 0, 0]
						}
					}
				},
				"armright1": {
					"rotation": {
						"0.0": {
							"vector": [40, 0, 0]
						},
						"0.24": {
							"vector": [50, 0, 0]
						},
						"0.68": {
							"vector": [-32.74, 0, 0]
						},
						"0.88": {
							"vector": [-23.87, 0, 0]
						},
						"1.08": {
							"vector": [40, 0, 0]
						}
					}
				},
				"neck1": {
					"rotation": {
						"0.0": {
							"vector": [5.019, 4.98093, 0.43688]
						},
						"0.08": {
							"vector": [0.019, 4.98093, 0.43688]
						},
						"0.36": {
							"vector": [7.55393, -7.41194, -1.19976]
						},
						"0.52": {
							"vector": [2.55393, -7.41194, -1.19976]
						},
						"0.92": {
							"vector": [2.54255, 5.0758, -0.64499]
						},
						"1.04": {
							"vector": [5.019, 4.98093, 0.43688]
						}
					}
				},
				"head1": {
					"rotation": {
						"0.0": {
							"vector": [7.5, -10, 0]
						},
						"0.08": {
							"vector": [15, -10, 0]
						},
						"0.24": {
							"vector": [13.76936, -5.14517, 1.20699]
						},
						"0.48": {
							"vector": [11.73046, 0.22523, 9.85399]
						},
						"0.76": {
							"vector": [9.27643, -6.11688, 0.75947]
						},
						"1.04": {
							"vector": [7.5, -10, 0]
						}
					}
				},
				"jaw1": {
					"rotation": {
						"0.0": {
							"vector": [0, 0, 0]
						},
						"0.08": {
							"vector": [0, -2.5, 0]
						},
						"0.24": {
							"vector": [0, 0, 0]
						},
						"0.76": {
							"vector": [0, 2.5, 0]
						},
						"0.92": {
							"vector": [0, 0, 0]
						}
					},
					"position": {
						"0.0": {
							"vector": [0, 20, 0]
						},
						"0.08": {
							"vector": [0, 22.25, 0]
						},
						"0.24": {
							"vector": [0, 25, 0]
						},
						"0.76": {
							"vector": [0, 16.95, 0]
						},
						"0.92": {
							"vector": [0, 21.99, 0]
						},
						"1.04": {
							"vector": [0, 20, 0]
						}
					}
				},
				"tongue1": {
					"position": {
						"vector": [0, 0, 6]
					},
					"scale": {
						"vector": [0, 0, 0]
					}
				},
				"legright1": {
					"rotation": {
						"0.0": {
							"vector": [-30, 0, 0]
						},
						"0.56": {
							"vector": [15, 0, 0]
						},
						"1.08": {
							"vector": [-30, 0, 0]
						}
					}
				},
				"legleft1": {
					"rotation": {
						"0.0": {
							"vector": [22.5, 0, 0]
						},
						"0.52": {
							"vector": [-22.5, 0, 0]
						},
						"1.04": {
							"vector": [22.5, 0, 0]
						}
					}
				}
			}
		},
		"servus_colossus_adult.crush": {
			"animation_length": 5,
			"bones": {
				"body_main1": {
					"position": {
						"0.0": {
							"vector": [0, 0, 0]
						},
						"1.0": {
							"vector": [0, 0, 1]
						},
						"1.64": {
							"vector": [0, 0, 8]
						},
						"1.76": {
							"vector": [0, 0, 13.67]
						},
						"2.08": {
							"vector": [0, 0, -13.9]
						},
						"2.48": {
							"vector": [0, 0, 0]
						},
						"5.0": {
							"vector": [0, 0, 0]
						}
					}
				},
				"body1": {
					"rotation": {
						"0.0": {
							"vector": [0, 0, 0]
						},
						"1.0": {
							"vector": [-10, 0, 0]
						},
						"1.6": {
							"vector": [54.17, 0, 0]
						},
						"1.72": {
							"vector": [30, 0, 0]
						},
						"2.12": {
							"vector": [2.5, 0, 0]
						},
						"2.48": {
							"vector": [0, 0, 0]
						},
						"3.76": {
							"vector": [17.5, 0, 0]
						},
						"5.0": {
							"vector": [0, 0, 0]
						}
					}
				},
				"armleft1": {
					"rotation": {
						"0.0": {
							"vector": [0, 0, 0]
						},
						"1.0": {
							"vector": [20, 0, 0]
						},
						"1.44": {
							"vector": [-33.45, 0, 0]
						},
						"1.8": {
							"vector": [-9.37, 0, 0]
						},
						"2.04": {
							"vector": [-46.06, 0, 0]
						},
						"2.48": {
							"vector": [0, 0, 0]
						},
						"2.72": {
							"vector": [45, 0, 0]
						},
						"2.92": {
							"vector": [-21.45, 0, 0]
						},
						"3.72": {
							"vector": [-0.27159, -1.18281, -21.54543]
						},
						"4.24": {
							"vector": [-0.22185, -0.68557, -7.79226]
						},
						"4.52": {
							"vector": [-0.0628, -0.45074, -14.92171]
						},
						"5.0": {
							"vector": [0, 0, 0]
						}
					}
				},
				"armright1": {
					"rotation": {
						"0.0": {
							"vector": [0, 0, 0]
						},
						"1.0": {
							"vector": [19.71975, -3.40487, 9.40804]
						},
						"1.44": {
							"vector": [-8.64288, -2.39261, 6.61106]
						},
						"1.72": {
							"vector": [16.18405, -1.74845, 4.83116]
						},
						"2.16": {
							"vector": [-43.18566, -0.73619, 2.03417]
						},
						"2.48": {
							"vector": [0, 0, 0]
						},
						"2.64": {
							"vector": [30, 0, 0]
						},
						"3.16": {
							"vector": [23.07191, -3.95286, 9.19289]
						},
						"3.6": {
							"vector": [15.91478, -8.08332, 23.82733]
						},
						"3.92": {
							"vector": [9.43894, -10.04172, 38.22126]
						},
						"4.48": {
							"vector": [5.13605, -4.20115, 10.90629]
						},
						"4.68": {
							"vector": [2.23715, -3.41583, 24.21618]
						},
						"5.0": {
							"vector": [0, 0, 0]
						}
					}
				},
				"neck1": {
					"rotation": {
						"0.0": {
							"vector": [0, 0, 0]
						},
						"1.0": {
							"vector": [22.5, 0, 0]
						},
						"1.2": {
							"vector": [24.7141, 17.5436, -8.49393]
						},
						"1.56": {
							"vector": [22.8174, 17.87289, -26.50688]
						},
						"1.68": {
							"vector": [59.3453, 21.99617, -20.93017]
						},
						"1.92": {
							"vector": [-13.9042, 5.68422, 21.80633]
						},
						"2.08": {
							"vector": [-38.48268, -14.45372, -17.43137]
						},
						"2.36": {
							"vector": [38.0691, -14.32754, 17.53416]
						},
						"2.6": {
							"vector": [0, 0, 0]
						},
						"2.84": {
							"vector": [18.81299, 14.25804, -2.91341]
						},
						"3.32": {
							"vector": [-2.81582, -16.29656, -15.33966]
						},
						"3.76": {
							"vector": [4.74516, 11.17218, -16.66456]
						},
						"3.96": {
							"vector": [12.3931, -5.50411, 9.64483]
						},
						"5.0": {
							"vector": [0, 0, 0]
						}
					}
				},
				"head1": {
					"rotation": {
						"0.0": {
							"vector": [0, 0, 0]
						},
						"0.72": {
							"vector": [0, 0, 2.5]
						},
						"1.32": {
							"vector": [7.5, 0, 2.5]
						},
						"1.56": {
							"vector": [17.5, 0, 2.5]
						},
						"1.72": {
							"vector": [22.5, 0, 2.5]
						},
						"1.84": {
							"vector": [-42.5, 0, 2.5]
						},
						"2.48": {
							"vector": [0, 0, 0]
						},
						"3.48": {
							"vector": [-20, 0, 0]
						},
						"3.76": {
							"vector": [-35, 0, 0]
						},
						"4.36": {
							"vector": [-43.52279, -33.60134, 27.72579]
						},
						"5.0": {
							"vector": [0, 0, 0]
						}
					}
				},
				"jaw1": {
					"position": {
						"0.0": {
							"vector": [0, 25, 0]
						},
						"2.0": {
							"vector": [0, 14.23, 0]
						},
						"2.12": {
							"vector": [0, 21, 0]
						},
						"2.4": {
							"vector": [0, 21.11, 0]
						},
						"2.6": {
							"vector": [0, 25, 0]
						},
						"3.28": {
							"vector": [0, 24, 0]
						},
						"3.56": {
							"vector": [0, 7, 0]
						},
						"3.64": {
							"vector": [0, 11, 0]
						},
						"3.72": {
							"vector": [0, 7, 0]
						},
						"3.8": {
							"vector": [0, 11, 0]
						},
						"3.88": {
							"vector": [0, 7, 0]
						},
						"3.96": {
							"vector": [0, 11, 0]
						},
						"5.0": {
							"vector": [0, 25, 0]
						}
					}
				},
				"tongue1": {
					"scale": {
						"0.0": {
							"vector": [0, 0, 0]
						},
						"2.48": {
							"vector": [0, 0, 0]
						},
						"5.0": {
							"vector": [0, 0, 0]
						}
					}
				},
				"legright1": {
					"rotation": {
						"0.0": {
							"vector": [0, 0, 0]
						},
						"1.0": {
							"vector": [12.5, 0, 0]
						},
						"1.64": {
							"vector": [-15, 0, 0]
						},
						"2.48": {
							"vector": [0, 0, 0]
						},
						"5.0": {
							"vector": [0, 0, 0]
						}
					}
				},
				"legleft1": {
					"rotation": {
						"0.0": {
							"vector": [0, 0, 0]
						},
						"1.0": {
							"vector": [-2.5, 0, -5]
						},
						"1.64": {
							"vector": [12.5, 0, -5]
						},
						"2.48": {
							"vector": [0, 0, 0]
						},
						"5.0": {
							"vector": [0, 0, 0]
						}
					}
				}
			}
		}
	},
	"geckolib_format_version": 2
}