{
	"format_version": "1.8.0",
	"animations": {
		"animation.shroud_of_intrusion_entity.idle": {
			"loop": true,
			"animation_length": 4.32,
			"bones": {
				"bodymain1": {
					"rotation": {
						"0.0": {
							"vector": [0, 0, 0]
						},
						"4.32": {
							"vector": [360, -360, 360]
						}
					}
				},
				"core1": {
					"rotation": {
						"0.0": {
							"vector": [0, 0, 0]
						},
						"4.32": {
							"vector": [-360, -360, -360]
						}
					}
				},
				"skull1": {
					"rotation": {
						"0.0": {
							"vector": [0, 0, 0]
						},
						"0.6": {
							"vector": [-14.32461, 12.42807, -22.80489]
						},
						"0.76": {
							"vector": [-2.64829, 23.25602, 17.2691]
						},
						"0.88": {
							"vector": [-18.12958, 20.21859, -16.32567]
						},
						"1.04": {
							"vector": [2.31597, 31.74441, 30.87195]
						},
						"1.24": {
							"vector": [-28.6959, 27.04807, -21.48445]
						},
						"1.44": {
							"vector": [-43.6959, 27.04807, -21.48445]
						},
						"1.56": {
							"vector": [-16.1959, 27.04807, -21.48445]
						},
						"1.76": {
							"vector": [17.49623, 26.26369, 46.54765]
						},
						"2.28": {
							"vector": [7.24863, 14.70532, -7.2893]
						},
						"2.84": {
							"vector": [14.50759, -7.64292, 83.29989]
						}
					},
					"position": {
						"0.0": {
							"vector": [0, -30, 0]
						},
						"1.24": {
							"vector": [-2.78824, -28.09788, -3.98202]
						},
						"4.32": {
							"vector": [0, -30, 0]
						}
					},
					"scale": {
						"0.0": {
							"vector": [0, 0, 0]
						},
						"1.24": {
							"vector": [1, 1, 1]
						},
						"2.28": {
							"vector": [1, 1, 1]
						},
						"2.84": {
							"vector": [0, 0, 0]
						},
						"4.32": {
							"vector": [0, 0, 0]
						}
					}
				},
				"skull2": {
					"rotation": {
						"0.0": {
							"vector": [0, 0, 0]
						},
						"2.52": {
							"vector": [28.77832, -14.80317, -29.46246]
						},
						"2.6": {
							"vector": [7.36481, -31.3322, 21.3946]
						},
						"2.68": {
							"vector": [28.64705, -17.08369, -25.62266]
						},
						"2.8": {
							"vector": [20, -30, 0]
						},
						"2.92": {
							"vector": [2.5, -30, 0]
						},
						"3.12": {
							"vector": [2.21761, -12.51455, 0.76984]
						},
						"3.44": {
							"vector": [35.06707, -32.49756, -0.12925]
						}
					},
					"position": {
						"0.0": {
							"vector": [0, -41, 0]
						},
						"2.8": {
							"vector": [1.40954, -42.02606, -2.44139]
						},
						"4.32": {
							"vector": [0, -41, 0]
						}
					},
					"scale": {
						"0.0": {
							"vector": [0, 0, 0]
						},
						"2.36": {
							"vector": [0, 0, 0]
						},
						"2.8": {
							"vector": [1, 1, 1]
						},
						"3.6": {
							"vector": [1, 1, 1]
						},
						"4.32": {
							"vector": [0, 0, 0]
						}
					}
				},
				"tendril1": {
					"rotation": {
						"0.0": {
							"vector": [0, 0, 0]
						},
						"1.68": {
							"vector": [0, 0, 17.5]
						},
						"2.04": {
							"vector": [0, 0, -20]
						},
						"2.32": {
							"vector": [0, 0, 15]
						},
						"2.84": {
							"vector": [0, 0, -10]
						},
						"3.36": {
							"vector": [0, 0, -40]
						},
						"3.8": {
							"vector": [12.5, 0, 22.5]
						}
					},
					"scale": {
						"0.0": {
							"vector": [0, 0, 0]
						},
						"1.48": {
							"vector": [0, 0, 0]
						},
						"2.44": {
							"vector": [1, 1, 1]
						},
						"3.2": {
							"vector": [1, 1, 1]
						},
						"4.0": {
							"vector": [0, 0, 0]
						},
						"4.32": {
							"vector": [0, 0, 0]
						}
					}
				},
				"tendril2": {
					"rotation": {
						"0.0": {
							"vector": [0, 0, 0]
						},
						"1.8": {
							"vector": [0, 0, 27.5]
						},
						"2.12": {
							"vector": [0, 0, -35]
						},
						"2.4": {
							"vector": [0, 0, 27.5]
						},
						"2.88": {
							"vector": [0, 0, -35]
						},
						"3.8": {
							"vector": [0, 0, 32.5]
						}
					}
				},
				"tendril7": {
					"rotation": {
						"0.0": {
							"vector": [0, 0, 0]
						},
						"1.6": {
							"vector": [0, 0, -15]
						},
						"1.72": {
							"vector": [0, 0, 10]
						},
						"1.88": {
							"vector": [0, 0, -12.5]
						},
						"2.12": {
							"vector": [0, 0, 17.5]
						},
						"3.56": {
							"vector": [0, 0, 0]
						}
					},
					"scale": {
						"0.0": {
							"vector": [0, 0, 0]
						},
						"0.8": {
							"vector": [0, 0, 0]
						},
						"1.12": {
							"vector": [1, 1, 1]
						},
						"1.28": {
							"vector": [0.8, 0.8, 0.8]
						},
						"1.6": {
							"vector": [1, 1, 1]
						},
						"2.24": {
							"vector": [0, 0, 0]
						},
						"4.32": {
							"vector": [0, 0, 0]
						}
					}
				},
				"tendril8": {
					"rotation": {
						"0.0": {
							"vector": [0, 0, 0]
						},
						"1.16": {
							"vector": [0, 0, -10]
						},
						"1.28": {
							"vector": [0, 0, 12.5]
						},
						"1.48": {
							"vector": [0, 0, -17.5]
						},
						"1.6": {
							"vector": [22.5, 0, -17.5]
						},
						"1.88": {
							"vector": [22.19157, -3.81024, -8.24751]
						},
						"3.0": {
							"vector": [14.15251, -17.67415, 32.78872]
						},
						"3.56": {
							"vector": [21.9509, 6.71351, -33.73047]
						}
					}
				},
				"tendril9": {
					"rotation": {
						"0.0": {
							"vector": [-42.5, 42.5, 0]
						},
						"0.92": {
							"vector": [-25.37391, 58.84427, -10.06572]
						},
						"1.52": {
							"vector": [-46.89544, 30.2372, 53.08348]
						},
						"3.92": {
							"vector": [-63.25155, 54.55157, -19.22973]
						},
						"4.12": {
							"vector": [-37.8756, 30.67226, 13.45015]
						},
						"4.32": {
							"vector": [-42.5, 42.5, 0]
						}
					},
					"scale": {
						"0.0": {
							"vector": [1, 1, 1]
						},
						"1.32": {
							"vector": [1, 1, 1]
						},
						"1.64": {
							"vector": [0, 0, 0]
						},
						"3.8": {
							"vector": [0, 0, 0]
						},
						"4.32": {
							"vector": [1, 1, 1]
						}
					}
				},
				"tendril10": {
					"rotation": {
						"0.0": {
							"vector": [-34.3569, 7.13136, 10.29284]
						},
						"0.68": {
							"vector": [-29.40929, 30.86948, 23.23543]
						},
						"1.4": {
							"vector": [48.40725, 0.89925, -35.615]
						},
						"3.96": {
							"vector": [-22.23898, 11.383, 20.50841]
						},
						"4.12": {
							"vector": [-29.11084, -4.27742, -12.52414]
						},
						"4.32": {
							"vector": [-34.3569, 7.13136, 10.29284]
						}
					}
				},
				"tendril11": {
					"rotation": {
						"0.0": {
							"vector": [41.79239, 37.71335, 7.67927]
						},
						"0.32": {
							"vector": [-18.20761, 37.71335, 7.67927]
						},
						"1.8": {
							"vector": [-35.70761, 37.71335, 7.67927]
						},
						"2.08": {
							"vector": [31.79239, 37.71335, 7.67927]
						},
						"2.44": {
							"vector": [-11.5217, 42.6198, 6.41833]
						},
						"4.32": {
							"vector": [41.79239, 37.71335, 7.67927]
						}
					},
					"scale": {
						"0.0": {
							"vector": [1, 1, 1]
						},
						"0.32": {
							"vector": [0, 0, 0]
						},
						"1.08": {
							"vector": [0, 0, 0]
						},
						"1.48": {
							"vector": [1, 1, 1]
						},
						"4.16": {
							"vector": [1, 1, 1]
						},
						"4.32": {
							"vector": [1, 1, 1]
						}
					}
				},
				"tendril12": {
					"rotation": {
						"0.0": {
							"vector": [22.5, 0, 0]
						},
						"1.36": {
							"vector": [-15, 0, 0]
						},
						"1.64": {
							"vector": [28.83844, 8.64738, -15.27269]
						},
						"2.16": {
							"vector": [-31.16156, 8.64738, -15.27269]
						},
						"2.6": {
							"vector": [34.06561, 13.98841, -26.80373]
						},
						"4.32": {
							"vector": [22.5, 0, 0]
						}
					}
				},
				"tendril3": {
					"rotation": {
						"0.0": {
							"vector": [0, 0, 0]
						},
						"0.6": {
							"vector": [0, 0, -37.5]
						},
						"0.8": {
							"vector": [0, 0, 7.5]
						},
						"1.24": {
							"vector": [-17.5, 0, -42.5]
						},
						"2.24": {
							"vector": [30.3347, 16.88547, 31.80716]
						},
						"2.8": {
							"vector": [66.09163, 33.84271, -20.94628]
						},
						"3.56": {
							"vector": [8.39893, 59.53665, -44.50506]
						},
						"3.96": {
							"vector": [-19.17499, 72.62736, 37.61352]
						}
					},
					"scale": {
						"0.0": {
							"vector": [0, 0, 0]
						},
						"0.44": {
							"vector": [0, 0, 0]
						},
						"0.72": {
							"vector": [1, 1, 1]
						},
						"3.72": {
							"vector": [1, 1, 1]
						},
						"4.32": {
							"vector": [0, 0, 0]
						}
					}
				},
				"tendril4": {
					"rotation": {
						"0.0": {
							"vector": [0, 0, 0]
						},
						"0.6": {
							"vector": [0, 0, -37.5]
						},
						"0.92": {
							"vector": [0, 0, 32.5]
						},
						"1.64": {
							"vector": [-12.5, 0, -25]
						},
						"2.28": {
							"vector": [-30.61019, 9.54385, 24.32185]
						},
						"2.92": {
							"vector": [30.36633, 10.49019, 1.48884]
						},
						"3.52": {
							"vector": [-2.73025, 27.32175, -37.13779]
						},
						"3.96": {
							"vector": [-53.94764, 21.6937, -28.04585]
						},
						"4.12": {
							"vector": [27.26975, 27.32175, -37.13779]
						}
					}
				},
				"tendril5": {
					"rotation": {
						"0.0": {
							"vector": [5, 0, 20]
						},
						"0.28": {
							"vector": [4.22005, 2.68407, -12.40109]
						},
						"0.56": {
							"vector": [-33.09654, -1.18847, 34.99316]
						},
						"0.92": {
							"vector": [-29.54128, -15.69294, 11.3019]
						},
						"1.32": {
							"vector": [10.45872, -15.69294, 11.3019]
						},
						"1.84": {
							"vector": [0.97465, -18.7612, 42.58613]
						},
						"2.72": {
							"vector": [41.52403, -42.72971, 17.24133]
						},
						"4.32": {
							"vector": [5, 0, 20]
						}
					},
					"scale": {
						"0.0": {
							"vector": [1, 1, 1]
						},
						"2.16": {
							"vector": [1, 1, 1]
						},
						"2.72": {
							"vector": [0, 0, 0]
						},
						"4.32": {
							"vector": [1, 1, 1]
						}
					}
				},
				"tendril6": {
					"rotation": {
						"0.0": {
							"vector": [23.66235, 8.31087, -18.25612]
						},
						"0.16": {
							"vector": [21.99054, -12.19908, 27.62113]
						},
						"0.48": {
							"vector": [14.99199, 15.99721, -37.19563]
						},
						"0.68": {
							"vector": [6.28604, 4.768, -3.41759]
						},
						"1.0": {
							"vector": [1.74377, 7.68989, -43.56235]
						},
						"1.12": {
							"vector": [-28.25623, 7.68989, -43.56235]
						},
						"1.64": {
							"vector": [20.78712, -14.86747, 7.04179]
						},
						"1.88": {
							"vector": [25.36206, 0.30096, -27.64864]
						},
						"2.72": {
							"vector": [-43.63064, -25.08618, 53.92246]
						},
						"4.32": {
							"vector": [23.66235, 8.31087, -18.25612]
						}
					}
				},
				"circle1": {
					"rotation": {
						"0.0": {
							"vector": [1, 0, 0]
						},
						"4.32": {
							"vector": [720, 720, 720]
						}
					},
					"scale": {
						"0.0": {
							"vector": [1, 1, 1]
						},
						"2.24": {
							"vector": [1.5, 1.5, 1.5]
						},
						"4.32": {
							"vector": [1, 1, 1]
						}
					}
				},
				"circle2": {
					"rotation": {
						"0.0": {
							"vector": [0, 0, 0]
						},
						"4.32": {
							"vector": [-720, -720, -720]
						}
					},
					"scale": {
						"0.0": {
							"vector": [1.5, 1.5, 1.5]
						},
						"2.36": {
							"vector": [1, 1, 1]
						},
						"4.32": {
							"vector": [1.5, 1.5, 1.5]
						}
					}
				},
				"core2": {
					"rotation": {
						"0.0": {
							"vector": [0, 0, 0]
						},
						"4.32": {
							"vector": [360, 360, 360]
						}
					}
				}
			}
		}
	},
	"geckolib_format_version": 2
}