{
	"format_version": "1.8.0",
	"animations": {
		"animation.swarm_medium.default": {
			"loop": true,
			"animation_length": 3.56,
			"bones": {
				"body1": {
					"rotation": {
						"0.0": {
							"vector": [-4.897, -24.25644, 18.95426]
						},
						"0.28": {
							"vector": [23.22013, -24.0592, -27.9044],
							"easing": "easeOutSine"
						},
						"0.48": {
							"vector": [18.07779, -14.2906, -4.60659],
							"easing": "easeOutSine"
						},
						"0.72": {
							"vector": [0.17544, 14.94159, 1.3378],
							"easing": "easeOutSine"
						},
						"0.8": {
							"vector": [-2.84063, 13.13778, 4.80571],
							"easing": "easeOutSine"
						},
						"0.88": {
							"vector": [6.14329, 11.33397, 8.27361],
							"easing": "easeOutSine"
						},
						"1.0": {
							"vector": [7.11919, 8.62826, 13.47547],
							"easing": "easeOutSine"
						},
						"1.12": {
							"vector": [2.78058, 10.82156, -11.79886],
							"easing": "easeOutSine"
						},
						"1.28": {
							"vector": [10.92994, 9.48172, 5.92994],
							"easing": "easeOutSine"
						},
						"1.48": {
							"vector": [12.13441, 10.1732, -1.64954],
							"easing": "easeOutSine"
						},
						"1.8": {
							"vector": [-8.30606, 32.49596, -18.30919],
							"easing": "easeOutSine"
						},
						"1.96": {
							"vector": [-2.42751, 14.83692, -34.03215],
							"easing": "easeOutSine"
						},
						"2.16": {
							"vector": [15.44603, -7.17551, -12.93899],
							"easing": "easeOutSine"
						},
						"2.28": {
							"vector": [14.44389, -16.99443, -5.05481],
							"easing": "easeOutSine"
						},
						"2.48": {
							"vector": [5.07544, -31.60573, 5.53961],
							"easing": "easeOutSine"
						},
						"2.76": {
							"vector": [8.90864, -30.80761, -20.81402],
							"easing": "easeOutSine"
						},
						"3.08": {
							"vector": [11.85657, -14.71956, -25.82482],
							"easing": "easeOutSine"
						},
						"3.36": {
							"vector": [18.17285, 22.40401, 14.6334],
							"easing": "easeOutSine"
						},
						"3.56": {
							"vector": [-4.897, -24.25644, 18.95426],
							"easing": "easeOutSine"
						}
					},
					"position": {
						"0.0": {
							"vector": [0, -4, 0]
						},
						"0.2": {
							"vector": [3.03047, -2.61672, 0.0973],
							"easing": "easeOutSine"
						},
						"0.52": {
							"vector": [-4.75, -1.29, 8.17],
							"easing": "easeOutSine"
						},
						"0.96": {
							"vector": [6, 1, 4],
							"easing": "easeOutSine"
						},
						"1.2": {
							"vector": [2.24, 3.76, 2.59],
							"easing": "easeOutSine"
						},
						"1.64": {
							"vector": [-0.20327, 6.02569, 7.97192],
							"easing": "easeOutSine"
						},
						"2.08": {
							"vector": [-6, 6, -6],
							"easing": "easeOutSine"
						},
						"2.56": {
							"vector": [-6, -3, -6],
							"easing": "easeOutSine"
						},
						"3.04": {
							"vector": [2, -3, -6],
							"easing": "easeOutSine"
						},
						"3.48": {
							"vector": [0.27327, -4.22782, -3.89589],
							"easing": "easeOutSine"
						},
						"3.56": {
							"vector": [0, -4, 0],
							"easing": "easeOutSine"
						}
					}
				},
				"legs1": {
					"rotation": {
						"0.0": {
							"vector": [0, 0, 0]
						},
						"0.8": {
							"vector": [20, 0, 0],
							"easing": "easeOutSine"
						},
						"2.0": {
							"vector": [-7.5, 0, 0],
							"easing": "easeOutSine"
						},
						"3.56": {
							"vector": [0, 0, 0],
							"easing": "easeOutSine"
						}
					}
				},
				"legs2": {
					"rotation": {
						"0.0": {
							"vector": [0, 0, 0]
						},
						"0.8": {
							"vector": [17.5, 0, 0],
							"easing": "easeOutSine"
						},
						"2.0": {
							"vector": [-5, 0, 0],
							"easing": "easeOutSine"
						},
						"3.56": {
							"vector": [0, 0, 0],
							"easing": "easeOutSine"
						}
					}
				},
				"legs3": {
					"rotation": {
						"0.0": {
							"vector": [0, 0, 0]
						},
						"0.8": {
							"vector": [25, 0, 0],
							"easing": "easeOutSine"
						},
						"2.0": {
							"vector": [-2.5, 0, 0],
							"easing": "easeOutSine"
						},
						"3.56": {
							"vector": [0, 0, 0],
							"easing": "easeOutSine"
						}
					}
				},
				"wing1": {
					"rotation": {
						"0.0": {
							"vector": [0, 0, 22.5]
						},
						"0.04": {
							"vector": [0, 0, 45],
							"easing": "easeOutSine"
						},
						"0.08": {
							"vector": [0, 0, -45],
							"easing": "easeOutSine"
						},
						"0.16": {
							"vector": [0, 0, 45],
							"easing": "easeOutSine"
						},
						"0.24": {
							"vector": [0, 0, -45],
							"easing": "easeOutSine"
						},
						"0.32": {
							"vector": [0, 0, 45],
							"easing": "easeOutSine"
						},
						"0.4": {
							"vector": [0, 0, -45],
							"easing": "easeOutSine"
						},
						"0.48": {
							"vector": [0, 0, 45],
							"easing": "easeOutSine"
						},
						"0.56": {
							"vector": [0, 0, -45],
							"easing": "easeOutSine"
						},
						"0.64": {
							"vector": [0, 0, 45],
							"easing": "easeOutSine"
						},
						"0.72": {
							"vector": [0, 0, -45],
							"easing": "easeOutSine"
						},
						"0.8": {
							"vector": [0, 0, 45],
							"easing": "easeOutSine"
						},
						"0.88": {
							"vector": [0, 0, -45],
							"easing": "easeOutSine"
						},
						"0.96": {
							"vector": [0, 0, 45],
							"easing": "easeOutSine"
						},
						"1.04": {
							"vector": [0, 0, -45],
							"easing": "easeOutSine"
						},
						"1.12": {
							"vector": [0, 0, 45],
							"easing": "easeOutSine"
						},
						"1.2": {
							"vector": [0, 0, -45],
							"easing": "easeOutSine"
						},
						"1.28": {
							"vector": [0, 0, 45],
							"easing": "easeOutSine"
						},
						"1.36": {
							"vector": [0, 0, -45],
							"easing": "easeOutSine"
						},
						"1.44": {
							"vector": [0, 0, 45],
							"easing": "easeOutSine"
						},
						"1.52": {
							"vector": [0, 0, -45],
							"easing": "easeOutSine"
						},
						"1.6": {
							"vector": [0, 0, 45],
							"easing": "easeOutSine"
						},
						"1.68": {
							"vector": [0, 0, -45],
							"easing": "easeOutSine"
						},
						"1.76": {
							"vector": [0, 0, 45],
							"easing": "easeOutSine"
						},
						"1.84": {
							"vector": [0, 0, -45],
							"easing": "easeOutSine"
						},
						"1.92": {
							"vector": [0, 0, 45],
							"easing": "easeOutSine"
						},
						"2.0": {
							"vector": [0, 0, -45],
							"easing": "easeOutSine"
						},
						"2.08": {
							"vector": [0, 0, 45],
							"easing": "easeOutSine"
						},
						"2.16": {
							"vector": [0, 0, -45],
							"easing": "easeOutSine"
						},
						"2.24": {
							"vector": [0, 0, 45],
							"easing": "easeOutSine"
						},
						"2.32": {
							"vector": [0, 0, -45],
							"easing": "easeOutSine"
						},
						"2.4": {
							"vector": [0, 0, 45],
							"easing": "easeOutSine"
						},
						"2.48": {
							"vector": [0, 0, -45],
							"easing": "easeOutSine"
						},
						"2.56": {
							"vector": [0, 0, 45],
							"easing": "easeOutSine"
						},
						"2.64": {
							"vector": [0, 0, -45],
							"easing": "easeOutSine"
						},
						"2.72": {
							"vector": [0, 0, 45],
							"easing": "easeOutSine"
						},
						"2.8": {
							"vector": [0, 0, -45],
							"easing": "easeOutSine"
						},
						"2.88": {
							"vector": [0, 0, 45],
							"easing": "easeOutSine"
						},
						"2.96": {
							"vector": [0, 0, -45],
							"easing": "easeOutSine"
						},
						"3.04": {
							"vector": [0, 0, 45],
							"easing": "easeOutSine"
						},
						"3.12": {
							"vector": [0, 0, -45],
							"easing": "easeOutSine"
						},
						"3.2": {
							"vector": [0, 0, 45],
							"easing": "easeOutSine"
						},
						"3.28": {
							"vector": [0, 0, -45],
							"easing": "easeOutSine"
						},
						"3.36": {
							"vector": [0, 0, 45],
							"easing": "easeOutSine"
						},
						"3.44": {
							"vector": [0, 0, -45],
							"easing": "easeOutSine"
						},
						"3.52": {
							"vector": [0, 0, 45],
							"easing": "easeOutSine"
						},
						"3.56": {
							"vector": [0, 0, 22.5],
							"easing": "easeOutSine"
						}
					}
				},
				"wing2": {
					"rotation": {
						"0.0": {
							"vector": [0, 0, -22.5]
						},
						"0.04": {
							"vector": [0, 0, -45],
							"easing": "easeOutSine"
						},
						"0.08": {
							"vector": [0, 0, 45],
							"easing": "easeOutSine"
						},
						"0.16": {
							"vector": [0, 0, -45],
							"easing": "easeOutSine"
						},
						"0.24": {
							"vector": [0, 0, 45],
							"easing": "easeOutSine"
						},
						"0.32": {
							"vector": [0, 0, -45],
							"easing": "easeOutSine"
						},
						"0.4": {
							"vector": [0, 0, 45],
							"easing": "easeOutSine"
						},
						"0.48": {
							"vector": [0, 0, -45],
							"easing": "easeOutSine"
						},
						"0.56": {
							"vector": [0, 0, 45],
							"easing": "easeOutSine"
						},
						"0.64": {
							"vector": [0, 0, -45],
							"easing": "easeOutSine"
						},
						"0.72": {
							"vector": [0, 0, 45],
							"easing": "easeOutSine"
						},
						"0.8": {
							"vector": [0, 0, -45],
							"easing": "easeOutSine"
						},
						"0.88": {
							"vector": [0, 0, 45],
							"easing": "easeOutSine"
						},
						"0.96": {
							"vector": [0, 0, -45],
							"easing": "easeOutSine"
						},
						"1.04": {
							"vector": [0, 0, 45],
							"easing": "easeOutSine"
						},
						"1.12": {
							"vector": [0, 0, -45],
							"easing": "easeOutSine"
						},
						"1.2": {
							"vector": [0, 0, 45],
							"easing": "easeOutSine"
						},
						"1.28": {
							"vector": [0, 0, -45],
							"easing": "easeOutSine"
						},
						"1.36": {
							"vector": [0, 0, 45],
							"easing": "easeOutSine"
						},
						"1.44": {
							"vector": [0, 0, -45],
							"easing": "easeOutSine"
						},
						"1.52": {
							"vector": [0, 0, 45],
							"easing": "easeOutSine"
						},
						"1.6": {
							"vector": [0, 0, -45],
							"easing": "easeOutSine"
						},
						"1.68": {
							"vector": [0, 0, 45],
							"easing": "easeOutSine"
						},
						"1.76": {
							"vector": [0, 0, -45],
							"easing": "easeOutSine"
						},
						"1.84": {
							"vector": [0, 0, 45],
							"easing": "easeOutSine"
						},
						"1.92": {
							"vector": [0, 0, -45],
							"easing": "easeOutSine"
						},
						"2.0": {
							"vector": [0, 0, 45],
							"easing": "easeOutSine"
						},
						"2.08": {
							"vector": [0, 0, -45],
							"easing": "easeOutSine"
						},
						"2.16": {
							"vector": [0, 0, 45],
							"easing": "easeOutSine"
						},
						"2.24": {
							"vector": [0, 0, -45],
							"easing": "easeOutSine"
						},
						"2.32": {
							"vector": [0, 0, 45],
							"easing": "easeOutSine"
						},
						"2.4": {
							"vector": [0, 0, -45],
							"easing": "easeOutSine"
						},
						"2.48": {
							"vector": [0, 0, 45],
							"easing": "easeOutSine"
						},
						"2.56": {
							"vector": [0, 0, -45],
							"easing": "easeOutSine"
						},
						"2.64": {
							"vector": [0, 0, 45],
							"easing": "easeOutSine"
						},
						"2.72": {
							"vector": [0, 0, -45],
							"easing": "easeOutSine"
						},
						"2.8": {
							"vector": [0, 0, 45],
							"easing": "easeOutSine"
						},
						"2.88": {
							"vector": [0, 0, -45],
							"easing": "easeOutSine"
						},
						"2.96": {
							"vector": [0, 0, 45],
							"easing": "easeOutSine"
						},
						"3.04": {
							"vector": [0, 0, -45],
							"easing": "easeOutSine"
						},
						"3.12": {
							"vector": [0, 0, 45],
							"easing": "easeOutSine"
						},
						"3.2": {
							"vector": [0, 0, -45],
							"easing": "easeOutSine"
						},
						"3.28": {
							"vector": [0, 0, 45],
							"easing": "easeOutSine"
						},
						"3.36": {
							"vector": [0, 0, -45],
							"easing": "easeOutSine"
						},
						"3.44": {
							"vector": [0, 0, 45],
							"easing": "easeOutSine"
						},
						"3.52": {
							"vector": [0, 0, -45],
							"easing": "easeOutSine"
						},
						"3.56": {
							"vector": [0, 0, -22.5],
							"easing": "easeOutSine"
						}
					}
				},
				"head1": {
					"rotation": {
						"0.0": {
							"vector": [0, -7.5, 0]
						},
						"0.4": {
							"vector": [-12.5, 0, 0],
							"easing": "easeOutSine"
						},
						"0.8": {
							"vector": [-9.85722, 9.81774, 14.68817],
							"easing": "easeOutSine"
						},
						"1.12": {
							"vector": [-2.68644, 14.22221, -10.48845],
							"easing": "easeOutSine"
						},
						"1.36": {
							"vector": [-4.62449, 10.35285, -22.63215],
							"easing": "easeOutSine"
						},
						"1.8": {
							"vector": [-8.36042, 8.46151, 0.09901],
							"easing": "easeOutSine"
						},
						"2.0": {
							"vector": [4.13958, 8.46151, 0.09901],
							"easing": "easeOutSine"
						},
						"2.28": {
							"vector": [4.0534, -7.21101, -7.71191],
							"easing": "easeOutSine"
						},
						"2.64": {
							"vector": [-3.58793, 2.2477, -4.45972],
							"easing": "easeOutSine"
						},
						"3.0": {
							"vector": [-21.49984, 2.45873, -14.46596],
							"easing": "easeOutSine"
						},
						"3.2": {
							"vector": [-37.28595, 2.64561, -31.98248],
							"easing": "easeOutSine"
						},
						"3.56": {
							"vector": [0, -7.5, 0],
							"easing": "easeOutSine"
						}
					}
				},
				"feelers1": {
					"rotation": {
						"0.0": {
							"vector": [-27.5, 0, 0]
						},
						"0.48": {
							"vector": [-45, 0, 0],
							"easing": "easeOutSine"
						},
						"0.84": {
							"vector": [-2.5, 0, 0],
							"easing": "easeOutSine"
						},
						"1.04": {
							"vector": [-35, 0, 0],
							"easing": "easeOutSine"
						},
						"1.24": {
							"vector": [17.5, 0, 0],
							"easing": "easeOutSine"
						},
						"1.48": {
							"vector": [-17.5, 0, 0],
							"easing": "easeOutSine"
						},
						"1.84": {
							"vector": [35, 0, 0],
							"easing": "easeOutSine"
						},
						"2.2": {
							"vector": [25, 0, 0],
							"easing": "easeOutSine"
						},
						"2.4": {
							"vector": [40, 0, 0],
							"easing": "easeOutSine"
						},
						"2.68": {
							"vector": [-2.5, 0, 0],
							"easing": "easeOutSine"
						},
						"2.88": {
							"vector": [22.5, 0, 0],
							"easing": "easeOutSine"
						},
						"3.16": {
							"vector": [-17.5, 0, 0],
							"easing": "easeOutSine"
						},
						"3.56": {
							"vector": [-27.5, 0, 0],
							"easing": "easeOutSine"
						}
					}
				},
				"body2": {
					"rotation": {
						"0.0": {
							"vector": [0, 0, 0]
						},
						"0.2": {
							"vector": [10, 0, 25],
							"easing": "easeOutSine"
						},
						"0.48": {
							"vector": [-20, 0, 25],
							"easing": "easeOutSine"
						},
						"0.72": {
							"vector": [22.5, 0, 25],
							"easing": "easeOutSine"
						},
						"0.88": {
							"vector": [22.5, 0, 32.5],
							"easing": "easeOutSine"
						},
						"1.08": {
							"vector": [22.5, 0, -20],
							"easing": "easeOutSine"
						},
						"1.24": {
							"vector": [22.5, 0, 12.5],
							"easing": "easeOutSine"
						},
						"1.6": {
							"vector": [52.5, 0, 12.5],
							"easing": "easeOutSine"
						},
						"1.92": {
							"vector": [51.64743, 7.43547, -0.56431],
							"easing": "easeOutSine"
						},
						"2.2": {
							"vector": [51.33844, -8.64738, 27.77269],
							"easing": "easeOutSine"
						},
						"2.56": {
							"vector": [50.12113, 12.19908, -9.49054],
							"easing": "easeOutSine"
						},
						"2.84": {
							"vector": [50.57555, -11.0311, 32.2339],
							"easing": "easeOutSine"
						},
						"3.24": {
							"vector": [52.12165, -4.98093, 21.1822],
							"easing": "easeOutSine"
						},
						"3.4": {
							"vector": [47.10981, 17.72091, -21.10502],
							"easing": "easeOutSine"
						},
						"3.56": {
							"vector": [0, 0, 0],
							"easing": "easeOutSine"
						}
					}
				},
				"bodyfull1": {
					"rotation": {
						"0.0": {
							"vector": [0, 0, 0]
						},
						"0.2": {
							"vector": [10, 0, 25],
							"easing": "easeOutSine"
						},
						"0.48": {
							"vector": [-20, 0, 25],
							"easing": "easeOutSine"
						},
						"0.72": {
							"vector": [22.5, 0, 25],
							"easing": "easeOutSine"
						},
						"0.88": {
							"vector": [22.5, 0, 32.5],
							"easing": "easeOutSine"
						},
						"1.08": {
							"vector": [22.5, 0, -20],
							"easing": "easeOutSine"
						},
						"1.24": {
							"vector": [22.5, 0, 12.5],
							"easing": "easeOutSine"
						},
						"1.6": {
							"vector": [52.5, 0, 12.5],
							"easing": "easeOutSine"
						},
						"1.92": {
							"vector": [51.64743, 7.43547, -0.56431],
							"easing": "easeOutSine"
						},
						"2.2": {
							"vector": [51.33844, -8.64738, 27.77269],
							"easing": "easeOutSine"
						},
						"2.56": {
							"vector": [50.12113, 12.19908, -9.49054],
							"easing": "easeOutSine"
						},
						"2.84": {
							"vector": [50.57555, -11.0311, 32.2339],
							"easing": "easeOutSine"
						},
						"3.24": {
							"vector": [52.12165, -4.98093, 21.1822],
							"easing": "easeOutSine"
						},
						"3.4": {
							"vector": [47.10981, 17.72091, -21.10502],
							"easing": "easeOutSine"
						},
						"3.56": {
							"vector": [0, 0, 0],
							"easing": "easeOutSine"
						}
					}
				},
				"body3": {
					"rotation": {
						"0.0": {
							"vector": [-2.26708, 7.15102, -17.64168]
						},
						"0.4": {
							"vector": [11.93744, 3.65631, 19.72531],
							"easing": "easeOutSine"
						},
						"0.92": {
							"vector": [-4.36207, 6.59703, -15.08764],
							"easing": "easeOutSine"
						},
						"1.24": {
							"vector": [15.63793, 6.59703, -15.08764],
							"easing": "easeOutSine"
						},
						"1.64": {
							"vector": [24.15668, -6.27927, -4.38051],
							"easing": "easeOutSine"
						},
						"2.12": {
							"vector": [-12.31506, -2.22492, 15.263],
							"easing": "easeOutSine"
						},
						"2.44": {
							"vector": [9.15668, -6.27927, -4.38051],
							"easing": "easeOutSine"
						},
						"2.76": {
							"vector": [-7.1793, -8.01693, -16.85699],
							"easing": "easeOutSine"
						},
						"3.2": {
							"vector": [-33.5575, 4.8235, 12.28215],
							"easing": "easeOutSine"
						},
						"3.56": {
							"vector": [-2.26708, 7.15102, -17.64168],
							"easing": "easeOutSine"
						}
					},
					"position": {
						"0.0": {
							"vector": [-11, 9, 4]
						},
						"0.32": {
							"vector": [-11, 11, 4],
							"easing": "easeOutSine"
						},
						"0.76": {
							"vector": [-15, 13, 4],
							"easing": "easeOutSine"
						},
						"1.16": {
							"vector": [-15, 14, -3],
							"easing": "easeOutSine"
						},
						"1.6": {
							"vector": [-15, 9, -9],
							"easing": "easeOutSine"
						},
						"2.0": {
							"vector": [-12, 2, -9],
							"easing": "easeOutSine"
						},
						"2.28": {
							"vector": [-12.15595, -0.0063, -2.97074],
							"easing": "easeOutSine"
						},
						"2.56": {
							"vector": [-12.23221, -1.05719, 3.36728],
							"easing": "easeOutSine"
						},
						"3.12": {
							"vector": [-12, 2, 9],
							"easing": "easeOutSine"
						},
						"3.56": {
							"vector": [-11, 9, 4],
							"easing": "easeOutSine"
						}
					}
				},
				"legs4": {
					"rotation": {
						"0.0": {
							"vector": [0, 0, 0]
						},
						"0.84": {
							"vector": [12.78, 0, 0],
							"easing": "easeOutSine"
						},
						"1.08": {
							"vector": [32.5, 0, 0],
							"easing": "easeOutSine"
						},
						"1.84": {
							"vector": [12.5, 0, 0],
							"easing": "easeOutSine"
						},
						"2.04": {
							"vector": [-20, 0, 0],
							"easing": "easeOutSine"
						},
						"3.56": {
							"vector": [0, 0, 0],
							"easing": "easeOutSine"
						}
					}
				},
				"legs5": {
					"rotation": {
						"0.0": {
							"vector": [0, 0, 0]
						},
						"0.84": {
							"vector": [12.78, 0, 0],
							"easing": "easeOutSine"
						},
						"1.08": {
							"vector": [32.5, 0, 0],
							"easing": "easeOutSine"
						},
						"1.84": {
							"vector": [22.5, 0, 0],
							"easing": "easeOutSine"
						},
						"2.04": {
							"vector": [-15, 0, 0],
							"easing": "easeOutSine"
						},
						"3.56": {
							"vector": [0, 0, 0],
							"easing": "easeOutSine"
						}
					}
				},
				"legs6": {
					"rotation": {
						"0.0": {
							"vector": [0, 0, 0]
						},
						"1.08": {
							"vector": [32.5, 0, 0],
							"easing": "easeOutSine"
						},
						"1.84": {
							"vector": [22.5, 0, 0],
							"easing": "easeOutSine"
						},
						"2.04": {
							"vector": [10, 0, 0],
							"easing": "easeOutSine"
						},
						"3.56": {
							"vector": [0, 0, 0],
							"easing": "easeOutSine"
						}
					}
				},
				"wing3": {
					"rotation": {
						"0.0": {
							"vector": [0, 0, 45]
						},
						"0.08": {
							"vector": [0, 0, -45],
							"easing": "easeOutSine"
						},
						"0.16": {
							"vector": [0, 0, 45],
							"easing": "easeOutSine"
						},
						"0.24": {
							"vector": [0, 0, -45],
							"easing": "easeOutSine"
						},
						"0.32": {
							"vector": [0, 0, 45],
							"easing": "easeOutSine"
						},
						"0.4": {
							"vector": [0, 0, -45],
							"easing": "easeOutSine"
						},
						"0.48": {
							"vector": [0, 0, 45],
							"easing": "easeOutSine"
						},
						"0.56": {
							"vector": [0, 0, -45],
							"easing": "easeOutSine"
						},
						"0.64": {
							"vector": [0, 0, 45],
							"easing": "easeOutSine"
						},
						"0.72": {
							"vector": [0, 0, -45],
							"easing": "easeOutSine"
						},
						"0.8": {
							"vector": [0, 0, 45],
							"easing": "easeOutSine"
						},
						"0.88": {
							"vector": [0, 0, -45],
							"easing": "easeOutSine"
						},
						"0.96": {
							"vector": [0, 0, 45],
							"easing": "easeOutSine"
						},
						"1.04": {
							"vector": [0, 0, -45],
							"easing": "easeOutSine"
						},
						"1.12": {
							"vector": [0, 0, 45],
							"easing": "easeOutSine"
						},
						"1.2": {
							"vector": [0, 0, -45],
							"easing": "easeOutSine"
						},
						"1.28": {
							"vector": [0, 0, 45],
							"easing": "easeOutSine"
						},
						"1.36": {
							"vector": [0, 0, -45],
							"easing": "easeOutSine"
						},
						"1.44": {
							"vector": [0, 0, 45],
							"easing": "easeOutSine"
						},
						"1.52": {
							"vector": [0, 0, -45],
							"easing": "easeOutSine"
						},
						"1.6": {
							"vector": [0, 0, 45],
							"easing": "easeOutSine"
						},
						"1.72": {
							"vector": [0, 0, -45],
							"easing": "easeOutSine"
						},
						"1.8": {
							"vector": [0, 0, 45],
							"easing": "easeOutSine"
						},
						"1.88": {
							"vector": [0, 0, -45],
							"easing": "easeOutSine"
						},
						"1.96": {
							"vector": [0, 0, 45],
							"easing": "easeOutSine"
						},
						"2.04": {
							"vector": [0, 0, -45],
							"easing": "easeOutSine"
						},
						"2.12": {
							"vector": [0, 0, 45],
							"easing": "easeOutSine"
						},
						"2.2": {
							"vector": [0, 0, -45],
							"easing": "easeOutSine"
						},
						"2.28": {
							"vector": [0, 0, 45],
							"easing": "easeOutSine"
						},
						"2.36": {
							"vector": [0, 0, -45],
							"easing": "easeOutSine"
						},
						"2.44": {
							"vector": [0, 0, 45],
							"easing": "easeOutSine"
						},
						"2.52": {
							"vector": [0, 0, -45],
							"easing": "easeOutSine"
						},
						"2.6": {
							"vector": [0, 0, 45],
							"easing": "easeOutSine"
						},
						"2.68": {
							"vector": [0, 0, -45],
							"easing": "easeOutSine"
						},
						"2.76": {
							"vector": [0, 0, 45],
							"easing": "easeOutSine"
						},
						"2.84": {
							"vector": [0, 0, -45],
							"easing": "easeOutSine"
						},
						"2.92": {
							"vector": [0, 0, 45],
							"easing": "easeOutSine"
						},
						"3.0": {
							"vector": [0, 0, -45],
							"easing": "easeOutSine"
						},
						"3.08": {
							"vector": [0, 0, 45],
							"easing": "easeOutSine"
						},
						"3.16": {
							"vector": [0, 0, -45],
							"easing": "easeOutSine"
						},
						"3.24": {
							"vector": [0, 0, 45],
							"easing": "easeOutSine"
						},
						"3.32": {
							"vector": [0, 0, -45],
							"easing": "easeOutSine"
						},
						"3.4": {
							"vector": [0, 0, 45],
							"easing": "easeOutSine"
						},
						"3.48": {
							"vector": [0, 0, -45],
							"easing": "easeOutSine"
						},
						"3.56": {
							"vector": [0, 0, 45],
							"easing": "easeOutSine"
						}
					}
				},
				"wing4": {
					"rotation": {
						"0.0": {
							"vector": [0, 0, -45]
						},
						"0.08": {
							"vector": [0, 0, 45]
						},
						"0.16": {
							"vector": [0, 0, -45]
						},
						"0.24": {
							"vector": [0, 0, 45]
						},
						"0.32": {
							"vector": [0, 0, -45]
						},
						"0.4": {
							"vector": [0, 0, 45]
						},
						"0.48": {
							"vector": [0, 0, -45]
						},
						"0.56": {
							"vector": [0, 0, 45]
						},
						"0.64": {
							"vector": [0, 0, -45]
						},
						"0.72": {
							"vector": [0, 0, 45]
						},
						"0.8": {
							"vector": [0, 0, -45]
						},
						"0.88": {
							"vector": [0, 0, 45]
						},
						"0.96": {
							"vector": [0, 0, -45]
						},
						"1.04": {
							"vector": [0, 0, 45]
						},
						"1.12": {
							"vector": [0, 0, -45]
						},
						"1.2": {
							"vector": [0, 0, 45]
						},
						"1.28": {
							"vector": [0, 0, -45]
						},
						"1.36": {
							"vector": [0, 0, 45]
						},
						"1.44": {
							"vector": [0, 0, -45]
						},
						"1.52": {
							"vector": [0, 0, 45]
						},
						"1.6": {
							"vector": [0, 0, -45]
						},
						"1.72": {
							"vector": [0, 0, 45]
						},
						"1.8": {
							"vector": [0, 0, -45]
						},
						"1.88": {
							"vector": [0, 0, 45]
						},
						"1.96": {
							"vector": [0, 0, -45]
						},
						"2.04": {
							"vector": [0, 0, 45]
						},
						"2.12": {
							"vector": [0, 0, -45]
						},
						"2.2": {
							"vector": [0, 0, 45]
						},
						"2.28": {
							"vector": [0, 0, -45]
						},
						"2.36": {
							"vector": [0, 0, 45]
						},
						"2.44": {
							"vector": [0, 0, -45]
						},
						"2.52": {
							"vector": [0, 0, 45]
						},
						"2.6": {
							"vector": [0, 0, -45]
						},
						"2.68": {
							"vector": [0, 0, 45]
						},
						"2.76": {
							"vector": [0, 0, -45]
						},
						"2.84": {
							"vector": [0, 0, 45]
						},
						"2.92": {
							"vector": [0, 0, -45]
						},
						"3.0": {
							"vector": [0, 0, 45]
						},
						"3.08": {
							"vector": [0, 0, -45]
						},
						"3.16": {
							"vector": [0, 0, 45]
						},
						"3.24": {
							"vector": [0, 0, -45]
						},
						"3.32": {
							"vector": [0, 0, 45]
						},
						"3.4": {
							"vector": [0, 0, -45]
						},
						"3.48": {
							"vector": [0, 0, 45]
						},
						"3.56": {
							"vector": [0, 0, -45]
						}
					}
				},
				"head2": {
					"rotation": {
						"0.0": {
							"vector": [0, 0, 0]
						},
						"0.44": {
							"vector": [0, 0, -15]
						},
						"1.04": {
							"vector": [0, 0, 20]
						},
						"1.52": {
							"vector": [0, 0, -12.5]
						},
						"1.88": {
							"vector": [-10, 0, -12.5]
						},
						"2.4": {
							"vector": [-25, 0, -12.5]
						},
						"2.84": {
							"vector": [-17.66955, 1.29256, -27.44548]
						},
						"3.32": {
							"vector": [-17.73032, -1.50179, 4.93745]
						},
						"3.56": {
							"vector": [0, 0, 0]
						}
					}
				},
				"feelers2": {
					"rotation": {
						"0.0": {
							"vector": [-20, 0, 0]
						},
						"0.64": {
							"vector": [20, 0, 0]
						},
						"1.36": {
							"vector": [37.5, 0, 0]
						},
						"1.88": {
							"vector": [-30, 0, 0]
						},
						"2.16": {
							"vector": [2.5, 0, 0]
						},
						"2.36": {
							"vector": [-30, 0, 0]
						},
						"3.0": {
							"vector": [30, 0, 0]
						},
						"3.2": {
							"vector": [-20, 0, 0]
						},
						"3.56": {
							"vector": [-20, 0, 0]
						}
					}
				},
				"body4": {
					"rotation": {
						"0.0": {
							"vector": [-15, 0, 0]
						},
						"0.64": {
							"vector": [27.45744, -0.65182, 7.47178]
						},
						"1.32": {
							"vector": [49.95744, -0.65182, 7.47178]
						},
						"2.0": {
							"vector": [19.95744, -0.65182, 7.47178]
						},
						"2.4": {
							"vector": [-7.54256, -0.65182, 7.47178]
						},
						"3.08": {
							"vector": [27.48107, 0.43523, -4.98107]
						},
						"3.56": {
							"vector": [-15, 0, 0]
						}
					}
				},
				"bodyfull2": {
					"rotation": {
						"0.0": {
							"vector": [-15, 0, 0]
						},
						"0.64": {
							"vector": [27.45744, -0.65182, 7.47178]
						},
						"1.32": {
							"vector": [49.95744, -0.65182, 7.47178]
						},
						"2.0": {
							"vector": [19.95744, -0.65182, 7.47178]
						},
						"2.4": {
							"vector": [-7.54256, -0.65182, 7.47178]
						},
						"3.08": {
							"vector": [27.48107, 0.43523, -4.98107]
						},
						"3.56": {
							"vector": [-15, 0, 0]
						}
					}
				},
				"body5": {
					"rotation": {
						"0.0": {
							"vector": [0, 22.5, 0]
						},
						"0.52": {
							"vector": [0, -12.5, 0],
							"easing": "easeOutSine"
						},
						"0.96": {
							"vector": [-5.39198, 13.0542, 22.75973],
							"easing": "easeOutSine"
						},
						"1.36": {
							"vector": [4.24966, 4.88216, -24.6903],
							"easing": "easeOutSine"
						},
						"1.68": {
							"vector": [17.32148, 1.94566, -15.11308],
							"easing": "easeOutSine"
						},
						"1.96": {
							"vector": [-10.39638, 7.5506, 11.91519],
							"easing": "easeOutSine"
						},
						"2.2": {
							"vector": [-22.89638, 7.5506, 11.91519],
							"easing": "easeOutSine"
						},
						"2.56": {
							"vector": [2.10362, 7.5506, 11.91519],
							"easing": "easeOutSine"
						},
						"2.8": {
							"vector": [11.78445, 6.56774, 29.5223],
							"easing": "easeOutSine"
						},
						"3.12": {
							"vector": [-16.8436, 2.3404, 15.08314],
							"easing": "easeOutSine"
						},
						"3.56": {
							"vector": [0, 22.5, 0],
							"easing": "easeOutSine"
						}
					},
					"position": {
						"0.0": {
							"vector": [9, 3, -7]
						},
						"0.8": {
							"vector": [16, -1, -13],
							"easing": "easeOutSine"
						},
						"1.24": {
							"vector": [19, -1, -13],
							"easing": "easeOutSine"
						},
						"1.6": {
							"vector": [11, -1, -13],
							"easing": "easeOutSine"
						},
						"1.88": {
							"vector": [11, 3, -19],
							"easing": "easeOutSine"
						},
						"2.16": {
							"vector": [11, 10, -19],
							"easing": "easeOutSine"
						},
						"2.44": {
							"vector": [11, 15, -13],
							"easing": "easeOutSine"
						},
						"2.72": {
							"vector": [16, 15, 1],
							"easing": "easeOutSine"
						},
						"3.04": {
							"vector": [13, 10, 9],
							"easing": "easeOutSine"
						},
						"3.56": {
							"vector": [9, 3, -7],
							"easing": "easeOutSine"
						}
					}
				},
				"legs7": {
					"rotation": {
						"0.0": {
							"vector": [0, 0, 0]
						},
						"0.84": {
							"vector": [20, 0, 0]
						},
						"1.76": {
							"vector": [-15, 0, 0]
						},
						"3.56": {
							"vector": [0, 0, 0]
						}
					}
				},
				"legs8": {
					"rotation": {
						"0.0": {
							"vector": [0, 0, 0]
						},
						"0.84": {
							"vector": [32.5, 0, 0]
						},
						"1.76": {
							"vector": [7.5, 0, 0]
						},
						"3.56": {
							"vector": [0, 0, 0]
						}
					}
				},
				"legs9": {
					"rotation": {
						"0.0": {
							"vector": [0, 0, 0]
						},
						"0.84": {
							"vector": [37.5, 0, 0]
						},
						"1.76": {
							"vector": [15, 0, 0]
						},
						"3.56": {
							"vector": [0, 0, 0]
						}
					}
				},
				"wing5": {
					"rotation": {
						"0.0": {
							"vector": [0, 0, -45]
						},
						"0.08": {
							"vector": [0, 0, 45],
							"easing": "step",
							"easingArgs": [2]
						},
						"0.16": {
							"vector": [0, 0, -45],
							"easing": "step",
							"easingArgs": [2]
						},
						"0.24": {
							"vector": [0, 0, 45],
							"easing": "step",
							"easingArgs": [2]
						},
						"0.32": {
							"vector": [0, 0, -45],
							"easing": "step",
							"easingArgs": [2]
						},
						"0.4": {
							"vector": [0, 0, 45],
							"easing": "step",
							"easingArgs": [2]
						},
						"0.48": {
							"vector": [0, 0, -45],
							"easing": "step",
							"easingArgs": [2]
						},
						"0.56": {
							"vector": [0, 0, 45],
							"easing": "step",
							"easingArgs": [2]
						},
						"0.64": {
							"vector": [0, 0, -45],
							"easing": "step",
							"easingArgs": [2]
						},
						"0.72": {
							"vector": [0, 0, 45],
							"easing": "step",
							"easingArgs": [2]
						},
						"0.8": {
							"vector": [0, 0, -45],
							"easing": "step",
							"easingArgs": [2]
						},
						"0.88": {
							"vector": [0, 0, 45],
							"easing": "step",
							"easingArgs": [2]
						},
						"0.96": {
							"vector": [0, 0, -45],
							"easing": "step",
							"easingArgs": [2]
						},
						"1.04": {
							"vector": [0, 0, 45],
							"easing": "step",
							"easingArgs": [2]
						},
						"1.12": {
							"vector": [0, 0, -45],
							"easing": "step",
							"easingArgs": [2]
						},
						"1.2": {
							"vector": [0, 0, 45],
							"easing": "step",
							"easingArgs": [2]
						},
						"1.28": {
							"vector": [0, 0, -45],
							"easing": "step",
							"easingArgs": [2]
						},
						"1.36": {
							"vector": [0, 0, 45],
							"easing": "step",
							"easingArgs": [2]
						},
						"1.44": {
							"vector": [0, 0, -45],
							"easing": "step",
							"easingArgs": [2]
						},
						"1.52": {
							"vector": [0, 0, 45],
							"easing": "step",
							"easingArgs": [2]
						},
						"1.6": {
							"vector": [0, 0, -45],
							"easing": "step",
							"easingArgs": [2]
						},
						"1.68": {
							"vector": [0, 0, 45],
							"easing": "step",
							"easingArgs": [2]
						},
						"1.8": {
							"vector": [0, 0, -45],
							"easing": "step",
							"easingArgs": [2]
						},
						"1.88": {
							"vector": [0, 0, 45],
							"easing": "step",
							"easingArgs": [2]
						},
						"1.96": {
							"vector": [0, 0, -45],
							"easing": "step",
							"easingArgs": [2]
						},
						"2.04": {
							"vector": [0, 0, 45],
							"easing": "step",
							"easingArgs": [2]
						},
						"2.12": {
							"vector": [0, 0, -45],
							"easing": "step",
							"easingArgs": [2]
						},
						"2.2": {
							"vector": [0, 0, 45],
							"easing": "step",
							"easingArgs": [2]
						},
						"2.28": {
							"vector": [0, 0, -45],
							"easing": "step",
							"easingArgs": [2]
						},
						"2.36": {
							"vector": [0, 0, 45],
							"easing": "step",
							"easingArgs": [2]
						},
						"2.44": {
							"vector": [0, 0, -45],
							"easing": "step",
							"easingArgs": [2]
						},
						"2.52": {
							"vector": [0, 0, 45],
							"easing": "step",
							"easingArgs": [2]
						},
						"2.6": {
							"vector": [0, 0, -45],
							"easing": "step",
							"easingArgs": [2]
						},
						"2.68": {
							"vector": [0, 0, 45],
							"easing": "step",
							"easingArgs": [2]
						},
						"2.76": {
							"vector": [0, 0, -45],
							"easing": "step",
							"easingArgs": [2]
						},
						"2.84": {
							"vector": [0, 0, 45],
							"easing": "step",
							"easingArgs": [2]
						},
						"2.92": {
							"vector": [0, 0, -45],
							"easing": "step",
							"easingArgs": [2]
						},
						"3.0": {
							"vector": [0, 0, 45],
							"easing": "step",
							"easingArgs": [2]
						},
						"3.08": {
							"vector": [0, 0, -45],
							"easing": "step",
							"easingArgs": [2]
						},
						"3.16": {
							"vector": [0, 0, 45],
							"easing": "step",
							"easingArgs": [2]
						},
						"3.24": {
							"vector": [0, 0, -45],
							"easing": "step",
							"easingArgs": [2]
						},
						"3.32": {
							"vector": [0, 0, 45],
							"easing": "step",
							"easingArgs": [2]
						},
						"3.4": {
							"vector": [0, 0, -45],
							"easing": "step",
							"easingArgs": [2]
						},
						"3.48": {
							"vector": [0, 0, 45],
							"easing": "step",
							"easingArgs": [2]
						},
						"3.56": {
							"vector": [0, 0, -45],
							"easing": "step",
							"easingArgs": [2]
						}
					}
				},
				"wing6": {
					"rotation": {
						"0.0": {
							"vector": [0, 0, 45]
						},
						"0.08": {
							"vector": [0, 0, -45],
							"easing": "step",
							"easingArgs": [2]
						},
						"0.16": {
							"vector": [0, 0, 45],
							"easing": "step",
							"easingArgs": [2]
						},
						"0.24": {
							"vector": [0, 0, -45],
							"easing": "step",
							"easingArgs": [2]
						},
						"0.32": {
							"vector": [0, 0, 45],
							"easing": "step",
							"easingArgs": [2]
						},
						"0.4": {
							"vector": [0, 0, -45],
							"easing": "step",
							"easingArgs": [2]
						},
						"0.48": {
							"vector": [0, 0, 45],
							"easing": "step",
							"easingArgs": [2]
						},
						"0.56": {
							"vector": [0, 0, -45],
							"easing": "step",
							"easingArgs": [2]
						},
						"0.64": {
							"vector": [0, 0, 45],
							"easing": "step",
							"easingArgs": [2]
						},
						"0.72": {
							"vector": [0, 0, -45],
							"easing": "step",
							"easingArgs": [2]
						},
						"0.8": {
							"vector": [0, 0, 45],
							"easing": "step",
							"easingArgs": [2]
						},
						"0.88": {
							"vector": [0, 0, -45],
							"easing": "step",
							"easingArgs": [2]
						},
						"0.96": {
							"vector": [0, 0, 45],
							"easing": "step",
							"easingArgs": [2]
						},
						"1.04": {
							"vector": [0, 0, -45],
							"easing": "step",
							"easingArgs": [2]
						},
						"1.12": {
							"vector": [0, 0, 45],
							"easing": "step",
							"easingArgs": [2]
						},
						"1.2": {
							"vector": [0, 0, -45],
							"easing": "step",
							"easingArgs": [2]
						},
						"1.28": {
							"vector": [0, 0, 45],
							"easing": "step",
							"easingArgs": [2]
						},
						"1.36": {
							"vector": [0, 0, -45],
							"easing": "step",
							"easingArgs": [2]
						},
						"1.44": {
							"vector": [0, 0, 45],
							"easing": "step",
							"easingArgs": [2]
						},
						"1.52": {
							"vector": [0, 0, -45],
							"easing": "step",
							"easingArgs": [2]
						},
						"1.6": {
							"vector": [0, 0, 45],
							"easing": "step",
							"easingArgs": [2]
						},
						"1.68": {
							"vector": [0, 0, -45],
							"easing": "step",
							"easingArgs": [2]
						},
						"1.8": {
							"vector": [0, 0, 45],
							"easing": "step",
							"easingArgs": [2]
						},
						"1.88": {
							"vector": [0, 0, -45],
							"easing": "step",
							"easingArgs": [2]
						},
						"1.96": {
							"vector": [0, 0, 45],
							"easing": "step",
							"easingArgs": [2]
						},
						"2.04": {
							"vector": [0, 0, -45],
							"easing": "step",
							"easingArgs": [2]
						},
						"2.12": {
							"vector": [0, 0, 45],
							"easing": "step",
							"easingArgs": [2]
						},
						"2.2": {
							"vector": [0, 0, -45],
							"easing": "step",
							"easingArgs": [2]
						},
						"2.28": {
							"vector": [0, 0, 45],
							"easing": "step",
							"easingArgs": [2]
						},
						"2.36": {
							"vector": [0, 0, -45],
							"easing": "step",
							"easingArgs": [2]
						},
						"2.44": {
							"vector": [0, 0, 45],
							"easing": "step",
							"easingArgs": [2]
						},
						"2.52": {
							"vector": [0, 0, -45],
							"easing": "step",
							"easingArgs": [2]
						},
						"2.6": {
							"vector": [0, 0, 45],
							"easing": "step",
							"easingArgs": [2]
						},
						"2.68": {
							"vector": [0, 0, -45],
							"easing": "step",
							"easingArgs": [2]
						},
						"2.76": {
							"vector": [0, 0, 45],
							"easing": "step",
							"easingArgs": [2]
						},
						"2.84": {
							"vector": [0, 0, -45],
							"easing": "step",
							"easingArgs": [2]
						},
						"2.92": {
							"vector": [0, 0, 45],
							"easing": "step",
							"easingArgs": [2]
						},
						"3.0": {
							"vector": [0, 0, -45],
							"easing": "step",
							"easingArgs": [2]
						},
						"3.08": {
							"vector": [0, 0, 45],
							"easing": "step",
							"easingArgs": [2]
						},
						"3.16": {
							"vector": [0, 0, -45],
							"easing": "step",
							"easingArgs": [2]
						},
						"3.24": {
							"vector": [0, 0, 45],
							"easing": "step",
							"easingArgs": [2]
						},
						"3.32": {
							"vector": [0, 0, -45],
							"easing": "step",
							"easingArgs": [2]
						},
						"3.4": {
							"vector": [0, 0, 45],
							"easing": "step",
							"easingArgs": [2]
						},
						"3.48": {
							"vector": [0, 0, -45],
							"easing": "step",
							"easingArgs": [2]
						},
						"3.56": {
							"vector": [0, 0, 45],
							"easing": "step",
							"easingArgs": [2]
						}
					}
				},
				"head3": {
					"rotation": {
						"0.0": {
							"vector": [0, 0, 0]
						},
						"0.52": {
							"vector": [0, -12.5, 0]
						},
						"1.04": {
							"vector": [0, 2.5, 0]
						},
						"1.28": {
							"vector": [0, -27.5, 0]
						},
						"1.96": {
							"vector": [16.45799, -10.19734, -16.39602]
						},
						"2.32": {
							"vector": [3.95799, -10.19734, -16.39602]
						},
						"2.6": {
							"vector": [3.51482, -1.22305, -11.95774]
						},
						"3.04": {
							"vector": [-3.1496, -22.36167, 6.56306]
						},
						"3.56": {
							"vector": [0, 0, 0]
						}
					}
				},
				"feelers3": {
					"rotation": {
						"0.0": {
							"vector": [-12.5, 0, 0]
						},
						"0.52": {
							"vector": [17.5, 0, 0]
						},
						"0.72": {
							"vector": [-20, 0, 0]
						},
						"0.84": {
							"vector": [10, 0, 0]
						},
						"0.92": {
							"vector": [-20, 0, 0]
						},
						"0.96": {
							"vector": [2.5, 0, 0]
						},
						"1.08": {
							"vector": [-20, 0, 0]
						},
						"1.52": {
							"vector": [22.5, 0, 0]
						},
						"2.4": {
							"vector": [-20, 0, 0]
						},
						"2.88": {
							"vector": [27.5, 0, 0]
						},
						"3.56": {
							"vector": [-12.5, 0, 0]
						}
					}
				},
				"body6": {
					"rotation": {
						"0.0": {
							"vector": [62.5, 0, 0]
						},
						"0.68": {
							"vector": [66.59531, 22.52101, 20.36057]
						},
						"1.28": {
							"vector": [72.95606, -16.70159, 36.47259]
						},
						"1.68": {
							"vector": [64.9511, 18.60607, 8.1119]
						},
						"2.04": {
							"vector": [67.90533, -4.14273, 13.88294]
						},
						"2.4": {
							"vector": [30.40533, -4.14273, 13.88294]
						},
						"2.76": {
							"vector": [28.80223, -6.32384, 31.32081]
						},
						"3.12": {
							"vector": [31.38908, 0.73212, -18.27378]
						},
						"3.56": {
							"vector": [62.5, 0, 0]
						}
					}
				},
				"bodyfull3": {
					"rotation": {
						"0.0": {
							"vector": [62.5, 0, 0]
						},
						"0.68": {
							"vector": [66.59531, 22.52101, 20.36057]
						},
						"1.28": {
							"vector": [72.95606, -16.70159, 36.47259]
						},
						"1.68": {
							"vector": [64.9511, 18.60607, 8.1119]
						},
						"2.04": {
							"vector": [67.90533, -4.14273, 13.88294]
						},
						"2.4": {
							"vector": [30.40533, -4.14273, 13.88294]
						},
						"2.76": {
							"vector": [28.80223, -6.32384, 31.32081]
						},
						"3.12": {
							"vector": [31.38908, 0.73212, -18.27378]
						},
						"3.56": {
							"vector": [62.5, 0, 0]
						}
					}
				},
				"body7": {
					"rotation": {
						"0.0": {
							"vector": [2.5, -22.5, 0]
						},
						"0.4": {
							"vector": [4.40785, 22.42561, -15.35004]
						},
						"0.64": {
							"vector": [0, -12.5, 0],
							"easing": "easeOutSine"
						},
						"0.96": {
							"vector": [-10.28564, 6.00913, -19.79678],
							"easing": "easeOutSine"
						},
						"1.36": {
							"vector": [4.24966, 4.88216, -24.6903],
							"easing": "easeOutSine"
						},
						"1.68": {
							"vector": [17.32148, 1.94566, -15.11308],
							"easing": "easeOutSine"
						},
						"1.96": {
							"vector": [-10.39638, 7.5506, 11.91519],
							"easing": "easeOutSine"
						},
						"2.2": {
							"vector": [-22.89638, 7.5506, 11.91519],
							"easing": "easeOutSine"
						},
						"2.56": {
							"vector": [2.10362, 7.5506, 11.91519],
							"easing": "easeOutSine"
						},
						"2.8": {
							"vector": [11.78445, 6.56774, 29.5223],
							"easing": "easeOutSine"
						},
						"3.12": {
							"vector": [-16.8436, 2.3404, 15.08314],
							"easing": "easeOutSine"
						},
						"3.2": {
							"vector": [-15.40569, 21.56488, -18.81073]
						},
						"3.56": {
							"vector": [2.5, -22.5, 0]
						}
					},
					"position": {
						"0.0": {
							"vector": [29.88117, 15, 16.70675]
						},
						"0.4": {
							"vector": [27.95065, 7.10681, 10.04577]
						},
						"0.8": {
							"vector": [30.26509, 16.92843, -1.5661]
						},
						"1.24": {
							"vector": [25.96984, 9.52736, -0.72767]
						},
						"1.76": {
							"vector": [24.92398, 0.95309, 5.21495]
						},
						"2.24": {
							"vector": [42.39787, 3.69868, 15.79153]
						},
						"2.52": {
							"vector": [46.15439, 12.09977, 15.1997]
						},
						"3.2": {
							"vector": [39.57983, 18.29033, 18.11764]
						},
						"3.56": {
							"vector": [29.88117, 15, 16.70675]
						}
					}
				},
				"legs10": {
					"rotation": {
						"0.0": {
							"vector": [0, 0, 0]
						},
						"0.84": {
							"vector": [20, 0, 0]
						},
						"1.76": {
							"vector": [-15, 0, 0]
						},
						"3.56": {
							"vector": [0, 0, 0]
						}
					}
				},
				"legs11": {
					"rotation": {
						"0.0": {
							"vector": [0, 0, 0]
						},
						"0.84": {
							"vector": [32.5, 0, 0]
						},
						"1.76": {
							"vector": [7.5, 0, 0]
						},
						"3.56": {
							"vector": [0, 0, 0]
						}
					}
				},
				"legs12": {
					"rotation": {
						"0.0": {
							"vector": [0, 0, 0]
						},
						"0.84": {
							"vector": [37.5, 0, 0]
						},
						"1.76": {
							"vector": [15, 0, 0]
						},
						"3.56": {
							"vector": [0, 0, 0]
						}
					}
				},
				"wing7": {
					"rotation": {
						"0.0": {
							"vector": [0, 0, -45]
						},
						"0.08": {
							"vector": [0, 0, 45],
							"easing": "step",
							"easingArgs": [2]
						},
						"0.16": {
							"vector": [0, 0, -45],
							"easing": "step",
							"easingArgs": [2]
						},
						"0.24": {
							"vector": [0, 0, 45],
							"easing": "step",
							"easingArgs": [2]
						},
						"0.32": {
							"vector": [0, 0, -45],
							"easing": "step",
							"easingArgs": [2]
						},
						"0.4": {
							"vector": [0, 0, 45],
							"easing": "step",
							"easingArgs": [2]
						},
						"0.48": {
							"vector": [0, 0, -45],
							"easing": "step",
							"easingArgs": [2]
						},
						"0.56": {
							"vector": [0, 0, 45],
							"easing": "step",
							"easingArgs": [2]
						},
						"0.64": {
							"vector": [0, 0, -45],
							"easing": "step",
							"easingArgs": [2]
						},
						"0.72": {
							"vector": [0, 0, 45],
							"easing": "step",
							"easingArgs": [2]
						},
						"0.8": {
							"vector": [0, 0, -45],
							"easing": "step",
							"easingArgs": [2]
						},
						"0.88": {
							"vector": [0, 0, 45],
							"easing": "step",
							"easingArgs": [2]
						},
						"0.96": {
							"vector": [0, 0, -45],
							"easing": "step",
							"easingArgs": [2]
						},
						"1.04": {
							"vector": [0, 0, 45],
							"easing": "step",
							"easingArgs": [2]
						},
						"1.12": {
							"vector": [0, 0, -45],
							"easing": "step",
							"easingArgs": [2]
						},
						"1.2": {
							"vector": [0, 0, 45],
							"easing": "step",
							"easingArgs": [2]
						},
						"1.28": {
							"vector": [0, 0, -45],
							"easing": "step",
							"easingArgs": [2]
						},
						"1.36": {
							"vector": [0, 0, 45],
							"easing": "step",
							"easingArgs": [2]
						},
						"1.44": {
							"vector": [0, 0, -45],
							"easing": "step",
							"easingArgs": [2]
						},
						"1.52": {
							"vector": [0, 0, 45],
							"easing": "step",
							"easingArgs": [2]
						},
						"1.6": {
							"vector": [0, 0, -45],
							"easing": "step",
							"easingArgs": [2]
						},
						"1.68": {
							"vector": [0, 0, 45],
							"easing": "step",
							"easingArgs": [2]
						},
						"1.8": {
							"vector": [0, 0, -45],
							"easing": "step",
							"easingArgs": [2]
						},
						"1.88": {
							"vector": [0, 0, 45],
							"easing": "step",
							"easingArgs": [2]
						},
						"1.96": {
							"vector": [0, 0, -45],
							"easing": "step",
							"easingArgs": [2]
						},
						"2.04": {
							"vector": [0, 0, 45],
							"easing": "step",
							"easingArgs": [2]
						},
						"2.12": {
							"vector": [0, 0, -45],
							"easing": "step",
							"easingArgs": [2]
						},
						"2.2": {
							"vector": [0, 0, 45],
							"easing": "step",
							"easingArgs": [2]
						},
						"2.28": {
							"vector": [0, 0, -45],
							"easing": "step",
							"easingArgs": [2]
						},
						"2.36": {
							"vector": [0, 0, 45],
							"easing": "step",
							"easingArgs": [2]
						},
						"2.44": {
							"vector": [0, 0, -45],
							"easing": "step",
							"easingArgs": [2]
						},
						"2.52": {
							"vector": [0, 0, 45],
							"easing": "step",
							"easingArgs": [2]
						},
						"2.6": {
							"vector": [0, 0, -45],
							"easing": "step",
							"easingArgs": [2]
						},
						"2.68": {
							"vector": [0, 0, 45],
							"easing": "step",
							"easingArgs": [2]
						},
						"2.76": {
							"vector": [0, 0, -45],
							"easing": "step",
							"easingArgs": [2]
						},
						"2.84": {
							"vector": [0, 0, 45],
							"easing": "step",
							"easingArgs": [2]
						},
						"2.92": {
							"vector": [0, 0, -45],
							"easing": "step",
							"easingArgs": [2]
						},
						"3.0": {
							"vector": [0, 0, 45],
							"easing": "step",
							"easingArgs": [2]
						},
						"3.08": {
							"vector": [0, 0, -45],
							"easing": "step",
							"easingArgs": [2]
						},
						"3.16": {
							"vector": [0, 0, 45],
							"easing": "step",
							"easingArgs": [2]
						},
						"3.24": {
							"vector": [0, 0, -45],
							"easing": "step",
							"easingArgs": [2]
						},
						"3.32": {
							"vector": [0, 0, 45],
							"easing": "step",
							"easingArgs": [2]
						},
						"3.4": {
							"vector": [0, 0, -45],
							"easing": "step",
							"easingArgs": [2]
						},
						"3.48": {
							"vector": [0, 0, 45],
							"easing": "step",
							"easingArgs": [2]
						},
						"3.56": {
							"vector": [0, 0, -45],
							"easing": "step",
							"easingArgs": [2]
						}
					}
				},
				"wing8": {
					"rotation": {
						"0.0": {
							"vector": [0, 0, 45]
						},
						"0.08": {
							"vector": [0, 0, -45],
							"easing": "step",
							"easingArgs": [2]
						},
						"0.16": {
							"vector": [0, 0, 45],
							"easing": "step",
							"easingArgs": [2]
						},
						"0.24": {
							"vector": [0, 0, -45],
							"easing": "step",
							"easingArgs": [2]
						},
						"0.32": {
							"vector": [0, 0, 45],
							"easing": "step",
							"easingArgs": [2]
						},
						"0.4": {
							"vector": [0, 0, -45],
							"easing": "step",
							"easingArgs": [2]
						},
						"0.48": {
							"vector": [0, 0, 45],
							"easing": "step",
							"easingArgs": [2]
						},
						"0.56": {
							"vector": [0, 0, -45],
							"easing": "step",
							"easingArgs": [2]
						},
						"0.64": {
							"vector": [0, 0, 45],
							"easing": "step",
							"easingArgs": [2]
						},
						"0.72": {
							"vector": [0, 0, -45],
							"easing": "step",
							"easingArgs": [2]
						},
						"0.8": {
							"vector": [0, 0, 45],
							"easing": "step",
							"easingArgs": [2]
						},
						"0.88": {
							"vector": [0, 0, -45],
							"easing": "step",
							"easingArgs": [2]
						},
						"0.96": {
							"vector": [0, 0, 45],
							"easing": "step",
							"easingArgs": [2]
						},
						"1.04": {
							"vector": [0, 0, -45],
							"easing": "step",
							"easingArgs": [2]
						},
						"1.12": {
							"vector": [0, 0, 45],
							"easing": "step",
							"easingArgs": [2]
						},
						"1.2": {
							"vector": [0, 0, -45],
							"easing": "step",
							"easingArgs": [2]
						},
						"1.28": {
							"vector": [0, 0, 45],
							"easing": "step",
							"easingArgs": [2]
						},
						"1.36": {
							"vector": [0, 0, -45],
							"easing": "step",
							"easingArgs": [2]
						},
						"1.44": {
							"vector": [0, 0, 45],
							"easing": "step",
							"easingArgs": [2]
						},
						"1.52": {
							"vector": [0, 0, -45],
							"easing": "step",
							"easingArgs": [2]
						},
						"1.6": {
							"vector": [0, 0, 45],
							"easing": "step",
							"easingArgs": [2]
						},
						"1.68": {
							"vector": [0, 0, -45],
							"easing": "step",
							"easingArgs": [2]
						},
						"1.8": {
							"vector": [0, 0, 45],
							"easing": "step",
							"easingArgs": [2]
						},
						"1.88": {
							"vector": [0, 0, -45],
							"easing": "step",
							"easingArgs": [2]
						},
						"1.96": {
							"vector": [0, 0, 45],
							"easing": "step",
							"easingArgs": [2]
						},
						"2.04": {
							"vector": [0, 0, -45],
							"easing": "step",
							"easingArgs": [2]
						},
						"2.12": {
							"vector": [0, 0, 45],
							"easing": "step",
							"easingArgs": [2]
						},
						"2.2": {
							"vector": [0, 0, -45],
							"easing": "step",
							"easingArgs": [2]
						},
						"2.28": {
							"vector": [0, 0, 45],
							"easing": "step",
							"easingArgs": [2]
						},
						"2.36": {
							"vector": [0, 0, -45],
							"easing": "step",
							"easingArgs": [2]
						},
						"2.44": {
							"vector": [0, 0, 45],
							"easing": "step",
							"easingArgs": [2]
						},
						"2.52": {
							"vector": [0, 0, -45],
							"easing": "step",
							"easingArgs": [2]
						},
						"2.6": {
							"vector": [0, 0, 45],
							"easing": "step",
							"easingArgs": [2]
						},
						"2.68": {
							"vector": [0, 0, -45],
							"easing": "step",
							"easingArgs": [2]
						},
						"2.76": {
							"vector": [0, 0, 45],
							"easing": "step",
							"easingArgs": [2]
						},
						"2.84": {
							"vector": [0, 0, -45],
							"easing": "step",
							"easingArgs": [2]
						},
						"2.92": {
							"vector": [0, 0, 45],
							"easing": "step",
							"easingArgs": [2]
						},
						"3.0": {
							"vector": [0, 0, -45],
							"easing": "step",
							"easingArgs": [2]
						},
						"3.08": {
							"vector": [0, 0, 45],
							"easing": "step",
							"easingArgs": [2]
						},
						"3.16": {
							"vector": [0, 0, -45],
							"easing": "step",
							"easingArgs": [2]
						},
						"3.24": {
							"vector": [0, 0, 45],
							"easing": "step",
							"easingArgs": [2]
						},
						"3.32": {
							"vector": [0, 0, -45],
							"easing": "step",
							"easingArgs": [2]
						},
						"3.4": {
							"vector": [0, 0, 45],
							"easing": "step",
							"easingArgs": [2]
						},
						"3.48": {
							"vector": [0, 0, -45],
							"easing": "step",
							"easingArgs": [2]
						},
						"3.56": {
							"vector": [0, 0, 45],
							"easing": "step",
							"easingArgs": [2]
						}
					}
				},
				"head4": {
					"rotation": {
						"0.0": {
							"vector": [0, 0, 0]
						},
						"0.52": {
							"vector": [0, -12.5, 0]
						},
						"1.04": {
							"vector": [0, 2.5, 0]
						},
						"1.28": {
							"vector": [0, -27.5, 0]
						},
						"1.96": {
							"vector": [16.45799, -10.19734, -16.39602]
						},
						"2.32": {
							"vector": [3.95799, -10.19734, -16.39602]
						},
						"2.6": {
							"vector": [3.51482, -1.22305, -11.95774]
						},
						"3.04": {
							"vector": [-3.1496, -22.36167, 6.56306]
						},
						"3.56": {
							"vector": [0, 0, 0]
						}
					}
				},
				"feelers4": {
					"rotation": {
						"0.0": {
							"vector": [-12.5, 0, 0]
						},
						"0.52": {
							"vector": [17.5, 0, 0]
						},
						"0.72": {
							"vector": [-20, 0, 0]
						},
						"0.84": {
							"vector": [10, 0, 0]
						},
						"0.92": {
							"vector": [-20, 0, 0]
						},
						"0.96": {
							"vector": [2.5, 0, 0]
						},
						"1.08": {
							"vector": [-20, 0, 0]
						},
						"1.52": {
							"vector": [22.5, 0, 0]
						},
						"2.4": {
							"vector": [-20, 0, 0]
						},
						"2.88": {
							"vector": [27.5, 0, 0]
						},
						"3.56": {
							"vector": [-12.5, 0, 0]
						}
					}
				},
				"body8": {
					"rotation": {
						"0.0": {
							"vector": [62.5, 0, 0]
						},
						"0.68": {
							"vector": [66.59531, 22.52101, 20.36057]
						},
						"1.28": {
							"vector": [72.95606, -16.70159, 36.47259]
						},
						"1.68": {
							"vector": [64.9511, 18.60607, 8.1119]
						},
						"2.04": {
							"vector": [67.90533, -4.14273, 13.88294]
						},
						"2.4": {
							"vector": [30.40533, -4.14273, 13.88294]
						},
						"2.76": {
							"vector": [28.80223, -6.32384, 31.32081]
						},
						"3.12": {
							"vector": [31.38908, 0.73212, -18.27378]
						},
						"3.56": {
							"vector": [62.5, 0, 0]
						}
					}
				},
				"bodyfull4": {
					"rotation": {
						"0.0": {
							"vector": [62.5, 0, 0]
						},
						"0.68": {
							"vector": [66.59531, 22.52101, 20.36057]
						},
						"1.28": {
							"vector": [72.95606, -16.70159, 36.47259]
						},
						"1.68": {
							"vector": [64.9511, 18.60607, 8.1119]
						},
						"2.04": {
							"vector": [67.90533, -4.14273, 13.88294]
						},
						"2.4": {
							"vector": [30.40533, -4.14273, 13.88294]
						},
						"2.76": {
							"vector": [28.80223, -6.32384, 31.32081]
						},
						"3.12": {
							"vector": [31.38908, 0.73212, -18.27378]
						},
						"3.56": {
							"vector": [62.5, 0, 0]
						}
					}
				},
				"body9": {
					"rotation": {
						"0.0": {
							"vector": [2.26708, 7.15102, 17.64168]
						},
						"0.4": {
							"vector": [11.93744, 3.65631, 19.72531],
							"easing": "easeOutSine"
						},
						"0.92": {
							"vector": [-4.36207, 6.59703, -15.08764],
							"easing": "easeOutSine"
						},
						"1.24": {
							"vector": [15.63793, 6.59703, -15.08764],
							"easing": "easeOutSine"
						},
						"1.64": {
							"vector": [24.15668, -6.27927, -4.38051],
							"easing": "easeOutSine"
						},
						"2.12": {
							"vector": [-12.31506, -2.22492, 15.263],
							"easing": "easeOutSine"
						},
						"2.44": {
							"vector": [9.15668, -6.27927, -4.38051],
							"easing": "easeOutSine"
						},
						"2.76": {
							"vector": [-7.1793, -8.01693, -16.85699],
							"easing": "easeOutSine"
						},
						"3.2": {
							"vector": [-33.5575, 4.8235, 12.28215],
							"easing": "easeOutSine"
						},
						"3.56": {
							"vector": [2.26708, 7.15102, 17.64168]
						}
					},
					"position": {
						"0.0": {
							"vector": [-20.99809, 0.06049, 2.76445]
						},
						"0.64": {
							"vector": [-21.24207, 4.0519, 2.68157]
						},
						"1.12": {
							"vector": [-23.00572, -0.47423, 3.86892]
						},
						"1.68": {
							"vector": [-19.02206, 2.48763, 3.27948]
						},
						"2.04": {
							"vector": [-17.82195, 7.24859, 4.23942]
						},
						"2.36": {
							"vector": [-17.60218, 1.30506, 5.02121]
						},
						"2.92": {
							"vector": [-17.89732, 12.47592, 9.40563]
						},
						"3.56": {
							"vector": [-20.99809, 0.06049, 2.76445]
						}
					}
				},
				"legs13": {
					"rotation": {
						"0.0": {
							"vector": [0, 0, 0]
						},
						"0.84": {
							"vector": [12.78, 0, 0],
							"easing": "easeOutSine"
						},
						"1.08": {
							"vector": [32.5, 0, 0],
							"easing": "easeOutSine"
						},
						"1.84": {
							"vector": [12.5, 0, 0],
							"easing": "easeOutSine"
						},
						"2.04": {
							"vector": [-20, 0, 0],
							"easing": "easeOutSine"
						},
						"3.56": {
							"vector": [0, 0, 0],
							"easing": "easeOutSine"
						}
					}
				},
				"legs14": {
					"rotation": {
						"0.0": {
							"vector": [0, 0, 0]
						},
						"0.84": {
							"vector": [12.78, 0, 0],
							"easing": "easeOutSine"
						},
						"1.08": {
							"vector": [32.5, 0, 0],
							"easing": "easeOutSine"
						},
						"1.84": {
							"vector": [22.5, 0, 0],
							"easing": "easeOutSine"
						},
						"2.04": {
							"vector": [-15, 0, 0],
							"easing": "easeOutSine"
						},
						"3.56": {
							"vector": [0, 0, 0],
							"easing": "easeOutSine"
						}
					}
				},
				"legs15": {
					"rotation": {
						"0.0": {
							"vector": [0, 0, 0]
						},
						"1.08": {
							"vector": [32.5, 0, 0],
							"easing": "easeOutSine"
						},
						"1.84": {
							"vector": [22.5, 0, 0],
							"easing": "easeOutSine"
						},
						"2.04": {
							"vector": [10, 0, 0],
							"easing": "easeOutSine"
						},
						"3.56": {
							"vector": [0, 0, 0],
							"easing": "easeOutSine"
						}
					}
				},
				"wing9": {
					"rotation": {
						"0.0": {
							"vector": [0, 0, 45]
						},
						"0.08": {
							"vector": [0, 0, -45],
							"easing": "easeOutSine"
						},
						"0.16": {
							"vector": [0, 0, 45],
							"easing": "easeOutSine"
						},
						"0.24": {
							"vector": [0, 0, -45],
							"easing": "easeOutSine"
						},
						"0.32": {
							"vector": [0, 0, 45],
							"easing": "easeOutSine"
						},
						"0.4": {
							"vector": [0, 0, -45],
							"easing": "easeOutSine"
						},
						"0.48": {
							"vector": [0, 0, 45],
							"easing": "easeOutSine"
						},
						"0.56": {
							"vector": [0, 0, -45],
							"easing": "easeOutSine"
						},
						"0.64": {
							"vector": [0, 0, 45],
							"easing": "easeOutSine"
						},
						"0.72": {
							"vector": [0, 0, -45],
							"easing": "easeOutSine"
						},
						"0.8": {
							"vector": [0, 0, 45],
							"easing": "easeOutSine"
						},
						"0.88": {
							"vector": [0, 0, -45],
							"easing": "easeOutSine"
						},
						"0.96": {
							"vector": [0, 0, 45],
							"easing": "easeOutSine"
						},
						"1.04": {
							"vector": [0, 0, -45],
							"easing": "easeOutSine"
						},
						"1.12": {
							"vector": [0, 0, 45],
							"easing": "easeOutSine"
						},
						"1.2": {
							"vector": [0, 0, -45],
							"easing": "easeOutSine"
						},
						"1.28": {
							"vector": [0, 0, 45],
							"easing": "easeOutSine"
						},
						"1.36": {
							"vector": [0, 0, -45],
							"easing": "easeOutSine"
						},
						"1.44": {
							"vector": [0, 0, 45],
							"easing": "easeOutSine"
						},
						"1.52": {
							"vector": [0, 0, -45],
							"easing": "easeOutSine"
						},
						"1.6": {
							"vector": [0, 0, 45],
							"easing": "easeOutSine"
						},
						"1.72": {
							"vector": [0, 0, -45],
							"easing": "easeOutSine"
						},
						"1.8": {
							"vector": [0, 0, 45],
							"easing": "easeOutSine"
						},
						"1.88": {
							"vector": [0, 0, -45],
							"easing": "easeOutSine"
						},
						"1.96": {
							"vector": [0, 0, 45],
							"easing": "easeOutSine"
						},
						"2.04": {
							"vector": [0, 0, -45],
							"easing": "easeOutSine"
						},
						"2.12": {
							"vector": [0, 0, 45],
							"easing": "easeOutSine"
						},
						"2.2": {
							"vector": [0, 0, -45],
							"easing": "easeOutSine"
						},
						"2.28": {
							"vector": [0, 0, 45],
							"easing": "easeOutSine"
						},
						"2.36": {
							"vector": [0, 0, -45],
							"easing": "easeOutSine"
						},
						"2.44": {
							"vector": [0, 0, 45],
							"easing": "easeOutSine"
						},
						"2.52": {
							"vector": [0, 0, -45],
							"easing": "easeOutSine"
						},
						"2.6": {
							"vector": [0, 0, 45],
							"easing": "easeOutSine"
						},
						"2.68": {
							"vector": [0, 0, -45],
							"easing": "easeOutSine"
						},
						"2.76": {
							"vector": [0, 0, 45],
							"easing": "easeOutSine"
						},
						"2.84": {
							"vector": [0, 0, -45],
							"easing": "easeOutSine"
						},
						"2.92": {
							"vector": [0, 0, 45],
							"easing": "easeOutSine"
						},
						"3.0": {
							"vector": [0, 0, -45],
							"easing": "easeOutSine"
						},
						"3.08": {
							"vector": [0, 0, 45],
							"easing": "easeOutSine"
						},
						"3.16": {
							"vector": [0, 0, -45],
							"easing": "easeOutSine"
						},
						"3.24": {
							"vector": [0, 0, 45],
							"easing": "easeOutSine"
						},
						"3.32": {
							"vector": [0, 0, -45],
							"easing": "easeOutSine"
						},
						"3.4": {
							"vector": [0, 0, 45],
							"easing": "easeOutSine"
						},
						"3.48": {
							"vector": [0, 0, -45],
							"easing": "easeOutSine"
						},
						"3.56": {
							"vector": [0, 0, 45],
							"easing": "easeOutSine"
						}
					}
				},
				"wing10": {
					"rotation": {
						"0.0": {
							"vector": [0, 0, -45]
						},
						"0.08": {
							"vector": [0, 0, 45]
						},
						"0.16": {
							"vector": [0, 0, -45]
						},
						"0.24": {
							"vector": [0, 0, 45]
						},
						"0.32": {
							"vector": [0, 0, -45]
						},
						"0.4": {
							"vector": [0, 0, 45]
						},
						"0.48": {
							"vector": [0, 0, -45]
						},
						"0.56": {
							"vector": [0, 0, 45]
						},
						"0.64": {
							"vector": [0, 0, -45]
						},
						"0.72": {
							"vector": [0, 0, 45]
						},
						"0.8": {
							"vector": [0, 0, -45]
						},
						"0.88": {
							"vector": [0, 0, 45]
						},
						"0.96": {
							"vector": [0, 0, -45]
						},
						"1.04": {
							"vector": [0, 0, 45]
						},
						"1.12": {
							"vector": [0, 0, -45]
						},
						"1.2": {
							"vector": [0, 0, 45]
						},
						"1.28": {
							"vector": [0, 0, -45]
						},
						"1.36": {
							"vector": [0, 0, 45]
						},
						"1.44": {
							"vector": [0, 0, -45]
						},
						"1.52": {
							"vector": [0, 0, 45]
						},
						"1.6": {
							"vector": [0, 0, -45]
						},
						"1.72": {
							"vector": [0, 0, 45]
						},
						"1.8": {
							"vector": [0, 0, -45]
						},
						"1.88": {
							"vector": [0, 0, 45]
						},
						"1.96": {
							"vector": [0, 0, -45]
						},
						"2.04": {
							"vector": [0, 0, 45]
						},
						"2.12": {
							"vector": [0, 0, -45]
						},
						"2.2": {
							"vector": [0, 0, 45]
						},
						"2.28": {
							"vector": [0, 0, -45]
						},
						"2.36": {
							"vector": [0, 0, 45]
						},
						"2.44": {
							"vector": [0, 0, -45]
						},
						"2.52": {
							"vector": [0, 0, 45]
						},
						"2.6": {
							"vector": [0, 0, -45]
						},
						"2.68": {
							"vector": [0, 0, 45]
						},
						"2.76": {
							"vector": [0, 0, -45]
						},
						"2.84": {
							"vector": [0, 0, 45]
						},
						"2.92": {
							"vector": [0, 0, -45]
						},
						"3.0": {
							"vector": [0, 0, 45]
						},
						"3.08": {
							"vector": [0, 0, -45]
						},
						"3.16": {
							"vector": [0, 0, 45]
						},
						"3.24": {
							"vector": [0, 0, -45]
						},
						"3.32": {
							"vector": [0, 0, 45]
						},
						"3.4": {
							"vector": [0, 0, -45]
						},
						"3.48": {
							"vector": [0, 0, 45]
						},
						"3.56": {
							"vector": [0, 0, -45]
						}
					}
				},
				"head5": {
					"rotation": {
						"0.0": {
							"vector": [0, 0, 0]
						},
						"0.44": {
							"vector": [0, 0, -15]
						},
						"1.04": {
							"vector": [0, 0, 20]
						},
						"1.52": {
							"vector": [0, 0, -12.5]
						},
						"1.88": {
							"vector": [-10, 0, -12.5]
						},
						"2.4": {
							"vector": [-9.71783, 1.15408, 14.97766]
						},
						"2.84": {
							"vector": [21.73411, 6.85652, 0.99655]
						},
						"3.32": {
							"vector": [-17.05194, -28.89713, 2.42393]
						},
						"3.56": {
							"vector": [0, 0, 0]
						}
					}
				},
				"feelers5": {
					"rotation": {
						"0.0": {
							"vector": [-20, 0, 0]
						},
						"0.64": {
							"vector": [20, 0, 0]
						},
						"1.36": {
							"vector": [37.5, 0, 0]
						},
						"1.88": {
							"vector": [-30, 0, 0]
						},
						"2.16": {
							"vector": [2.5, 0, 0]
						},
						"2.36": {
							"vector": [-30, 0, 0]
						},
						"3.0": {
							"vector": [30, 0, 0]
						},
						"3.2": {
							"vector": [-20, 0, 0]
						},
						"3.56": {
							"vector": [-20, 0, 0]
						}
					}
				},
				"body10": {
					"rotation": {
						"0.0": {
							"vector": [-15, 0, 0]
						},
						"0.64": {
							"vector": [27.45744, -0.65182, 7.47178]
						},
						"1.32": {
							"vector": [49.95744, -0.65182, 7.47178]
						},
						"2.0": {
							"vector": [19.95744, -0.65182, 7.47178]
						},
						"2.4": {
							"vector": [-7.54256, -0.65182, 7.47178]
						},
						"3.08": {
							"vector": [27.48107, 0.43523, -4.98107]
						},
						"3.56": {
							"vector": [-15, 0, 0]
						}
					}
				},
				"bodyfull5": {
					"rotation": {
						"0.0": {
							"vector": [-15, 0, 0]
						},
						"0.64": {
							"vector": [27.45744, -0.65182, 7.47178]
						},
						"1.32": {
							"vector": [49.95744, -0.65182, 7.47178]
						},
						"2.0": {
							"vector": [19.95744, -0.65182, 7.47178]
						},
						"2.4": {
							"vector": [-7.54256, -0.65182, 7.47178]
						},
						"3.08": {
							"vector": [27.48107, 0.43523, -4.98107]
						},
						"3.56": {
							"vector": [-15, 0, 0]
						}
					}
				},
				"body11": {
					"rotation": {
						"0.0": {
							"vector": [7.29756, -0.94409, 3.83052]
						},
						"0.28": {
							"vector": [20.83888, -0.21834, -17.67455]
						},
						"0.48": {
							"vector": [18.07779, -14.2906, -4.60659],
							"easing": "easeOutSine"
						},
						"0.72": {
							"vector": [0.17544, 14.94159, 1.3378],
							"easing": "easeOutSine"
						},
						"0.88": {
							"vector": [6.14329, 11.33397, 8.27361],
							"easing": "easeOutSine"
						},
						"1.12": {
							"vector": [2.78058, 10.82156, -11.79886],
							"easing": "easeOutSine"
						},
						"1.28": {
							"vector": [10.92994, 9.48172, 5.92994],
							"easing": "easeOutSine"
						},
						"1.48": {
							"vector": [12.13441, 10.1732, -1.64954],
							"easing": "easeOutSine"
						},
						"1.6": {
							"vector": [18.29244, -24.92097, -11.53787]
						},
						"1.8": {
							"vector": [-8.30606, 32.49596, -18.30919],
							"easing": "easeOutSine"
						},
						"1.96": {
							"vector": [7.80234, 14.50187, 6.06768]
						},
						"2.16": {
							"vector": [15.44603, -7.17551, -12.93899],
							"easing": "easeOutSine"
						},
						"2.28": {
							"vector": [14.12137, 12.11837, 2.27372],
							"easing": "easeOutSine"
						},
						"2.48": {
							"vector": [5.07544, -31.60573, 5.53961],
							"easing": "easeOutSine"
						},
						"2.76": {
							"vector": [8.90864, -30.80761, -20.81402],
							"easing": "easeOutSine"
						},
						"3.08": {
							"vector": [11.85657, -14.71956, -25.82482],
							"easing": "easeOutSine"
						},
						"3.36": {
							"vector": [18.17285, 22.40401, 14.6334],
							"easing": "easeOutSine"
						},
						"3.56": {
							"vector": [7.29756, -0.94409, 3.83052]
						}
					},
					"position": {
						"0.0": {
							"vector": [0.34176, 4.94772, -0.63503]
						},
						"0.6": {
							"vector": [0.27, 8.93173, -1.01541]
						},
						"1.04": {
							"vector": [-5.59285, 15.86519, -4.83184]
						},
						"1.6": {
							"vector": [-1.25577, 9.99553, -11.44099]
						},
						"1.96": {
							"vector": [7.02277, 5.65349, -13.20137]
						},
						"2.6": {
							"vector": [6.41284, 10.58173, -13.75622]
						},
						"3.56": {
							"vector": [0.34176, 4.94772, -0.63503]
						}
					}
				},
				"legs16": {
					"rotation": {
						"0.0": {
							"vector": [0, 0, 0]
						},
						"0.8": {
							"vector": [20, 0, 0],
							"easing": "easeOutSine"
						},
						"2.0": {
							"vector": [-7.5, 0, 0],
							"easing": "easeOutSine"
						},
						"3.56": {
							"vector": [0, 0, 0],
							"easing": "easeOutSine"
						}
					}
				},
				"legs17": {
					"rotation": {
						"0.0": {
							"vector": [0, 0, 0]
						},
						"0.8": {
							"vector": [17.5, 0, 0],
							"easing": "easeOutSine"
						},
						"2.0": {
							"vector": [-5, 0, 0],
							"easing": "easeOutSine"
						},
						"3.56": {
							"vector": [0, 0, 0],
							"easing": "easeOutSine"
						}
					}
				},
				"legs18": {
					"rotation": {
						"0.0": {
							"vector": [0, 0, 0]
						},
						"0.8": {
							"vector": [25, 0, 0],
							"easing": "easeOutSine"
						},
						"2.0": {
							"vector": [-2.5, 0, 0],
							"easing": "easeOutSine"
						},
						"3.56": {
							"vector": [0, 0, 0],
							"easing": "easeOutSine"
						}
					}
				},
				"wing11": {
					"rotation": {
						"0.0": {
							"vector": [0, 0, 22.5]
						},
						"0.04": {
							"vector": [0, 0, 45],
							"easing": "easeOutSine"
						},
						"0.08": {
							"vector": [0, 0, -45],
							"easing": "easeOutSine"
						},
						"0.16": {
							"vector": [0, 0, 45],
							"easing": "easeOutSine"
						},
						"0.24": {
							"vector": [0, 0, -45],
							"easing": "easeOutSine"
						},
						"0.32": {
							"vector": [0, 0, 45],
							"easing": "easeOutSine"
						},
						"0.4": {
							"vector": [0, 0, -45],
							"easing": "easeOutSine"
						},
						"0.48": {
							"vector": [0, 0, 45],
							"easing": "easeOutSine"
						},
						"0.56": {
							"vector": [0, 0, -45],
							"easing": "easeOutSine"
						},
						"0.64": {
							"vector": [0, 0, 45],
							"easing": "easeOutSine"
						},
						"0.72": {
							"vector": [0, 0, -45],
							"easing": "easeOutSine"
						},
						"0.8": {
							"vector": [0, 0, 45],
							"easing": "easeOutSine"
						},
						"0.88": {
							"vector": [0, 0, -45],
							"easing": "easeOutSine"
						},
						"0.96": {
							"vector": [0, 0, 45],
							"easing": "easeOutSine"
						},
						"1.04": {
							"vector": [0, 0, -45],
							"easing": "easeOutSine"
						},
						"1.12": {
							"vector": [0, 0, 45],
							"easing": "easeOutSine"
						},
						"1.2": {
							"vector": [0, 0, -45],
							"easing": "easeOutSine"
						},
						"1.28": {
							"vector": [0, 0, 45],
							"easing": "easeOutSine"
						},
						"1.36": {
							"vector": [0, 0, -45],
							"easing": "easeOutSine"
						},
						"1.44": {
							"vector": [0, 0, 45],
							"easing": "easeOutSine"
						},
						"1.52": {
							"vector": [0, 0, -45],
							"easing": "easeOutSine"
						},
						"1.6": {
							"vector": [0, 0, 45],
							"easing": "easeOutSine"
						},
						"1.68": {
							"vector": [0, 0, -45],
							"easing": "easeOutSine"
						},
						"1.76": {
							"vector": [0, 0, 45],
							"easing": "easeOutSine"
						},
						"1.84": {
							"vector": [0, 0, -45],
							"easing": "easeOutSine"
						},
						"1.92": {
							"vector": [0, 0, 45],
							"easing": "easeOutSine"
						},
						"2.0": {
							"vector": [0, 0, -45],
							"easing": "easeOutSine"
						},
						"2.08": {
							"vector": [0, 0, 45],
							"easing": "easeOutSine"
						},
						"2.16": {
							"vector": [0, 0, -45],
							"easing": "easeOutSine"
						},
						"2.24": {
							"vector": [0, 0, 45],
							"easing": "easeOutSine"
						},
						"2.32": {
							"vector": [0, 0, -45],
							"easing": "easeOutSine"
						},
						"2.4": {
							"vector": [0, 0, 45],
							"easing": "easeOutSine"
						},
						"2.48": {
							"vector": [0, 0, -45],
							"easing": "easeOutSine"
						},
						"2.56": {
							"vector": [0, 0, 45],
							"easing": "easeOutSine"
						},
						"2.64": {
							"vector": [0, 0, -45],
							"easing": "easeOutSine"
						},
						"2.72": {
							"vector": [0, 0, 45],
							"easing": "easeOutSine"
						},
						"2.8": {
							"vector": [0, 0, -45],
							"easing": "easeOutSine"
						},
						"2.88": {
							"vector": [0, 0, 45],
							"easing": "easeOutSine"
						},
						"2.96": {
							"vector": [0, 0, -45],
							"easing": "easeOutSine"
						},
						"3.04": {
							"vector": [0, 0, 45],
							"easing": "easeOutSine"
						},
						"3.12": {
							"vector": [0, 0, -45],
							"easing": "easeOutSine"
						},
						"3.2": {
							"vector": [0, 0, 45],
							"easing": "easeOutSine"
						},
						"3.28": {
							"vector": [0, 0, -45],
							"easing": "easeOutSine"
						},
						"3.36": {
							"vector": [0, 0, 45],
							"easing": "easeOutSine"
						},
						"3.44": {
							"vector": [0, 0, -45],
							"easing": "easeOutSine"
						},
						"3.52": {
							"vector": [0, 0, 45],
							"easing": "easeOutSine"
						},
						"3.56": {
							"vector": [0, 0, 22.5],
							"easing": "easeOutSine"
						}
					}
				},
				"wing12": {
					"rotation": {
						"0.0": {
							"vector": [0, 0, -22.5]
						},
						"0.04": {
							"vector": [0, 0, -45],
							"easing": "easeOutSine"
						},
						"0.08": {
							"vector": [0, 0, 45],
							"easing": "easeOutSine"
						},
						"0.16": {
							"vector": [0, 0, -45],
							"easing": "easeOutSine"
						},
						"0.24": {
							"vector": [0, 0, 45],
							"easing": "easeOutSine"
						},
						"0.32": {
							"vector": [0, 0, -45],
							"easing": "easeOutSine"
						},
						"0.4": {
							"vector": [0, 0, 45],
							"easing": "easeOutSine"
						},
						"0.48": {
							"vector": [0, 0, -45],
							"easing": "easeOutSine"
						},
						"0.56": {
							"vector": [0, 0, 45],
							"easing": "easeOutSine"
						},
						"0.64": {
							"vector": [0, 0, -45],
							"easing": "easeOutSine"
						},
						"0.72": {
							"vector": [0, 0, 45],
							"easing": "easeOutSine"
						},
						"0.8": {
							"vector": [0, 0, -45],
							"easing": "easeOutSine"
						},
						"0.88": {
							"vector": [0, 0, 45],
							"easing": "easeOutSine"
						},
						"0.96": {
							"vector": [0, 0, -45],
							"easing": "easeOutSine"
						},
						"1.04": {
							"vector": [0, 0, 45],
							"easing": "easeOutSine"
						},
						"1.12": {
							"vector": [0, 0, -45],
							"easing": "easeOutSine"
						},
						"1.2": {
							"vector": [0, 0, 45],
							"easing": "easeOutSine"
						},
						"1.28": {
							"vector": [0, 0, -45],
							"easing": "easeOutSine"
						},
						"1.36": {
							"vector": [0, 0, 45],
							"easing": "easeOutSine"
						},
						"1.44": {
							"vector": [0, 0, -45],
							"easing": "easeOutSine"
						},
						"1.52": {
							"vector": [0, 0, 45],
							"easing": "easeOutSine"
						},
						"1.6": {
							"vector": [0, 0, -45],
							"easing": "easeOutSine"
						},
						"1.68": {
							"vector": [0, 0, 45],
							"easing": "easeOutSine"
						},
						"1.76": {
							"vector": [0, 0, -45],
							"easing": "easeOutSine"
						},
						"1.84": {
							"vector": [0, 0, 45],
							"easing": "easeOutSine"
						},
						"1.92": {
							"vector": [0, 0, -45],
							"easing": "easeOutSine"
						},
						"2.0": {
							"vector": [0, 0, 45],
							"easing": "easeOutSine"
						},
						"2.08": {
							"vector": [0, 0, -45],
							"easing": "easeOutSine"
						},
						"2.16": {
							"vector": [0, 0, 45],
							"easing": "easeOutSine"
						},
						"2.24": {
							"vector": [0, 0, -45],
							"easing": "easeOutSine"
						},
						"2.32": {
							"vector": [0, 0, 45],
							"easing": "easeOutSine"
						},
						"2.4": {
							"vector": [0, 0, -45],
							"easing": "easeOutSine"
						},
						"2.48": {
							"vector": [0, 0, 45],
							"easing": "easeOutSine"
						},
						"2.56": {
							"vector": [0, 0, -45],
							"easing": "easeOutSine"
						},
						"2.64": {
							"vector": [0, 0, 45],
							"easing": "easeOutSine"
						},
						"2.72": {
							"vector": [0, 0, -45],
							"easing": "easeOutSine"
						},
						"2.8": {
							"vector": [0, 0, 45],
							"easing": "easeOutSine"
						},
						"2.88": {
							"vector": [0, 0, -45],
							"easing": "easeOutSine"
						},
						"2.96": {
							"vector": [0, 0, 45],
							"easing": "easeOutSine"
						},
						"3.04": {
							"vector": [0, 0, -45],
							"easing": "easeOutSine"
						},
						"3.12": {
							"vector": [0, 0, 45],
							"easing": "easeOutSine"
						},
						"3.2": {
							"vector": [0, 0, -45],
							"easing": "easeOutSine"
						},
						"3.28": {
							"vector": [0, 0, 45],
							"easing": "easeOutSine"
						},
						"3.36": {
							"vector": [0, 0, -45],
							"easing": "easeOutSine"
						},
						"3.44": {
							"vector": [0, 0, 45],
							"easing": "easeOutSine"
						},
						"3.52": {
							"vector": [0, 0, -45],
							"easing": "easeOutSine"
						},
						"3.56": {
							"vector": [0, 0, -22.5],
							"easing": "easeOutSine"
						}
					}
				},
				"head6": {
					"rotation": {
						"0.0": {
							"vector": [0, -7.5, 0]
						},
						"0.4": {
							"vector": [-12.5, 0, 0],
							"easing": "easeOutSine"
						},
						"0.8": {
							"vector": [-6.8822, -15.03234, -2.23467]
						},
						"0.88": {
							"vector": [1.04654, -19.84293, -3.66407]
						},
						"1.12": {
							"vector": [-2.68644, 14.22221, -10.48845],
							"easing": "easeOutSine"
						},
						"1.36": {
							"vector": [-4.62449, 10.35285, -22.63215],
							"easing": "easeOutSine"
						},
						"1.8": {
							"vector": [-8.36042, 8.46151, 0.09901],
							"easing": "easeOutSine"
						},
						"2.0": {
							"vector": [4.13958, 8.46151, 0.09901],
							"easing": "easeOutSine"
						},
						"2.28": {
							"vector": [4.0534, -7.21101, -7.71191],
							"easing": "easeOutSine"
						},
						"2.64": {
							"vector": [-3.58793, 2.2477, -4.45972],
							"easing": "easeOutSine"
						},
						"3.0": {
							"vector": [-21.49984, 2.45873, -14.46596],
							"easing": "easeOutSine"
						},
						"3.2": {
							"vector": [-37.28595, 2.64561, -31.98248],
							"easing": "easeOutSine"
						},
						"3.56": {
							"vector": [0, -7.5, 0],
							"easing": "easeOutSine"
						}
					}
				},
				"feelers6": {
					"rotation": {
						"0.0": {
							"vector": [-27.5, 0, 0]
						},
						"0.48": {
							"vector": [-45, 0, 0],
							"easing": "easeOutSine"
						},
						"0.84": {
							"vector": [-2.5, 0, 0],
							"easing": "easeOutSine"
						},
						"1.04": {
							"vector": [-35, 0, 0],
							"easing": "easeOutSine"
						},
						"1.24": {
							"vector": [17.5, 0, 0],
							"easing": "easeOutSine"
						},
						"1.48": {
							"vector": [-17.5, 0, 0],
							"easing": "easeOutSine"
						},
						"1.84": {
							"vector": [35, 0, 0],
							"easing": "easeOutSine"
						},
						"2.2": {
							"vector": [25, 0, 0],
							"easing": "easeOutSine"
						},
						"2.4": {
							"vector": [40, 0, 0],
							"easing": "easeOutSine"
						},
						"2.68": {
							"vector": [-2.5, 0, 0],
							"easing": "easeOutSine"
						},
						"2.88": {
							"vector": [22.5, 0, 0],
							"easing": "easeOutSine"
						},
						"3.16": {
							"vector": [-17.5, 0, 0],
							"easing": "easeOutSine"
						},
						"3.56": {
							"vector": [-27.5, 0, 0],
							"easing": "easeOutSine"
						}
					}
				},
				"body12": {
					"rotation": {
						"0.0": {
							"vector": [0, 0, 0]
						},
						"0.2": {
							"vector": [10, 0, 25],
							"easing": "easeOutSine"
						},
						"0.48": {
							"vector": [-20, 0, 25],
							"easing": "easeOutSine"
						},
						"0.72": {
							"vector": [22.5, 0, 25],
							"easing": "easeOutSine"
						},
						"0.88": {
							"vector": [22.5, 0, 32.5],
							"easing": "easeOutSine"
						},
						"1.08": {
							"vector": [22.5, 0, -20],
							"easing": "easeOutSine"
						},
						"1.24": {
							"vector": [22.5, 0, 12.5],
							"easing": "easeOutSine"
						},
						"1.6": {
							"vector": [52.5, 0, 12.5],
							"easing": "easeOutSine"
						},
						"1.92": {
							"vector": [51.64743, 7.43547, -0.56431],
							"easing": "easeOutSine"
						},
						"2.2": {
							"vector": [51.33844, -8.64738, 27.77269],
							"easing": "easeOutSine"
						},
						"2.56": {
							"vector": [50.12113, 12.19908, -9.49054],
							"easing": "easeOutSine"
						},
						"2.84": {
							"vector": [50.57555, -11.0311, 32.2339],
							"easing": "easeOutSine"
						},
						"3.24": {
							"vector": [52.12165, -4.98093, 21.1822],
							"easing": "easeOutSine"
						},
						"3.4": {
							"vector": [47.10981, 17.72091, -21.10502],
							"easing": "easeOutSine"
						},
						"3.56": {
							"vector": [0, 0, 0],
							"easing": "easeOutSine"
						}
					}
				},
				"bodyfull6": {
					"rotation": {
						"0.0": {
							"vector": [0, 0, 0]
						},
						"0.2": {
							"vector": [10, 0, 25],
							"easing": "easeOutSine"
						},
						"0.48": {
							"vector": [-20, 0, 25],
							"easing": "easeOutSine"
						},
						"0.72": {
							"vector": [22.5, 0, 25],
							"easing": "easeOutSine"
						},
						"0.88": {
							"vector": [22.5, 0, 32.5],
							"easing": "easeOutSine"
						},
						"1.08": {
							"vector": [22.5, 0, -20],
							"easing": "easeOutSine"
						},
						"1.24": {
							"vector": [22.5, 0, 12.5],
							"easing": "easeOutSine"
						},
						"1.6": {
							"vector": [52.5, 0, 12.5],
							"easing": "easeOutSine"
						},
						"1.92": {
							"vector": [51.64743, 7.43547, -0.56431],
							"easing": "easeOutSine"
						},
						"2.2": {
							"vector": [51.33844, -8.64738, 27.77269],
							"easing": "easeOutSine"
						},
						"2.56": {
							"vector": [50.12113, 12.19908, -9.49054],
							"easing": "easeOutSine"
						},
						"2.84": {
							"vector": [50.57555, -11.0311, 32.2339],
							"easing": "easeOutSine"
						},
						"3.24": {
							"vector": [52.12165, -4.98093, 21.1822],
							"easing": "easeOutSine"
						},
						"3.4": {
							"vector": [47.10981, 17.72091, -21.10502],
							"easing": "easeOutSine"
						},
						"3.56": {
							"vector": [0, 0, 0],
							"easing": "easeOutSine"
						}
					}
				}
			}
		}
	},
	"geckolib_format_version": 2
}