{
	"format_version": "1.8.0",
	"animations": {
		"animation.vicious.idle": {
			"loop": true,
			"animation_length": 4.08,
			"bones": {
				"body1": {
					"rotation": {
						"0.0": {
							"post": {
								"vector": [0, 0, 0]
							},
							"lerp_mode": "catmullrom"
						},
						"2.16": {
							"post": {
								"vector": [5, 0, 0]
							},
							"lerp_mode": "catmullrom"
						},
						"4.08": {
							"post": {
								"vector": [0, 0, 0]
							},
							"lerp_mode": "catmullrom"
						}
					},
					"position": {
						"0.0": {
							"post": {
								"vector": [0, 0, 0]
							},
							"lerp_mode": "catmullrom"
						},
						"2.16": {
							"post": {
								"vector": [0, 0.25, 0.75]
							},
							"lerp_mode": "catmullrom"
						},
						"4.08": {
							"post": {
								"vector": [0, 0, 0]
							},
							"lerp_mode": "catmullrom"
						}
					}
				},
				"legleft1": {
					"rotation": {
						"0.0": {
							"post": {
								"vector": [0, 0, 0]
							},
							"lerp_mode": "catmullrom"
						},
						"2.16": {
							"post": {
								"vector": [-7.5, 0, 0]
							},
							"lerp_mode": "catmullrom"
						},
						"4.08": {
							"post": {
								"vector": [0, 0, 0]
							},
							"lerp_mode": "catmullrom"
						}
					}
				},
				"legright1": {
					"rotation": {
						"0.0": {
							"post": {
								"vector": [0, 0, 0]
							},
							"lerp_mode": "catmullrom"
						},
						"2.16": {
							"post": {
								"vector": [-10, 0, 0]
							},
							"lerp_mode": "catmullrom"
						},
						"4.08": {
							"post": {
								"vector": [0, 0, 0]
							},
							"lerp_mode": "catmullrom"
						}
					}
				},
				"head1": {
					"rotation": {
						"0.0": {
							"post": {
								"vector": [-7.5, 0, 0]
							},
							"lerp_mode": "catmullrom"
						},
						"1.0": {
							"post": {
								"vector": [-16.44, 0, 0]
							},
							"lerp_mode": "catmullrom"
						},
						"2.16": {
							"post": {
								"vector": [5, 0, 0]
							},
							"lerp_mode": "catmullrom"
						},
						"2.8": {
							"post": {
								"vector": [13.33, 0, 0]
							},
							"lerp_mode": "catmullrom"
						},
						"4.08": {
							"post": {
								"vector": [-7.5, 0, 0]
							},
							"lerp_mode": "catmullrom"
						}
					}
				},
				"armleft2": {
					"rotation": {
						"0.0": {
							"post": {
								"vector": [0, 0, 0]
							},
							"lerp_mode": "catmullrom"
						},
						"1.56": {
							"post": {
								"vector": [5.9375, 0, -4.0625]
							},
							"lerp_mode": "catmullrom"
						},
						"1.92": {
							"post": {
								"vector": [-5, 0, -5]
							},
							"lerp_mode": "catmullrom"
						},
						"4.08": {
							"post": {
								"vector": [0, 0, 0]
							},
							"lerp_mode": "catmullrom"
						}
					}
				},
				"armright2": {
					"rotation": {
						"0.0": {
							"post": {
								"vector": [0, 0, 0]
							},
							"lerp_mode": "catmullrom"
						},
						"0.88": {
							"post": {
								"vector": [6.24676, 0.32575, 1.47131]
							},
							"lerp_mode": "catmullrom"
						},
						"2.92": {
							"post": {
								"vector": [-12.45392, 1.08089, 4.88206]
							},
							"lerp_mode": "catmullrom"
						},
						"4.08": {
							"post": {
								"vector": [0, 0, 0]
							},
							"lerp_mode": "catmullrom"
						}
					}
				}
			}
		},
		"animation.vicious.walk": {
			"loop": true,
			"animation_length": 0.84,
			"bones": {
				"body1": {
					"rotation": {
						"0.0": {
							"vector": [0, 0, -2.5]
						},
						"0.4": {
							"vector": [0, 0, 2.5]
						},
						"0.84": {
							"vector": [0, 0, -2.5]
						}
					},
					"position": {
						"0.0": {
							"vector": [-1, 0, 0]
						},
						"0.4": {
							"vector": [1, 0, 0]
						},
						"0.84": {
							"vector": [-1, 0, 0]
						}
					}
				},
				"legleft1": {
					"rotation": {
						"0.0": {
							"post": {
								"vector": [-22.5, 0, 0]
							},
							"lerp_mode": "catmullrom"
						},
						"0.32": {
							"post": {
								"vector": [22.5, 0, 0]
							},
							"lerp_mode": "catmullrom"
						},
						"0.84": {
							"post": {
								"vector": [-22.5, 0, 0]
							},
							"lerp_mode": "catmullrom"
						}
					}
				},
				"legright1": {
					"rotation": {
						"0.0": {
							"post": {
								"vector": [22.5, 0, 0]
							},
							"lerp_mode": "catmullrom"
						},
						"0.32": {
							"post": {
								"vector": [-22.5, 0, 0]
							},
							"lerp_mode": "catmullrom"
						},
						"0.84": {
							"post": {
								"vector": [22.5, 0, 0]
							},
							"lerp_mode": "catmullrom"
						}
					}
				},
				"head1": {
					"rotation": {
						"0.0": {
							"vector": [0, 0, 5]
						},
						"0.28": {
							"vector": [0, 0, -5]
						},
						"0.84": {
							"vector": [0, 0, 5]
						}
					}
				},
				"armleft2": {
					"rotation": {
						"0.0": {
							"post": {
								"vector": [10.19, 0, 0]
							},
							"lerp_mode": "catmullrom"
						},
						"0.48": {
							"post": {
								"vector": [-12.5, 0, 0]
							},
							"lerp_mode": "catmullrom"
						},
						"0.84": {
							"post": {
								"vector": [10.19, 0, 0]
							},
							"lerp_mode": "catmullrom"
						}
					}
				},
				"armright2": {
					"rotation": {
						"0.0": {
							"post": {
								"vector": [-14.5, 0, 0]
							},
							"lerp_mode": "catmullrom"
						},
						"0.4": {
							"post": {
								"vector": [15, 0, 0]
							},
							"lerp_mode": "catmullrom"
						},
						"0.84": {
							"post": {
								"vector": [-14.5, 0, 0]
							},
							"lerp_mode": "catmullrom"
						}
					}
				}
			}
		},
		"animation.vicious.aggression": {
			"loop": true,
			"animation_length": 0.64,
			"bones": {
				"armleft2": {
					"rotation": {
						"0.0": {
							"post": {
								"vector": [7.1587, 45.34359, -7.35263]
							},
							"lerp_mode": "catmullrom"
						},
						"0.24": {
							"post": {
								"vector": [-60.00093, -11.34613, -30.84691]
							},
							"lerp_mode": "catmullrom"
						},
						"0.48": {
							"post": {
								"vector": [-63.00676, 39.54637, -81.4841]
							},
							"lerp_mode": "catmullrom"
						},
						"0.68": {
							"post": {
								"vector": [7.1587, 45.34359, -7.35263]
							},
							"lerp_mode": "catmullrom"
						}
					}
				},
				"armright2": {
					"rotation": {
						"0.0": {
							"post": {
								"vector": [-52.7, 1.75176, 45.71672]
							},
							"lerp_mode": "catmullrom"
						},
						"0.16": {
							"post": {
								"vector": [-7.75824, -24.59471, 0.30787]
							},
							"lerp_mode": "catmullrom"
						},
						"0.4": {
							"post": {
								"vector": [30.31154, -47.96746, -4.40787]
							},
							"lerp_mode": "catmullrom"
						},
						"0.68": {
							"post": {
								"vector": [-52.7, 1.75176, 45.71672]
							},
							"lerp_mode": "catmullrom"
						}
					}
				},
				"body1": {
					"rotation": {
						"0.0": {
							"vector": [10, 0, -2.5]
						},
						"0.28": {
							"vector": [9.91615, -1.29876, 4.88733]
						},
						"0.64": {
							"vector": [10, 0, -2.5]
						}
					},
					"position": {
						"0.0": {
							"vector": [-1, -1, -3]
						},
						"0.16": {
							"vector": [0.43, 0.71, -3]
						},
						"0.28": {
							"vector": [1, -1, -3]
						},
						"0.52": {
							"vector": [-0.33, 0.33, -3]
						},
						"0.64": {
							"vector": [-1, -1, -3]
						}
					}
				},
				"head1": {
					"rotation": {
						"0.0": {
							"vector": [0, 0, 12.5]
						},
						"0.16": {
							"vector": [-17.5, 0, -5]
						},
						"0.32": {
							"vector": [-4.18253, -4.98675, 1.19754]
						},
						"0.52": {
							"vector": [-11.39949, -1.9996, 3.2604]
						},
						"0.64": {
							"vector": [0, 0, 12.5]
						}
					}
				},
				"legleft1": {
					"rotation": {
						"0.0": {
							"post": {
								"vector": [-22.5, 0, 0]
							},
							"lerp_mode": "catmullrom"
						},
						"0.36": {
							"post": {
								"vector": [37.5, 0, 0]
							},
							"lerp_mode": "catmullrom"
						},
						"0.64": {
							"post": {
								"vector": [-22.5, 0, 0]
							},
							"lerp_mode": "catmullrom"
						}
					}
				},
				"legright1": {
					"rotation": {
						"0.0": {
							"post": {
								"vector": [42.5, 0, 0]
							},
							"lerp_mode": "catmullrom"
						},
						"0.28": {
							"post": {
								"vector": [-22.5, 0, 0]
							},
							"lerp_mode": "catmullrom"
						},
						"0.64": {
							"post": {
								"vector": [42.5, 0, 0]
							},
							"lerp_mode": "catmullrom"
						}
					}
				}
			}
		},
		"animation.vicious.attack": {
			"animation_length": 0.32,
			"bones": {
				"armleft2": {
					"rotation": {
						"0.0": {
							"post": {
								"vector": [-104.28994, -6.85939, 46.83193]
							},
							"lerp_mode": "catmullrom"
						},
						"0.08": {
							"post": {
								"vector": [-20.85799, -1.37188, -5.63361]
							},
							"lerp_mode": "catmullrom"
						},
						"0.32": {
							"post": {
								"vector": [0, 0, 0]
							},
							"lerp_mode": "catmullrom"
						}
					}
				},
				"armright2": {
					"rotation": {
						"0.0": {
							"post": {
								"vector": [-100.62807, 3.53196, -45.45499]
							},
							"lerp_mode": "catmullrom"
						},
						"0.08": {
							"post": {
								"vector": [-20.12561, 0.70639, 0.909]
							},
							"lerp_mode": "catmullrom"
						},
						"0.32": {
							"post": {
								"vector": [0, 0, 0]
							},
							"lerp_mode": "catmullrom"
						}
					}
				}
			}
		},
		"animation.vicious.blast": {
			"animation_length": 5.56,
			"bones": {
				"head1": {
					"rotation": {
						"0.0": {
							"post": {
								"vector": [0, 0, 0]
							},
							"lerp_mode": "catmullrom"
						},
						"0.28": {
							"post": {
								"vector": [15, 0, 0]
							},
							"lerp_mode": "catmullrom"
						},
						"4.36": {
							"post": {
								"vector": [-52.5, 0, 0]
							},
							"lerp_mode": "catmullrom"
						},
						"4.68": {
							"post": {
								"vector": [-72.5, 0, 0]
							},
							"lerp_mode": "catmullrom"
						},
						"5.04": {
							"post": {
								"vector": [-85, 0, 0]
							},
							"lerp_mode": "catmullrom"
						},
						"5.16": {
							"post": {
								"vector": [27.5, 0, 0]
							},
							"lerp_mode": "catmullrom"
						},
						"5.56": {
							"post": {
								"vector": [0, 0, 0]
							},
							"lerp_mode": "catmullrom"
						}
					}
				},
				"armleft2": {
					"rotation": {
						"0.0": {
							"post": {
								"vector": [0, 0, 0]
							},
							"lerp_mode": "catmullrom"
						},
						"3.28": {
							"post": {
								"vector": [0, 0, -23.65]
							},
							"lerp_mode": "catmullrom"
						},
						"3.64": {
							"post": {
								"vector": [0, 0, -29.56]
							},
							"lerp_mode": "catmullrom"
						},
						"3.92": {
							"post": {
								"vector": [0, 0, -23.65]
							},
							"lerp_mode": "catmullrom"
						},
						"4.08": {
							"post": {
								"vector": [0, 0, -29.56]
							},
							"lerp_mode": "catmullrom"
						},
						"4.2": {
							"post": {
								"vector": [0, 0, -23.65]
							},
							"lerp_mode": "catmullrom"
						},
						"4.28": {
							"post": {
								"vector": [0, 0, -29.56]
							},
							"lerp_mode": "catmullrom"
						},
						"4.36": {
							"post": {
								"vector": [0, 0, -30]
							},
							"lerp_mode": "catmullrom"
						},
						"4.72": {
							"post": {
								"vector": [0, 0, -57.5]
							},
							"lerp_mode": "catmullrom"
						},
						"5.12": {
							"post": {
								"vector": [0, 0, -85]
							},
							"lerp_mode": "catmullrom"
						},
						"5.24": {
							"post": {
								"vector": [0, 0, -10]
							},
							"lerp_mode": "catmullrom"
						},
						"5.32": {
							"post": {
								"vector": [0, 0, -17.5]
							},
							"lerp_mode": "catmullrom"
						},
						"5.56": {
							"post": {
								"vector": [0, 0, 0]
							},
							"lerp_mode": "catmullrom"
						}
					}
				},
				"armright2": {
					"rotation": {
						"0.0": {
							"post": {
								"vector": [0, 0, 0]
							},
							"lerp_mode": "catmullrom"
						},
						"3.28": {
							"post": {
								"vector": [-0.62229, 0.54587, 25.98562]
							},
							"lerp_mode": "catmullrom"
						},
						"3.64": {
							"post": {
								"vector": [-0.58003, 0.61461, 31.94244]
							},
							"lerp_mode": "catmullrom"
						},
						"3.92": {
							"post": {
								"vector": [-0.62229, 0.54587, 25.98562]
							},
							"lerp_mode": "catmullrom"
						},
						"4.08": {
							"post": {
								"vector": [-0.58003, 0.61461, 31.94244]
							},
							"lerp_mode": "catmullrom"
						},
						"4.2": {
							"post": {
								"vector": [-0.62229, 0.54587, 25.98562]
							},
							"lerp_mode": "catmullrom"
						},
						"4.28": {
							"post": {
								"vector": [-0.58003, 0.61461, 31.94244]
							},
							"lerp_mode": "catmullrom"
						},
						"4.36": {
							"post": {
								"vector": [-0.686, 0.65686, 32.68347]
							},
							"lerp_mode": "catmullrom"
						},
						"4.72": {
							"post": {
								"vector": [-0.3824, 0.86937, 55.18451]
							},
							"lerp_mode": "catmullrom"
						},
						"5.12": {
							"post": {
								"vector": [0.22591, 0.9225, 92.68923]
							},
							"lerp_mode": "catmullrom"
						},
						"5.24": {
							"post": {
								"vector": [-0.85176, 0.42018, 15.18428]
							},
							"lerp_mode": "catmullrom"
						},
						"5.32": {
							"post": {
								"vector": [-0.76586, 0.5617, 25.18365]
							},
							"lerp_mode": "catmullrom"
						},
						"5.56": {
							"post": {
								"vector": [0, 0, 0]
							},
							"lerp_mode": "catmullrom"
						}
					}
				},
				"sphere1": {
					"rotation": {
						"0.0": {
							"post": {
								"vector": [0, 0, 0]
							},
							"lerp_mode": "catmullrom"
						},
						"4.36": {
							"post": {
								"vector": [720, 720, 720]
							},
							"lerp_mode": "catmullrom"
						},
						"5.16": {
							"post": {
								"vector": [0, 0, 0]
							},
							"lerp_mode": "catmullrom"
						},
						"5.24": {
							"post": {
								"vector": [720, 720, 720]
							},
							"lerp_mode": "catmullrom"
						},
						"5.56": {
							"post": {
								"vector": [0, 0, 0]
							},
							"lerp_mode": "catmullrom"
						}
					},
					"position": {
						"0.0": {
							"post": {
								"vector": [0, 0, 0]
							},
							"lerp_mode": "catmullrom"
						},
						"5.04": {
							"post": {
								"vector": [0, -7, 0]
							},
							"lerp_mode": "catmullrom"
						},
						"5.16": {
							"post": {
								"vector": [0, -3, -4]
							},
							"lerp_mode": "catmullrom"
						},
						"5.56": {
							"post": {
								"vector": [0, 0, 0]
							},
							"lerp_mode": "catmullrom"
						}
					},
					"scale": {
						"0.0": {
							"post": {
								"vector": [1, 1, 1]
							},
							"lerp_mode": "catmullrom"
						},
						"5.04": {
							"post": {
								"vector": [4, 4, 4]
							},
							"lerp_mode": "catmullrom"
						},
						"5.16": {
							"post": {
								"vector": [8, 8, 8]
							},
							"lerp_mode": "catmullrom"
						},
						"5.24": {
							"post": {
								"vector": [0, 0, 0]
							},
							"lerp_mode": "catmullrom"
						},
						"5.56": {
							"post": {
								"vector": [1, 1, 1]
							},
							"lerp_mode": "catmullrom"
						}
					}
				},
				"sphere2": {
					"rotation": {
						"0.0": {
							"post": {
								"vector": [0, 0, 0]
							},
							"lerp_mode": "catmullrom"
						},
						"3.72": {
							"post": {
								"vector": [-360, -360, -360]
							},
							"lerp_mode": "catmullrom"
						},
						"4.36": {
							"post": {
								"vector": [0, 0, 0]
							},
							"lerp_mode": "catmullrom"
						},
						"5.56": {
							"post": {
								"vector": [0, 0, 0]
							},
							"lerp_mode": "catmullrom"
						}
					},
					"scale": {
						"0.0": {
							"post": {
								"vector": [1, 1, 1]
							},
							"lerp_mode": "catmullrom"
						},
						"1.16": {
							"post": {
								"vector": [1, 1, 1]
							},
							"lerp_mode": "catmullrom"
						},
						"1.36": {
							"post": {
								"vector": [1.2, 1.2, 1.2]
							},
							"lerp_mode": "catmullrom"
						},
						"1.6": {
							"post": {
								"vector": [1, 1, 1]
							},
							"lerp_mode": "catmullrom"
						},
						"1.96": {
							"post": {
								"vector": [1.2, 1.2, 1.2]
							},
							"lerp_mode": "catmullrom"
						},
						"2.24": {
							"post": {
								"vector": [1, 1, 1]
							},
							"lerp_mode": "catmullrom"
						},
						"2.8": {
							"post": {
								"vector": [1, 1, 1]
							},
							"lerp_mode": "catmullrom"
						},
						"4.36": {
							"post": {
								"vector": [1.3, 1.3, 1.3]
							},
							"lerp_mode": "catmullrom"
						},
						"5.56": {
							"post": {
								"vector": [1, 1, 1]
							},
							"lerp_mode": "catmullrom"
						}
					}
				}
			}
		}
	},
	"geckolib_format_version": 2
}