{
	"format_version": "1.8.0",
	"animations": {
		"animation.wild_spirit.idle": {
			"loop": true,
			"animation_length": 4,
			"bones": {
				"body1": {
					"rotation": {
						"0.0": {
							"vector": [5, 0, 0]
						},
						"1.8": {
							"vector": [12.5, 0, 0],
							"easing": "easeInOutSine"
						},
						"4.0": {
							"vector": [5, 0, 0],
							"easing": "easeInOutSine"
						}
					},
					"position": {
						"0.0": {
							"vector": [0, 2, 0]
						},
						"2.0": {
							"vector": [0, 6, 0],
							"easing": "easeInOutSine"
						},
						"4.0": {
							"vector": [0, 2, 0]
						}
					}
				},
				"headmain1": {
					"rotation": {
						"0.0": {
							"vector": [0, 0, 0]
						},
						"0.96": {
							"vector": [-7.5, 0, 0],
							"easing": "easeInOutSine"
						},
						"1.72": {
							"vector": [5, 0, 0],
							"easing": "easeInOutSine"
						},
						"2.6": {
							"vector": [-12.5, 0, 0],
							"easing": "easeInOutSine"
						},
						"3.28": {
							"vector": [-22.5, 0, 0],
							"easing": "easeInOutSine"
						},
						"4.0": {
							"vector": [0, 0, 0],
							"easing": "easeInOutSine"
						}
					},
					"position": {
						"vector": [0, 0, 0]
					}
				},
				"head1": {
					"rotation": {
						"0.0": {
							"vector": [0, 0, 0]
						},
						"2.2": {
							"vector": [0, 0, -7.5],
							"easing": "easeInOutSine"
						},
						"4.0": {
							"vector": [0, 0, 0],
							"easing": "easeInOutSine"
						}
					}
				},
				"jaw1": {
					"rotation": {
						"0.0": {
							"vector": [0, 0, 0]
						},
						"1.64": {
							"vector": [-24.52161, 2.59772, -5.51034]
						},
						"2.12": {
							"vector": [-27.73667, 2.40863, -4.56331]
						},
						"3.08": {
							"vector": [0, 0, 7.5],
							"easing": "easeInOutSine"
						},
						"4.0": {
							"vector": [0, 0, 0],
							"easing": "easeInOutSine"
						}
					}
				},
				"armleft1": {
					"rotation": {
						"0.0": {
							"vector": [0, 0, 0]
						},
						"0.68": {
							"vector": [0, 0, -27.5],
							"easing": "easeInOutSine"
						},
						"1.0": {
							"vector": [0, 0, 22.5],
							"easing": "easeInOutSine"
						},
						"1.16": {
							"vector": [0, 0, 12.5],
							"easing": "easeInOutSine"
						},
						"1.4": {
							"vector": [0, 0, -7.5],
							"easing": "easeInOutSine"
						},
						"1.6": {
							"vector": [0, 0, 2.5],
							"easing": "easeInOutSine"
						},
						"2.4": {
							"vector": [0, 0, -15],
							"easing": "easeInOutSine"
						},
						"4.0": {
							"vector": [0, 0, 0],
							"easing": "easeInOutSine"
						}
					}
				},
				"armright1": {
					"rotation": {
						"0.0": {
							"vector": [0, 0, 0]
						},
						"2.64": {
							"vector": [0, 0, -17.5],
							"easing": "easeInOutSine"
						},
						"2.96": {
							"vector": [0, 0, 25],
							"easing": "easeInOutSine"
						},
						"3.16": {
							"vector": [0, 0, -17.5],
							"easing": "easeInOutSine"
						},
						"3.4": {
							"vector": [0, 0, 22.5],
							"easing": "easeInOutSine"
						},
						"3.6": {
							"vector": [0, 0, -10],
							"easing": "easeInOutSine"
						},
						"4.0": {
							"vector": [0, 0, 0],
							"easing": "easeInOutSine"
						}
					}
				},
				"tail1": {
					"rotation": {
						"0.0": {
							"vector": [0, 0, 0]
						},
						"1.32": {
							"vector": [-12.5, 0, 0],
							"easing": "easeInOutSine"
						},
						"2.0": {
							"vector": [-7.5, 0, 0],
							"easing": "easeInOutSine"
						},
						"2.44": {
							"vector": [10, 0, 0],
							"easing": "easeInOutSine"
						},
						"3.4": {
							"vector": [17.5, 0, 0],
							"easing": "easeInOutSine"
						},
						"4.0": {
							"vector": [0, 0, 0],
							"easing": "easeInOutSine"
						}
					}
				},
				"armleft2": {
					"rotation": {
						"0.0": {
							"vector": [0, 0, 0]
						},
						"0.84": {
							"vector": [0, 0, -1.71],
							"easing": "easeInOutSine"
						},
						"1.52": {
							"vector": [0, 0, -27.5],
							"easing": "easeInOutSine"
						},
						"1.76": {
							"vector": [0, 0, 22.5],
							"easing": "easeInOutSine"
						},
						"2.0": {
							"vector": [0, 0, 25],
							"easing": "easeInOutSine"
						},
						"2.16": {
							"vector": [0, 0, -5],
							"easing": "easeInOutSine"
						},
						"2.28": {
							"vector": [0, 0, 7.5],
							"easing": "easeInOutSine"
						},
						"2.72": {
							"vector": [0, 0, -27.5],
							"easing": "easeInOutSine"
						},
						"3.2": {
							"vector": [0, 0, -41.89],
							"easing": "easeInOutSine"
						},
						"3.44": {
							"vector": [0, 0, 23.18],
							"easing": "easeInOutSine"
						},
						"3.64": {
							"vector": [0, 0, -7.6],
							"easing": "easeInOutSine"
						},
						"3.8": {
							"vector": [0, 0, 13.28],
							"easing": "easeInOutSine"
						},
						"4.0": {
							"vector": [0, 0, 0],
							"easing": "easeInOutSine"
						}
					}
				},
				"armright2": {
					"rotation": {
						"0.0": {
							"vector": [0, 0, 0]
						},
						"0.32": {
							"vector": [0, 0, -32.5],
							"easing": "easeInOutSine"
						},
						"0.56": {
							"vector": [0, 0, 0],
							"easing": "easeInOutSine"
						},
						"0.76": {
							"vector": [0, 0, -35],
							"easing": "easeInOutSine"
						},
						"0.96": {
							"vector": [0, 0, -10],
							"easing": "easeInOutSine"
						},
						"1.08": {
							"vector": [0, 0, -47.5],
							"easing": "easeInOutSine"
						},
						"2.12": {
							"vector": [0, 0, 7.5],
							"easing": "easeInOutSine"
						},
						"4.0": {
							"vector": [0, 0, 0],
							"easing": "easeInOutSine"
						}
					}
				}
			}
		},
		"animation.wild_spirit.fly": {
			"loop": true,
			"animation_length": 1,
			"bones": {
				"body1": {
					"rotation": {
						"0.16": {
							"vector": [-2.5, 0, 0]
						},
						"0.6": {
							"vector": [23.33, 0, 0]
						},
						"1.0": {
							"vector": [-2.5, 0, 0],
							"easing": "easeInOutSine"
						}
					},
					"position": {
						"0.0": {
							"vector": [0, 1, 0]
						},
						"0.48": {
							"vector": [0, 4, 0],
							"easing": "easeInOutSine"
						},
						"0.84": {
							"vector": [0, 1, 0],
							"easing": "easeInOutSine"
						}
					}
				},
				"headmain1": {
					"rotation": {
						"0.0": {
							"vector": [0, 0, 0]
						},
						"0.12": {
							"vector": [0, 0, 10]
						},
						"0.16": {
							"vector": [0, 0, 0]
						},
						"0.24": {
							"vector": [-10, 0, 5]
						},
						"0.36": {
							"vector": [0, 0, 12.5]
						},
						"0.4": {
							"vector": [-12.5, 0, 0]
						},
						"0.44": {
							"vector": [6.78571, 0, -1.42857]
						},
						"0.52": {
							"vector": [12.02381, 0, -4.28571]
						},
						"0.68": {
							"vector": [-27.5, 0, -10]
						},
						"0.84": {
							"vector": [0, 0, 0]
						},
						"1.0": {
							"vector": [0, 0, 0]
						}
					}
				},
				"head1": {
					"rotation": {
						"0.0": {
							"vector": [0, 0, 0]
						},
						"0.48": {
							"vector": [-5, 0, 0]
						},
						"0.6": {
							"vector": [-7.5, 0, 0]
						},
						"0.68": {
							"vector": [27.5, 0, 0]
						},
						"1.0": {
							"vector": [0, 0, 0]
						}
					}
				},
				"jaw1": {
					"rotation": {
						"0.0": {
							"vector": [0, 0, 0]
						},
						"0.48": {
							"vector": [25, 0, 0]
						},
						"0.6": {
							"vector": [30, 0, 0]
						},
						"0.68": {
							"vector": [-12.5, 0, 0]
						},
						"1.0": {
							"vector": [0, 0, 0]
						}
					}
				},
				"armleft1": {
					"rotation": {
						"0.0": {
							"vector": [0, 0, 0]
						},
						"0.56": {
							"vector": [0, 0, -37.5]
						},
						"0.68": {
							"vector": [40, 0, -27.27273]
						},
						"1.0": {
							"vector": [0, 0, 0]
						}
					}
				},
				"armright1": {
					"rotation": {
						"0.0": {
							"vector": [0, 0, 0]
						},
						"0.44": {
							"vector": [0, 0, 37.5]
						},
						"0.6": {
							"vector": [27.5, 0, 26.78571]
						},
						"1.0": {
							"vector": [0, 0, 0]
						}
					}
				},
				"tail1": {
					"rotation": {
						"0.0": {
							"vector": [0, 0, 0]
						},
						"0.24": {
							"vector": [-17.5, 0, 0],
							"easing": "easeInOutSine"
						},
						"0.52": {
							"vector": [-25, 0, 0],
							"easing": "easeInOutSine"
						},
						"0.8": {
							"vector": [22.5, 0, 0],
							"easing": "easeInOutSine"
						},
						"1.0": {
							"vector": [0, 0, 0]
						}
					}
				},
				"armleft2": {
					"rotation": {
						"0.0": {
							"vector": [0, 0, 0]
						},
						"0.64": {
							"vector": [0, 0, -27.5]
						},
						"0.8": {
							"vector": [35, 0, -15.27778]
						},
						"1.0": {
							"vector": [0, 0, 0]
						}
					}
				},
				"armright2": {
					"rotation": {
						"0.0": {
							"vector": [0, 0, 0]
						},
						"0.36": {
							"vector": [0, 0, 40]
						},
						"0.56": {
							"vector": [27.5, 0, 27.5]
						},
						"1.0": {
							"vector": [0, 0, 0]
						}
					}
				}
			}
		}
	},
	"geckolib_format_version": 2
}