{
  "variants": {
    "facing=north": {
      "model": "metus_oblita:block/charged_skull"
    },
    "facing=east": {
      "model": "metus_oblita:block/charged_skull",
      "y": 90
    },
    "facing=south": {
      "model": "metus_oblita:block/charged_skull",
      "y": 180
    },
    "facing=west": {
      "model": "metus_oblita:block/charged_skull",
      "y": 270
    },
    "facing=up": {
      "model": "metus_oblita:block/charged_skull",
      "x": 270
    },
    "facing=down": {
      "model": "metus_oblita:block/charged_skull",
      "x": 90
    }
  }
}