{
  "format_version": "1.9.0",
  "credit": "Made with Blockbench",
  "texture_size": [
    64,
    32
  ],
  "elements": [
    {
      "name": "head",
      "from": [
        4,
        0,
        3
      ],
      "to": [
        12,
        8,
        12
      ],
      "rotation": {
        "angle": 0,
        "axis": "y",
        "origin": [
          7,
          0,
          6
        ]
      },
      "faces": {
        "north": {
          "uv": [
            9.25,
            4.5,
            11.25,
            8.5
          ],
          "texture": "#0"
        },
        "east": {
          "uv": [
            7,
            4.5,
            9.25,
            8.5
          ],
          "texture": "#0"
        },
        "south": {
          "uv": [
            13.5,
            4.5,
            15.5,
            8.5
          ],
          "texture": "#0"
        },
        "west": {
          "uv": [
            11.25,
            4.5,
            13.5,
            8.5
          ],
          "texture": "#0"
        },
        "up": {
          "uv": [
            11.25,
            4.5,
            9.25,
            0
          ],
          "texture": "#0"
        },
        "down": {
          "uv": [
            13.25,
            0,
            11.25,
            4.5
          ],
          "texture": "#0"
        }
      }
    }
  ],
  "display": {
    "thirdperson_righthand": {
      "rotation": [
        75,
        45,
        0
      ],
      "translation": [
        0,
        1,
        1.75
      ],
      "scale": [
        0.375,
        0.375,
        0.375
      ]
    },
    "thirdperson_lefthand": {
      "rotation": [
        75,
        45,
        0
      ],
      "translation": [
        0,
        1,
        1.75
      ],
      "scale": [
        0.375,
        0.375,
        0.375
      ]
    },
    "firstperson_righthand": {
      "rotation": [
        145.48,
        66.25,
        -146.3
      ],
      "translation": [
        0,
        3.5,
        2
      ],
      "scale": [
        0.375,
        0.375,
        0.375
      ]
    },
    "firstperson_lefthand": {
      "rotation": [
        145.48,
        66.25,
        -146.3
      ],
      "translation": [
        0,
        3.5,
        2
      ],
      "scale": [
        0.375,
        0.375,
        0.375
      ]
    },
    "ground": {
      "translation": [
        0,
        3,
        0
      ],
      "scale": [
        0.7,
        0.7,
        0.7
      ]
    },
    "gui": {
      "rotation": [
        30,
        -135,
        0
      ],
      "translation": [
        0,
        3.25,
        0
      ],
      "scale": [
        0.95,
        0.95,
        0.95
      ]
    },
    "fixed": {
      "translation": [
        0,
        5.75,
        0
      ],
      "scale": [
        1.26,
        1.26,
        1.26
      ]
    }
  },
  "groups": [
    {
      "name": "head",
      "origin": [
        7,
        4,
        9
      ],
      "color": 0,
      "children": [
        0
      ]
    }
  ]
}