{
  "format_version": "1.9.0",
  "credit": "Made with Blockbench",
  "texture_size": [
    128,
    64
  ],
  "elements": [
    {
      "name": "core1",
      "from": [
        6,
        6,
        0
      ],
      "to": [
        10,
        10,
        16
      ],
      "rotation": {
        "angle": 0,
        "axis": "y",
        "origin": [
          9,
          6,
          8
        ]
      },
      "faces": {
        "north": {
          "uv": [
            2.25,
            4,
            2.75,
            5
          ],
          "texture": "#0"
        },
        "east": {
          "uv": [
            0.25,
            4,
            2.25,
            5
          ],
          "texture": "#0"
        },
        "south": {
          "uv": [
            4.75,
            4,
            5.25,
            5
          ],
          "texture": "#0"
        },
        "west": {
          "uv": [
            2.75,
            4,
            4.75,
            5
          ],
          "texture": "#0"
        },
        "up": {
          "uv": [
            2.75,
            4,
            2.25,
            0
          ],
          "texture": "#0"
        },
        "down": {
          "uv": [
            3.25,
            0,
            2.75,
            4
          ],
          "texture": "#0"
        }
      }
    },
    {
      "name": "core2",
      "from": [
        13,
        13,
        16
      ],
      "to": [
        3,
        3,
        0
      ],
      "rotation": {
        "angle": 0,
        "axis": "y",
        "origin": [
          14,
          11,
          22
        ]
      },
      "faces": {
        "north": {
          "uv": [
            3.875,
            10.5,
            3.125,
            9
          ],
          "texture": "#0"
        },
        "east": {
          "uv": [
            5.375,
            10.5,
            3.875,
            9
          ],
          "texture": "#0"
        },
        "south": {
          "uv": [
            1.625,
            10.5,
            0.875,
            9
          ],
          "texture": "#0"
        },
        "west": {
          "uv": [
            3.125,
            10.5,
            1.625,
            9
          ],
          "texture": "#0"
        },
        "up": {
          "uv": [
            3.125,
            10.5,
            3.875,
            13.5
          ],
          "texture": "#0"
        },
        "down": {
          "uv": [
            2.375,
            13.5,
            3.125,
            10.5
          ],
          "texture": "#0"
        }
      }
    },
    {
      "name": "core3",
      "from": [
        11.35,
        11.35,
        15.95
      ],
      "to": [
        4.65,
        4.65,
        -0.15
      ],
      "rotation": {
        "angle": 0,
        "axis": "y",
        "origin": [
          14,
          11,
          23.6
        ]
      },
      "faces": {
        "north": {
          "uv": [
            10.25,
            10.5,
            9.5,
            9
          ],
          "texture": "#0"
        },
        "east": {
          "uv": [
            12.25,
            10.5,
            10.25,
            9
          ],
          "texture": "#0"
        },
        "south": {
          "uv": [
            7.5,
            10.5,
            6.75,
            9
          ],
          "texture": "#0"
        },
        "west": {
          "uv": [
            9.5,
            10.5,
            7.5,
            9
          ],
          "texture": "#0"
        },
        "up": {
          "uv": [
            9.5,
            10.5,
            10.25,
            14.5
          ],
          "texture": "#0"
        },
        "down": {
          "uv": [
            8.75,
            14.5,
            9.5,
            10.5
          ],
          "texture": "#0"
        }
      }
    }
  ],
  "groups": [
    {
      "name": "core1",
      "origin": [
        8,
        9,
        8
      ],
      "color": 0,
      "children": [
        0,
        1,
        2
      ]
    }
  ]
}