{
  "format_version": "1.21.6",
  "credit": "Made with Blockbench",
  "elements": [
    {
      "from": [
        3,
        0,
        3
      ],
      "to": [
        13,
        0,
        13
      ],
      "rotation": {
        "angle": 0,
        "axis": "y",
        "origin": [
          7,
          -3,
          7
        ]
      },
      "faces": {
        "north": {
          "uv": [
            13,
            13,
            3,
            3
          ],
          "texture": "#0"
        },
        "east": {
          "uv": [
            13,
            13,
            3,
            3
          ],
          "texture": "#0"
        },
        "south": {
          "uv": [
            13,
            13,
            3,
            3
          ],
          "texture": "#0"
        },
        "west": {
          "uv": [
            13,
            13,
            3,
            3
          ],
          "texture": "#0"
        },
        "up": {
          "uv": [
            13,
            13,
            3,
            3
          ],
          "texture": "#0"
        },
        "down": {
          "uv": [
            13,
            13,
            3,
            3
          ],
          "texture": "#0"
        }
      }
    }
  ]
}