{
  "format_version": "1.21.6",
  "credit": "Made with Blockbench",
  "texture_size": [
    128,
    64
  ],
  "elements": [
    {
      "from": [
        2,
        0,
        2
      ],
      "to": [
        14,
        3,
        14
      ],
      "rotation": {
        "angle": 0,
        "axis": "y",
        "origin": [
          7,
          0,
          7
        ]
      },
      "faces": {
        "north": {
          "uv": [
            1.625,
            3.5,
            3.125,
            4.25
          ],
          "texture": "#0"
        },
        "east": {
          "uv": [
            0.125,
            3.5,
            1.625,
            4.25
          ],
          "texture": "#0"
        },
        "south": {
          "uv": [
            4.625,
            3.5,
            6.125,
            4.25
          ],
          "texture": "#0"
        },
        "west": {
          "uv": [
            3.125,
            3.5,
            4.625,
            4.25
          ],
          "texture": "#0"
        },
        "up": {
          "uv": [
            3.125,
            3.5,
            1.625,
            0.5
          ],
          "texture": "#0"
        },
        "down": {
          "uv": [
            4.625,
            0.5,
            3.125,
            3.5
          ],
          "texture": "#0"
        }
      }
    },
    {
      "from": [
        0,
        0,
        0
      ],
      "to": [
        16,
        3,
        16
      ],
      "rotation": {
        "angle": 0,
        "axis": "y",
        "origin": [
          7,
          2,
          7
        ]
      },
      "faces": {
        "north": {
          "uv": [
            2,
            15.25,
            4,
            16
          ],
          "texture": "#0"
        },
        "east": {
          "uv": [
            0,
            15.25,
            2,
            16
          ],
          "texture": "#0"
        },
        "south": {
          "uv": [
            6,
            15.25,
            8,
            16
          ],
          "texture": "#0"
        },
        "west": {
          "uv": [
            4,
            15.25,
            6,
            16
          ],
          "texture": "#0"
        },
        "up": {
          "uv": [
            4,
            15.25,
            2,
            11.25
          ],
          "texture": "#0"
        },
        "down": {
          "uv": [
            6,
            11.25,
            4,
            15.25
          ],
          "texture": "#0"
        }
      }
    },
    {
      "from": [
        0,
        3,
        0
      ],
      "to": [
        16,
        5,
        16
      ],
      "rotation": {
        "angle": 0,
        "axis": "y",
        "origin": [
          7,
          2,
          7
        ]
      },
      "faces": {
        "north": {
          "uv": [
            8.125,
            4,
            10.125,
            4.5
          ],
          "texture": "#0"
        },
        "east": {
          "uv": [
            6.125,
            4,
            8.125,
            4.5
          ],
          "texture": "#0"
        },
        "south": {
          "uv": [
            12.125,
            4,
            14.125,
            4.5
          ],
          "texture": "#0"
        },
        "west": {
          "uv": [
            10.125,
            4,
            12.125,
            4.5
          ],
          "texture": "#0"
        },
        "up": {
          "uv": [
            10.125,
            4,
            8.125,
            0
          ],
          "texture": "#0"
        },
        "down": {
          "uv": [
            12.125,
            0,
            10.125,
            4
          ],
          "texture": "#0"
        }
      }
    },
    {
      "from": [
        0,
        5,
        0
      ],
      "to": [
        3,
        15,
        16
      ],
      "rotation": {
        "angle": 0,
        "axis": "y",
        "origin": [
          8,
          5,
          7
        ]
      },
      "faces": {
        "north": {
          "uv": [
            10.375,
            12.25,
            10.75,
            14.75
          ],
          "texture": "#0"
        },
        "east": {
          "uv": [
            8.375,
            12.25,
            10.375,
            14.75
          ],
          "texture": "#0"
        },
        "south": {
          "uv": [
            12.75,
            12.25,
            13.125,
            14.75
          ],
          "texture": "#0"
        },
        "west": {
          "uv": [
            10.75,
            12.25,
            12.75,
            14.75
          ],
          "texture": "#0"
        },
        "up": {
          "uv": [
            10.75,
            12.25,
            10.375,
            8.25
          ],
          "texture": "#0"
        },
        "down": {
          "uv": [
            11.125,
            8.25,
            10.75,
            12.25
          ],
          "texture": "#0"
        }
      }
    },
    {
      "from": [
        13,
        5,
        0
      ],
      "to": [
        16,
        15,
        16
      ],
      "rotation": {
        "angle": 0,
        "axis": "y",
        "origin": [
          8,
          5,
          7
        ]
      },
      "faces": {
        "north": {
          "uv": [
            2.375,
            8.5,
            2,
            11
          ],
          "texture": "#0"
        },
        "east": {
          "uv": [
            4.375,
            8.5,
            2.375,
            11
          ],
          "texture": "#0"
        },
        "south": {
          "uv": [
            4.75,
            8.5,
            4.375,
            11
          ],
          "texture": "#0"
        },
        "west": {
          "uv": [
            2,
            8.5,
            0,
            11
          ],
          "texture": "#0"
        },
        "up": {
          "uv": [
            2,
            8.5,
            2.375,
            4.5
          ],
          "texture": "#0"
        },
        "down": {
          "uv": [
            2.375,
            4.5,
            2.75,
            8.5
          ],
          "texture": "#0"
        }
      }
    },
    {
      "from": [
        3,
        5,
        0
      ],
      "to": [
        13,
        15,
        3
      ],
      "rotation": {
        "angle": 0,
        "axis": "y",
        "origin": [
          9,
          5,
          8
        ]
      },
      "faces": {
        "north": {
          "uv": [
            10.125,
            5.25,
            8.875,
            7.75
          ],
          "texture": "#0"
        },
        "east": {
          "uv": [
            10.5,
            5.25,
            10.125,
            7.75
          ],
          "texture": "#0"
        },
        "south": {
          "uv": [
            11.75,
            5.25,
            10.5,
            7.75
          ],
          "texture": "#0"
        },
        "west": {
          "uv": [
            8.875,
            5.25,
            8.5,
            7.75
          ],
          "texture": "#0"
        },
        "up": {
          "uv": [
            8.875,
            5.25,
            10.125,
            4.5
          ],
          "texture": "#0"
        },
        "down": {
          "uv": [
            10.125,
            4.5,
            11.375,
            5.25
          ],
          "texture": "#0"
        }
      }
    },
    {
      "from": [
        3,
        5,
        13
      ],
      "to": [
        13,
        15,
        16
      ],
      "rotation": {
        "angle": 0,
        "axis": "y",
        "origin": [
          9,
          5,
          20
        ]
      },
      "faces": {
        "north": {
          "uv": [
            13.375,
            5.25,
            12.125,
            7.75
          ],
          "texture": "#0"
        },
        "east": {
          "uv": [
            13.75,
            5.25,
            13.375,
            7.75
          ],
          "texture": "#0"
        },
        "south": {
          "uv": [
            15,
            5.25,
            13.75,
            7.75
          ],
          "texture": "#0"
        },
        "west": {
          "uv": [
            12.125,
            5.25,
            11.75,
            7.75
          ],
          "texture": "#0"
        },
        "up": {
          "uv": [
            12.125,
            5.25,
            13.375,
            4.5
          ],
          "texture": "#0"
        },
        "down": {
          "uv": [
            13.375,
            4.5,
            14.625,
            5.25
          ],
          "texture": "#0"
        }
      }
    }
  ],
  "display": {
    "thirdperson_righthand": {
      "rotation": [
        75,
        45,
        0
      ],
      "translation": [
        0,
        2.5,
        0
      ],
      "scale": [
        0.375,
        0.375,
        0.375
      ]
    },
    "thirdperson_lefthand": {
      "rotation": [
        75,
        45,
        0
      ],
      "translation": [
        0,
        2.5,
        0
      ],
      "scale": [
        0.375,
        0.375,
        0.375
      ]
    },
    "firstperson_righthand": {
      "rotation": [
        15.25,
        45,
        0
      ],
      "translation": [
        0,
        2.5,
        0
      ],
      "scale": [
        0.375,
        0.375,
        0.375
      ]
    },
    "firstperson_lefthand": {
      "rotation": [
        15.25,
        45,
        0
      ],
      "translation": [
        0,
        2.5,
        0
      ],
      "scale": [
        0.375,
        0.375,
        0.375
      ]
    },
    "ground": {
      "translation": [
        0,
        3,
        0
      ],
      "scale": [
        0.25,
        0.25,
        0.25
      ]
    },
    "gui": {
      "rotation": [
        30,
        -135,
        0
      ],
      "scale": [
        0.625,
        0.625,
        0.625
      ]
    },
    "fixed": {
      "scale": [
        0.5,
        0.5,
        0.5
      ]
    }
  }
}