{
  "format_version": "1.9.0",
  "credit": "Made with Blockbench",
  "texture_size": [
    128,
    128
  ],
  "elements": [
    {
      "name": "circle1",
      "from": [
        -16,
        0.1,
        -16
      ],
      "to": [
        32,
        0.1,
        32
      ],
      "rotation": {
        "angle": 0,
        "axis": "y",
        "origin": [
          -8,
          0.1,
          -8
        ]
      },
      "faces": {
        "north": {
          "uv": [
            0,
            7.25,
            6,
            7.25
          ],
          "texture": "#0"
        },
        "east": {
          "uv": [
            -6,
            7.25,
            0,
            7.25
          ],
          "texture": "#0"
        },
        "south": {
          "uv": [
            12,
            7.25,
            18,
            7.25
          ],
          "texture": "#0"
        },
        "west": {
          "uv": [
            6,
            7.25,
            12,
            7.25
          ],
          "texture": "#0"
        },
        "up": {
          "uv": [
            6,
            7.25,
            0,
            1.25
          ],
          "texture": "#0"
        },
        "down": {
          "uv": [
            12,
            1.25,
            6,
            7.25
          ],
          "texture": "#0"
        }
      }
    }
  ],
  "display": {}
}