{
  "format_version": "1.9.0",
  "credit": "Made with Blockbench",
  "texture_size": [
    64,
    32
  ],
  "elements": [
    {
      "name": "core1",
      "from": [
        5,
        6,
        5
      ],
      "to": [
        11,
        12,
        11
      ],
      "rotation": {
        "angle": 0,
        "axis": "y",
        "origin": [
          8,
          6,
          8
        ]
      },
      "faces": {
        "north": {
          "uv": [
            1.5,
            3.5,
            3,
            6.5
          ],
          "texture": "#0"
        },
        "east": {
          "uv": [
            0,
            3.5,
            1.5,
            6.5
          ],
          "texture": "#0"
        },
        "south": {
          "uv": [
            4.5,
            3.5,
            6,
            6.5
          ],
          "texture": "#0"
        },
        "west": {
          "uv": [
            3,
            3.5,
            4.5,
            6.5
          ],
          "texture": "#0"
        },
        "up": {
          "uv": [
            3,
            3.5,
            1.5,
            0.5
          ],
          "texture": "#0"
        },
        "down": {
          "uv": [
            4.5,
            0.5,
            3,
            3.5
          ],
          "texture": "#0"
        }
      }
    },
    {
      "name": "core2",
      "from": [
        11.75,
        12.75,
        11.75
      ],
      "to": [
        4.25,
        5.25,
        4.25
      ],
      "rotation": {
        "angle": 0,
        "axis": "y",
        "origin": [
          14,
          15,
          14
        ]
      },
      "faces": {
        "north": {
          "uv": [
            5.25,
            12.5,
            3.75,
            9.5
          ],
          "texture": "#0"
        },
        "east": {
          "uv": [
            6.75,
            12.5,
            5.25,
            9.5
          ],
          "texture": "#0"
        },
        "south": {
          "uv": [
            2.25,
            12.5,
            0.75,
            9.5
          ],
          "texture": "#0"
        },
        "west": {
          "uv": [
            3.75,
            12.5,
            2.25,
            9.5
          ],
          "texture": "#0"
        },
        "up": {
          "uv": [
            3.75,
            12.5,
            5.25,
            15.5
          ],
          "texture": "#0"
        },
        "down": {
          "uv": [
            2.25,
            15.5,
            3.75,
            12.5
          ],
          "texture": "#0"
        }
      }
    },
    {
      "name": "core3",
      "from": [
        12.75,
        13.75,
        12.75
      ],
      "to": [
        3.25,
        4.25,
        3.25
      ],
      "rotation": {
        "angle": 0,
        "axis": "y",
        "origin": [
          15,
          16,
          15
        ]
      },
      "faces": {
        "north": {
          "uv": [
            13.25,
            11,
            11.25,
            7
          ],
          "texture": "#0"
        },
        "east": {
          "uv": [
            15.25,
            11,
            13.25,
            7
          ],
          "texture": "#0"
        },
        "south": {
          "uv": [
            9.25,
            11,
            7.25,
            7
          ],
          "texture": "#0"
        },
        "west": {
          "uv": [
            11.25,
            11,
            9.25,
            7
          ],
          "texture": "#0"
        },
        "up": {
          "uv": [
            11.25,
            11,
            13.25,
            15
          ],
          "texture": "#0"
        },
        "down": {
          "uv": [
            9.25,
            15,
            11.25,
            11
          ],
          "texture": "#0"
        }
      }
    }
  ],
  "groups": [
    {
      "name": "core1",
      "origin": [
        8,
        9,
        8
      ],
      "color": 0,
      "children": [
        0,
        {
          "name": "core2",
          "origin": [
            8,
            9,
            8
          ],
          "color": 0,
          "children": [
            1,
            2
          ]
        }
      ]
    }
  ]
}