{
  "credit": "Made with Blockbench",
  "texture_size": [
    32,
    32
  ],
  "elements": [
    {
      "from": [
        5,
        1,
        5
      ],
      "to": [
        11,
        15,
        11
      ],
      "rotation": {
        "angle": 0,
        "axis": "x",
        "origin": [
          7,
          9,
          7
        ]
      },
      "faces": {
        "north": {
          "uv": [
            5,
            8,
            8,
            15
          ],
          "texture": "#1"
        },
        "east": {
          "uv": [
            2,
            8,
            5,
            15
          ],
          "texture": "#1"
        },
        "south": {
          "uv": [
            11,
            8,
            14,
            15
          ],
          "texture": "#1"
        },
        "west": {
          "uv": [
            8,
            8,
            11,
            15
          ],
          "texture": "#1"
        },
        "up": {
          "uv": [
            8,
            8,
            5,
            5
          ],
          "texture": "#1"
        },
        "down": {
          "uv": [
            11,
            5,
            8,
            8
          ],
          "texture": "#1"
        }
      }
    },
    {
      "from": [
        4,
        15,
        4
      ],
      "to": [
        12,
        16,
        12
      ],
      "rotation": {
        "angle": 0,
        "axis": "x",
        "origin": [
          7,
          9,
          7
        ]
      },
      "faces": {
        "north": {
          "uv": [
            8,
            4,
            4,
            4.5
          ],
          "texture": "#1"
        },
        "east": {
          "uv": [
            12,
            4,
            8,
            4.5
          ],
          "texture": "#1"
        },
        "south": {
          "uv": [
            16,
            4,
            12,
            4.5
          ],
          "texture": "#1"
        },
        "west": {
          "uv": [
            4,
            4,
            0,
            4.5
          ],
          "texture": "#1"
        },
        "up": {
          "uv": [
            4,
            4,
            8,
            0
          ],
          "texture": "#1"
        },
        "down": {
          "uv": [
            8,
            0,
            12,
            4
          ],
          "texture": "#1"
        }
      }
    },
    {
      "from": [
        4,
        0,
        4
      ],
      "to": [
        12,
        1,
        12
      ],
      "rotation": {
        "angle": 0,
        "axis": "x",
        "origin": [
          7,
          9,
          7
        ]
      },
      "faces": {
        "north": {
          "uv": [
            8,
            4,
            4,
            4.5
          ],
          "texture": "#1"
        },
        "east": {
          "uv": [
            12,
            4,
            8,
            4.5
          ],
          "texture": "#1"
        },
        "south": {
          "uv": [
            16,
            4,
            12,
            4.5
          ],
          "texture": "#1"
        },
        "west": {
          "uv": [
            4,
            4,
            0,
            4.5
          ],
          "texture": "#1"
        },
        "up": {
          "uv": [
            4,
            4,
            8,
            0
          ],
          "texture": "#1"
        },
        "down": {
          "uv": [
            8,
            0,
            12,
            4
          ],
          "texture": "#1"
        }
      }
    }
  ],
  "display": {
    "thirdperson_righthand": {
      "rotation": [
        75,
        45,
        0
      ],
      "translation": [
        0,
        0.75,
        1.25
      ],
      "scale": [
        0.375,
        0.375,
        0.375
      ]
    },
    "thirdperson_lefthand": {
      "rotation": [
        75,
        45,
        0
      ],
      "translation": [
        0,
        0.75,
        1.25
      ],
      "scale": [
        0.375,
        0.375,
        0.375
      ]
    },
    "firstperson_righthand": {
      "rotation": [
        0,
        225,
        0
      ],
      "translation": [
        0,
        1.75,
        0
      ],
      "scale": [
        0.4,
        0.4,
        0.4
      ]
    },
    "firstperson_lefthand": {
      "rotation": [
        0,
        225,
        0
      ],
      "translation": [
        0,
        1.75,
        0
      ],
      "scale": [
        0.4,
        0.4,
        0.4
      ]
    },
    "ground": {
      "translation": [
        0,
        3,
        0
      ],
      "scale": [
        0.68,
        0.68,
        0.68
      ]
    },
    "gui": {
      "rotation": [
        30,
        225,
        0
      ],
      "scale": [
        0.625,
        0.625,
        0.625
      ]
    },
    "fixed": {
      "scale": [
        0.72,
        0.72,
        0.72
      ]
    }
  }
}