{
  "credit": "Made with Blockbench",
  "texture_size": [
    32,
    32
  ],
  "elements": [
    {
      "from": [
        5,
        2,
        5
      ],
      "to": [
        11,
        15,
        11
      ],
      "rotation": {
        "angle": 0,
        "axis": "y",
        "origin": [
          7,
          2,
          7
        ]
      },
      "faces": {
        "north": {
          "uv": [
            3,
            3,
            6,
            9.5
          ],
          "texture": "#3"
        },
        "east": {
          "uv": [
            0,
            3,
            3,
            9.5
          ],
          "texture": "#3"
        },
        "south": {
          "uv": [
            9,
            3,
            12,
            9.5
          ],
          "texture": "#3"
        },
        "west": {
          "uv": [
            6,
            3,
            9,
            9.5
          ],
          "texture": "#3"
        },
        "up": {
          "uv": [
            6,
            3,
            3,
            0
          ],
          "texture": "#3"
        },
        "down": {
          "uv": [
            9,
            0,
            6,
            3
          ],
          "texture": "#3"
        }
      }
    },
    {
      "from": [
        6,
        3,
        3
      ],
      "to": [
        10,
        4,
        5
      ],
      "rotation": {
        "angle": 0,
        "axis": "y",
        "origin": [
          7,
          3,
          7
        ]
      },
      "faces": {
        "north": {
          "uv": [
            3.5,
            3,
            5.5,
            3.5
          ],
          "texture": "#3"
        },
        "east": {
          "uv": [
            2.5,
            3,
            3.5,
            3.5
          ],
          "texture": "#3"
        },
        "south": {
          "uv": [
            6.5,
            3,
            8.5,
            3.5
          ],
          "texture": "#3"
        },
        "west": {
          "uv": [
            5.5,
            3,
            6.5,
            3.5
          ],
          "texture": "#3"
        },
        "up": {
          "uv": [
            5.5,
            3,
            3.5,
            2
          ],
          "texture": "#3"
        },
        "down": {
          "uv": [
            7.5,
            2,
            5.5,
            3
          ],
          "texture": "#3"
        }
      }
    },
    {
      "from": [
        6,
        16,
        3.5
      ],
      "to": [
        10,
        17,
        9.5
      ],
      "rotation": {
        "angle": 0,
        "axis": "y",
        "origin": [
          7,
          16,
          6.5
        ]
      },
      "faces": {
        "north": {
          "uv": [
            3,
            3,
            5,
            3.5
          ],
          "texture": "#3"
        },
        "east": {
          "uv": [
            0,
            3,
            3,
            3.5
          ],
          "texture": "#3"
        },
        "south": {
          "uv": [
            8,
            3,
            10,
            3.5
          ],
          "texture": "#3"
        },
        "west": {
          "uv": [
            5,
            3,
            8,
            3.5
          ],
          "texture": "#3"
        },
        "up": {
          "uv": [
            5,
            3,
            3,
            0
          ],
          "texture": "#3"
        },
        "down": {
          "uv": [
            7,
            0,
            5,
            3
          ],
          "texture": "#3"
        }
      }
    },
    {
      "from": [
        7,
        10,
        3.5
      ],
      "to": [
        9,
        16,
        4.5
      ],
      "rotation": {
        "angle": 0,
        "axis": "y",
        "origin": [
          7,
          16,
          4.5
        ]
      },
      "faces": {
        "north": {
          "uv": [
            5,
            0.5,
            6,
            3.5
          ],
          "texture": "#3"
        },
        "east": {
          "uv": [
            4.5,
            0.5,
            5,
            3.5
          ],
          "texture": "#3"
        },
        "south": {
          "uv": [
            6.5,
            0.5,
            7.5,
            3.5
          ],
          "texture": "#3"
        },
        "west": {
          "uv": [
            6,
            0.5,
            6.5,
            3.5
          ],
          "texture": "#3"
        },
        "up": {
          "uv": [
            6,
            0.5,
            5,
            0
          ],
          "texture": "#3"
        },
        "down": {
          "uv": [
            7,
            0,
            6,
            0.5
          ],
          "texture": "#3"
        }
      }
    },
    {
      "from": [
        7,
        4,
        3.5
      ],
      "to": [
        9,
        10,
        4.5
      ],
      "rotation": {
        "angle": 0,
        "axis": "y",
        "origin": [
          7,
          10,
          4.5
        ]
      },
      "faces": {
        "north": {
          "uv": [
            5,
            0.5,
            6,
            3.5
          ],
          "texture": "#3"
        },
        "east": {
          "uv": [
            4.5,
            0.5,
            5,
            3.5
          ],
          "texture": "#3"
        },
        "south": {
          "uv": [
            6.5,
            0.5,
            7.5,
            3.5
          ],
          "texture": "#3"
        },
        "west": {
          "uv": [
            6,
            0.5,
            6.5,
            3.5
          ],
          "texture": "#3"
        },
        "up": {
          "uv": [
            6,
            0.5,
            5,
            0
          ],
          "texture": "#3"
        },
        "down": {
          "uv": [
            7,
            0,
            6,
            0.5
          ],
          "texture": "#3"
        }
      }
    },
    {
      "from": [
        8,
        15,
        7
      ],
      "to": [
        8,
        32,
        9
      ],
      "rotation": {
        "angle": 0,
        "axis": "y",
        "origin": [
          7,
          16,
          7.5
        ]
      },
      "faces": {
        "north": {
          "uv": [
            14.5,
            0.5,
            14.5,
            9
          ],
          "texture": "#3"
        },
        "east": {
          "uv": [
            13.5,
            0.5,
            14.5,
            9
          ],
          "texture": "#3"
        },
        "south": {
          "uv": [
            15.5,
            0.5,
            15.5,
            9
          ],
          "texture": "#3"
        },
        "west": {
          "uv": [
            14.5,
            0.5,
            15.5,
            9
          ],
          "texture": "#3"
        },
        "up": {
          "uv": [
            14.5,
            0.5,
            14.5,
            -0.5
          ],
          "texture": "#3"
        },
        "down": {
          "uv": [
            14.5,
            -0.5,
            14.5,
            0.5
          ],
          "texture": "#3"
        }
      }
    },
    {
      "from": [
        7,
        15,
        8
      ],
      "to": [
        9,
        32,
        8
      ],
      "rotation": {
        "angle": 0,
        "axis": "y",
        "origin": [
          8.5,
          16,
          7
        ]
      },
      "faces": {
        "north": {
          "uv": [
            13.5,
            0.5,
            14.5,
            9
          ],
          "texture": "#3"
        },
        "east": {
          "uv": [
            13.5,
            0.5,
            13.5,
            9
          ],
          "texture": "#3"
        },
        "south": {
          "uv": [
            14.5,
            0.5,
            15.5,
            9
          ],
          "texture": "#3"
        },
        "west": {
          "uv": [
            14.5,
            0.5,
            14.5,
            9
          ],
          "texture": "#3"
        },
        "up": {
          "uv": [
            14.5,
            0.5,
            13.5,
            0.5
          ],
          "texture": "#3"
        },
        "down": {
          "uv": [
            15.5,
            0.5,
            14.5,
            0.5
          ],
          "texture": "#3"
        }
      }
    },
    {
      "from": [
        5,
        -2,
        6
      ],
      "to": [
        11,
        0,
        10
      ],
      "rotation": {
        "angle": 0,
        "axis": "y",
        "origin": [
          7,
          -16,
          7
        ]
      },
      "faces": {
        "north": {
          "uv": [
            3.5,
            12,
            6.5,
            13
          ],
          "texture": "#3"
        },
        "east": {
          "uv": [
            1.5,
            12,
            3.5,
            13
          ],
          "texture": "#3"
        },
        "south": {
          "uv": [
            8.5,
            12,
            11.5,
            13
          ],
          "texture": "#3"
        },
        "west": {
          "uv": [
            6.5,
            12,
            8.5,
            13
          ],
          "texture": "#3"
        },
        "up": {
          "uv": [
            6.5,
            12,
            3.5,
            10
          ],
          "texture": "#3"
        },
        "down": {
          "uv": [
            9.5,
            10,
            6.5,
            12
          ],
          "texture": "#3"
        }
      }
    },
    {
      "from": [
        7,
        0,
        7
      ],
      "to": [
        9,
        2,
        9
      ],
      "rotation": {
        "angle": 0,
        "axis": "y",
        "origin": [
          7,
          -15,
          7
        ]
      },
      "faces": {
        "north": {
          "uv": [
            10,
            1.5,
            11,
            2.5
          ],
          "texture": "#3"
        },
        "east": {
          "uv": [
            9,
            1.5,
            10,
            2.5
          ],
          "texture": "#3"
        },
        "south": {
          "uv": [
            12,
            1.5,
            13,
            2.5
          ],
          "texture": "#3"
        },
        "west": {
          "uv": [
            11,
            1.5,
            12,
            2.5
          ],
          "texture": "#3"
        },
        "up": {
          "uv": [
            11,
            1.5,
            10,
            0.5
          ],
          "texture": "#3"
        },
        "down": {
          "uv": [
            12,
            0.5,
            11,
            1.5
          ],
          "texture": "#3"
        }
      }
    }
  ],
  "display": {
    "thirdperson_righthand": {
      "translation": [
        -1,
        -0.75,
        0
      ],
      "scale": [
        0.7,
        0.7,
        0.7
      ]
    },
    "thirdperson_lefthand": {
      "translation": [
        -1,
        -0.75,
        0
      ],
      "scale": [
        0.7,
        0.7,
        0.7
      ]
    },
    "firstperson_righthand": {
      "translation": [
        1,
        1.25,
        0
      ],
      "scale": [
        0.48,
        0.48,
        0.48
      ]
    },
    "firstperson_lefthand": {
      "translation": [
        1,
        1.25,
        0
      ],
      "scale": [
        0.48,
        0.48,
        0.48
      ]
    },
    "ground": {
      "translation": [
        0,
        3.75,
        0
      ],
      "scale": [
        0.75,
        0.75,
        0.75
      ]
    },
    "gui": {
      "rotation": [
        -82.98,
        -43.6,
        -82.99
      ],
      "translation": [
        -2.75,
        -2.5,
        0
      ],
      "scale": [
        0.56,
        0.56,
        0.56
      ]
    },
    "fixed": {
      "rotation": [
        0,
        180,
        0
      ]
    }
  }
}