{
  "credit": "Made with Blockbench",
  "elements": [
    {
      "name": "core1",
      "from": [
        6,
        8,
        6
      ],
      "to": [
        10,
        12,
        10
      ],
      "rotation": {
        "angle": 0,
        "axis": "y",
        "origin": [
          8,
          15,
          6
        ]
      },
      "faces": {
        "north": {
          "uv": [
            4,
            7,
            8,
            11
          ],
          "texture": "#2"
        },
        "east": {
          "uv": [
            0,
            7,
            4,
            11
          ],
          "texture": "#2"
        },
        "south": {
          "uv": [
            12,
            7,
            16,
            11
          ],
          "texture": "#2"
        },
        "west": {
          "uv": [
            8,
            7,
            12,
            11
          ],
          "texture": "#2"
        },
        "up": {
          "uv": [
            8,
            7,
            4,
            3
          ],
          "texture": "#2"
        },
        "down": {
          "uv": [
            12,
            3,
            8,
            7
          ],
          "texture": "#2"
        }
      }
    }
  ],
  "groups": [
    {
      "name": "core1",
      "origin": [
        8,
        2,
        8
      ],
      "color": 0,
      "children": [
        0
      ]
    }
  ]
}