{
  "format_version": "1.9.0",
  "credit": "Made with Blockbench",
  "texture_size": [
    128,
    64
  ],
  "elements": [
    {
      "from": [
        5,
        2,
        7
      ],
      "to": [
        11,
        8,
        23
      ],
      "rotation": {
        "angle": 0,
        "axis": "y",
        "origin": [
          7,
          2,
          13
        ]
      },
      "faces": {
        "north": {
          "uv": [
            2,
            4,
            2.75,
            5.5
          ],
          "texture": "#16"
        },
        "east": {
          "uv": [
            0,
            4,
            2,
            5.5
          ],
          "texture": "#16"
        },
        "south": {
          "uv": [
            4.75,
            4,
            5.5,
            5.5
          ],
          "texture": "#16"
        },
        "west": {
          "uv": [
            2.75,
            4,
            4.75,
            5.5
          ],
          "texture": "#16"
        },
        "up": {
          "uv": [
            2.75,
            4,
            2,
            0
          ],
          "texture": "#16"
        },
        "down": {
          "uv": [
            3.5,
            0,
            2.75,
            4
          ],
          "texture": "#16"
        }
      }
    },
    {
      "from": [
        4,
        0,
        11
      ],
      "to": [
        12,
        4,
        14
      ],
      "rotation": {
        "angle": 0,
        "axis": "y",
        "origin": [
          7,
          -4,
          16
        ]
      },
      "faces": {
        "north": {
          "uv": [
            7.125,
            2,
            8.125,
            3
          ],
          "texture": "#16"
        },
        "east": {
          "uv": [
            6.75,
            2,
            7.125,
            3
          ],
          "texture": "#16"
        },
        "south": {
          "uv": [
            8.5,
            2,
            9.5,
            3
          ],
          "texture": "#16"
        },
        "west": {
          "uv": [
            8.125,
            2,
            8.5,
            3
          ],
          "texture": "#16"
        },
        "up": {
          "uv": [
            8.125,
            2,
            7.125,
            1.25
          ],
          "texture": "#16"
        },
        "down": {
          "uv": [
            9.125,
            1.25,
            8.125,
            2
          ],
          "texture": "#16"
        }
      }
    },
    {
      "from": [
        7,
        -6,
        14
      ],
      "to": [
        9,
        2,
        18
      ],
      "rotation": {
        "angle": 0,
        "axis": "y",
        "origin": [
          7,
          -8,
          19
        ]
      },
      "faces": {
        "north": {
          "uv": [
            4.5,
            6.75,
            4.75,
            8.75
          ],
          "texture": "#16"
        },
        "east": {
          "uv": [
            4,
            6.75,
            4.5,
            8.75
          ],
          "texture": "#16"
        },
        "south": {
          "uv": [
            5.25,
            6.75,
            5.5,
            8.75
          ],
          "texture": "#16"
        },
        "west": {
          "uv": [
            4.75,
            6.75,
            5.25,
            8.75
          ],
          "texture": "#16"
        },
        "up": {
          "uv": [
            4.75,
            6.75,
            4.5,
            5.75
          ],
          "texture": "#16"
        },
        "down": {
          "uv": [
            5,
            5.75,
            4.75,
            6.75
          ],
          "texture": "#16"
        }
      }
    },
    {
      "from": [
        8,
        -7,
        2
      ],
      "to": [
        8,
        3,
        14
      ],
      "rotation": {
        "angle": 0,
        "axis": "y",
        "origin": [
          7,
          -8,
          11
        ]
      },
      "faces": {
        "north": {
          "uv": [
            7.125,
            5.25,
            7.125,
            7.75
          ],
          "texture": "#16"
        },
        "east": {
          "uv": [
            5.625,
            5.25,
            7.125,
            7.75
          ],
          "texture": "#16"
        },
        "south": {
          "uv": [
            8.625,
            5.25,
            8.625,
            7.75
          ],
          "texture": "#16"
        },
        "west": {
          "uv": [
            7.125,
            5.25,
            8.625,
            7.75
          ],
          "texture": "#16"
        },
        "up": {
          "uv": [
            7.125,
            5.25,
            7.125,
            2.25
          ],
          "texture": "#16"
        },
        "down": {
          "uv": [
            7.125,
            2.25,
            7.125,
            5.25
          ],
          "texture": "#16"
        }
      }
    },
    {
      "from": [
        4,
        6,
        9
      ],
      "to": [
        12,
        9,
        11
      ],
      "rotation": {
        "angle": 0,
        "axis": "y",
        "origin": [
          7,
          2,
          13
        ]
      },
      "faces": {
        "north": {
          "uv": [
            3.75,
            3,
            4.75,
            3.75
          ],
          "texture": "#16"
        },
        "east": {
          "uv": [
            3.5,
            3,
            3.75,
            3.75
          ],
          "texture": "#16"
        },
        "south": {
          "uv": [
            5,
            3,
            6,
            3.75
          ],
          "texture": "#16"
        },
        "west": {
          "uv": [
            4.75,
            3,
            5,
            3.75
          ],
          "texture": "#16"
        },
        "up": {
          "uv": [
            4.75,
            3,
            3.75,
            2.5
          ],
          "texture": "#16"
        },
        "down": {
          "uv": [
            5.75,
            2.5,
            4.75,
            3
          ],
          "texture": "#16"
        }
      }
    },
    {
      "from": [
        4,
        4.5,
        10
      ],
      "to": [
        12,
        7.5,
        11
      ],
      "rotation": {
        "angle": 45,
        "axis": "x",
        "origin": [
          7,
          3.5,
          14
        ]
      },
      "faces": {
        "north": {
          "uv": [
            6.875,
            3.5,
            7.875,
            4.25
          ],
          "texture": "#16"
        },
        "east": {
          "uv": [
            6.75,
            3.5,
            6.875,
            4.25
          ],
          "texture": "#16"
        },
        "south": {
          "uv": [
            8,
            3.5,
            9,
            4.25
          ],
          "texture": "#16"
        },
        "west": {
          "uv": [
            7.875,
            3.5,
            8,
            4.25
          ],
          "texture": "#16"
        },
        "up": {
          "uv": [
            7.875,
            3.5,
            6.875,
            3.25
          ],
          "texture": "#16"
        },
        "down": {
          "uv": [
            8.875,
            3.25,
            7.875,
            3.5
          ],
          "texture": "#16"
        }
      }
    },
    {
      "from": [
        7,
        5,
        19
      ],
      "to": [
        9,
        10,
        30
      ],
      "rotation": {
        "angle": 0,
        "axis": "y",
        "origin": [
          7,
          2,
          22
        ]
      },
      "faces": {
        "north": {
          "uv": [
            3.375,
            9,
            3.625,
            10.25
          ],
          "texture": "#16"
        },
        "east": {
          "uv": [
            2,
            9,
            3.375,
            10.25
          ],
          "texture": "#16"
        },
        "south": {
          "uv": [
            5,
            9,
            5.25,
            10.25
          ],
          "texture": "#16"
        },
        "west": {
          "uv": [
            3.625,
            9,
            5,
            10.25
          ],
          "texture": "#16"
        },
        "up": {
          "uv": [
            3.625,
            9,
            3.375,
            6.25
          ],
          "texture": "#16"
        },
        "down": {
          "uv": [
            3.875,
            6.25,
            3.625,
            9
          ],
          "texture": "#16"
        }
      }
    },
    {
      "from": [
        8,
        2,
        23
      ],
      "to": [
        8,
        5,
        30
      ],
      "rotation": {
        "angle": 0,
        "axis": "y",
        "origin": [
          7,
          -3,
          22
        ]
      },
      "faces": {
        "north": {
          "uv": [
            2.375,
            6,
            2.375,
            6.75
          ],
          "texture": "#16"
        },
        "east": {
          "uv": [
            1.5,
            6,
            2.375,
            6.75
          ],
          "texture": "#16"
        },
        "south": {
          "uv": [
            3.25,
            6,
            3.25,
            6.75
          ],
          "texture": "#16"
        },
        "west": {
          "uv": [
            2.375,
            6,
            3.25,
            6.75
          ],
          "texture": "#16"
        },
        "up": {
          "uv": [
            2.375,
            6,
            2.375,
            4.25
          ],
          "texture": "#16"
        },
        "down": {
          "uv": [
            2.375,
            4.25,
            2.375,
            6
          ],
          "texture": "#16"
        }
      }
    },
    {
      "from": [
        6,
        8,
        26
      ],
      "to": [
        10,
        11,
        28
      ],
      "rotation": {
        "angle": 0,
        "axis": "y",
        "origin": [
          7,
          2,
          21
        ]
      },
      "faces": {
        "north": {
          "uv": [
            2,
            7.5,
            2.5,
            8.25
          ],
          "texture": "#16"
        },
        "east": {
          "uv": [
            1.75,
            7.5,
            2,
            8.25
          ],
          "texture": "#16"
        },
        "south": {
          "uv": [
            2.75,
            7.5,
            3.25,
            8.25
          ],
          "texture": "#16"
        },
        "west": {
          "uv": [
            2.5,
            7.5,
            2.75,
            8.25
          ],
          "texture": "#16"
        },
        "up": {
          "uv": [
            2.5,
            7.5,
            2,
            7
          ],
          "texture": "#16"
        },
        "down": {
          "uv": [
            3,
            7,
            2.5,
            7.5
          ],
          "texture": "#16"
        }
      }
    },
    {
      "from": [
        6,
        8,
        21
      ],
      "to": [
        10,
        11,
        23
      ],
      "rotation": {
        "angle": 0,
        "axis": "y",
        "origin": [
          7,
          2,
          15
        ]
      },
      "faces": {
        "north": {
          "uv": [
            2,
            7.5,
            2.5,
            8.25
          ],
          "texture": "#16"
        },
        "east": {
          "uv": [
            1.75,
            7.5,
            2,
            8.25
          ],
          "texture": "#16"
        },
        "south": {
          "uv": [
            2.75,
            7.5,
            3.25,
            8.25
          ],
          "texture": "#16"
        },
        "west": {
          "uv": [
            2.5,
            7.5,
            2.75,
            8.25
          ],
          "texture": "#16"
        },
        "up": {
          "uv": [
            2.5,
            7.5,
            2,
            7
          ],
          "texture": "#16"
        },
        "down": {
          "uv": [
            3,
            7,
            2.5,
            7.5
          ],
          "texture": "#16"
        }
      }
    },
    {
      "from": [
        6,
        3,
        2
      ],
      "to": [
        10,
        7,
        7
      ],
      "rotation": {
        "angle": 0,
        "axis": "y",
        "origin": [
          7,
          2,
          8
        ]
      },
      "faces": {
        "north": {
          "uv": [
            4.25,
            1.25,
            4.75,
            2.25
          ],
          "texture": "#16"
        },
        "east": {
          "uv": [
            3.625,
            1.25,
            4.25,
            2.25
          ],
          "texture": "#16"
        },
        "south": {
          "uv": [
            5.375,
            1.25,
            5.875,
            2.25
          ],
          "texture": "#16"
        },
        "west": {
          "uv": [
            4.75,
            1.25,
            5.375,
            2.25
          ],
          "texture": "#16"
        },
        "up": {
          "uv": [
            4.75,
            1.25,
            4.25,
            0
          ],
          "texture": "#16"
        },
        "down": {
          "uv": [
            5.25,
            0,
            4.75,
            1.25
          ],
          "texture": "#16"
        }
      }
    },
    {
      "from": [
        6,
        4,
        -2
      ],
      "to": [
        10,
        7,
        2
      ],
      "rotation": {
        "angle": 0,
        "axis": "y",
        "origin": [
          7,
          2,
          3
        ]
      },
      "faces": {
        "north": {
          "uv": [
            0.5,
            1,
            1,
            1.75
          ],
          "texture": "#16"
        },
        "east": {
          "uv": [
            0,
            1,
            0.5,
            1.75
          ],
          "texture": "#16"
        },
        "south": {
          "uv": [
            1.5,
            1,
            2,
            1.75
          ],
          "texture": "#16"
        },
        "west": {
          "uv": [
            1,
            1,
            1.5,
            1.75
          ],
          "texture": "#16"
        },
        "up": {
          "uv": [
            1,
            1,
            0.5,
            0
          ],
          "texture": "#16"
        },
        "down": {
          "uv": [
            1.5,
            0,
            1,
            1
          ],
          "texture": "#16"
        }
      }
    },
    {
      "from": [
        8,
        7,
        2
      ],
      "to": [
        8,
        10,
        9
      ],
      "rotation": {
        "angle": 0,
        "axis": "y",
        "origin": [
          7,
          6,
          8
        ]
      },
      "faces": {
        "north": {
          "uv": [
            0.875,
            2.25,
            0.875,
            3
          ],
          "texture": "#16"
        },
        "east": {
          "uv": [
            0,
            2.25,
            0.875,
            3
          ],
          "texture": "#16"
        },
        "south": {
          "uv": [
            1.75,
            2.25,
            1.75,
            3
          ],
          "texture": "#16"
        },
        "west": {
          "uv": [
            0.875,
            2.25,
            1.75,
            3
          ],
          "texture": "#16"
        },
        "up": {
          "uv": [
            0.875,
            2.25,
            0.875,
            0.5
          ],
          "texture": "#16"
        },
        "down": {
          "uv": [
            0.875,
            0.5,
            0.875,
            2.25
          ],
          "texture": "#16"
        }
      }
    },
    {
      "from": [
        7,
        4,
        -3
      ],
      "to": [
        9,
        6,
        2
      ],
      "rotation": {
        "angle": 0,
        "axis": "y",
        "origin": [
          8,
          4,
          1
        ]
      },
      "faces": {
        "north": {
          "uv": [
            9.625,
            3,
            9.875,
            3.5
          ],
          "texture": "#16"
        },
        "east": {
          "uv": [
            9,
            3,
            9.625,
            3.5
          ],
          "texture": "#16"
        },
        "south": {
          "uv": [
            10.5,
            3,
            10.75,
            3.5
          ],
          "texture": "#16"
        },
        "west": {
          "uv": [
            9.875,
            3,
            10.5,
            3.5
          ],
          "texture": "#16"
        },
        "up": {
          "uv": [
            9.875,
            3,
            9.625,
            1.75
          ],
          "texture": "#16"
        },
        "down": {
          "uv": [
            10.125,
            1.75,
            9.875,
            3
          ],
          "texture": "#16"
        }
      }
    },
    {
      "from": [
        8,
        4.5,
        -16
      ],
      "to": [
        8,
        5.5,
        2
      ],
      "rotation": {
        "angle": 0,
        "axis": "y",
        "origin": [
          8,
          5.5,
          1
        ]
      },
      "faces": {
        "north": {
          "uv": [
            8,
            4.75,
            8,
            5
          ],
          "texture": "#16"
        },
        "east": {
          "uv": [
            5.75,
            4.75,
            8,
            5
          ],
          "texture": "#16"
        },
        "south": {
          "uv": [
            10.25,
            4.75,
            10.25,
            5
          ],
          "texture": "#16"
        },
        "west": {
          "uv": [
            8,
            4.75,
            10.25,
            5
          ],
          "texture": "#16"
        },
        "up": {
          "uv": [
            8,
            4.75,
            8,
            0.25
          ],
          "texture": "#16"
        },
        "down": {
          "uv": [
            8,
            0.25,
            8,
            4.75
          ],
          "texture": "#16"
        }
      }
    },
    {
      "from": [
        7.5,
        5,
        -16
      ],
      "to": [
        8.5,
        5,
        2
      ],
      "rotation": {
        "angle": 0,
        "axis": "y",
        "origin": [
          7.5,
          5,
          1
        ]
      },
      "faces": {
        "north": {
          "uv": [
            6.125,
            4.75,
            6.25,
            4.75
          ],
          "texture": "#16"
        },
        "east": {
          "uv": [
            3.875,
            4.75,
            6.125,
            4.75
          ],
          "texture": "#16"
        },
        "south": {
          "uv": [
            8.5,
            4.75,
            8.625,
            4.75
          ],
          "texture": "#16"
        },
        "west": {
          "uv": [
            6.25,
            4.75,
            8.5,
            4.75
          ],
          "texture": "#16"
        },
        "up": {
          "uv": [
            6.25,
            4.75,
            6.125,
            0.25
          ],
          "texture": "#16"
        },
        "down": {
          "uv": [
            6.375,
            0.25,
            6.25,
            4.75
          ],
          "texture": "#16"
        }
      }
    }
  ],
  "display": {
    "thirdperson_righthand": {
      "translation": [
        -0.25,
        4.25,
        -1.25
      ],
      "scale": [
        0.56,
        0.56,
        0.56
      ]
    },
    "thirdperson_lefthand": {
      "translation": [
        -0.25,
        4.25,
        -1.25
      ],
      "scale": [
        0.56,
        0.56,
        0.56
      ]
    },
    "firstperson_righthand": {
      "translation": [
        0.75,
        3.75,
        -1.25
      ],
      "scale": [
        0.56,
        0.56,
        0.56
      ]
    },
    "firstperson_lefthand": {
      "translation": [
        0.75,
        3.75,
        -1.25
      ],
      "scale": [
        0.56,
        0.56,
        0.56
      ]
    },
    "ground": {
      "rotation": [
        34.25,
        -3.06,
        -9.93
      ],
      "translation": [
        0,
        8,
        0
      ],
      "scale": [
        0.5,
        0.5,
        0.5
      ]
    },
    "gui": {
      "rotation": [
        130.32,
        44.38,
        -120.32
      ],
      "translation": [
        0.5,
        2,
        -1.25
      ],
      "scale": [
        0.45,
        0.45,
        0.45
      ]
    },
    "fixed": {
      "rotation": [
        -180,
        -90,
        -180
      ],
      "translation": [
        1.5,
        1.75,
        -0.75
      ]
    }
  }
}