{
  "parent": "block/cube",
  "textures": {
    "down": "metus_oblita:block/alchemical_item_tank_top",
    "up": "metus_oblita:block/alchemical_item_tank_top",
    "north": "metus_oblita:block/alchemical_item_tank_green_side",
    "east": "metus_oblita:block/alchemical_item_tank_green_side",
    "south": "metus_oblita:block/alchemical_item_tank_green_side",
    "west": "metus_oblita:block/alchemical_item_tank_green_side",
    "particle": "metus_oblita:block/alchemical_item_tank_top"
  },
  "render_type": "translucent"
}