{
  "parent": "block/cube",
  "textures": {
    "down": "metus_oblita:block/alchemical_glass_jar_bottom",
    "up": "metus_oblita:block/alchemical_glass_green",
    "north": "metus_oblita:block/green_alchemical_glass_jar_side",
    "east": "metus_oblita:block/green_alchemical_glass_jar_side",
    "south": "metus_oblita:block/green_alchemical_glass_jar_side",
    "west": "metus_oblita:block/green_alchemical_glass_jar_side",
    "particle": "metus_oblita:block/alchemical_glass_jar_bottom"
  },
  "render_type": "cutout_mipped"
}