{
  "parent": "block/cube",
  "textures": {
    "down": "metus_oblita:block/oblita_bloodslate_polished",
    "up": "metus_oblita:block/oblita_bloodslate_polished",
    "north": "metus_oblita:block/oblita_bloodslate_chiseled",
    "east": "metus_oblita:block/oblita_bloodslate_chiseled",
    "south": "metus_oblita:block/oblita_bloodslate_chiseled",
    "west": "metus_oblita:block/oblita_bloodslate_chiseled",
    "particle": "metus_oblita:block/oblita_bloodslate_polished"
  },
  "render_type": "solid"
}