{
  "parent": "block/cube",
  "textures": {
    "down": "metus_oblita:block/oblita_cruor_arrow_rotated1",
    "up": "metus_oblita:block/oblita_cruor_arrow",
    "north": "metus_oblita:block/oblita_cruor_conduit",
    "east": "metus_oblita:block/oblita_cruor_conduit_pipe_side_rotated",
    "south": "metus_oblita:block/oblita_cruor_conduit",
    "west": "metus_oblita:block/oblita_cruor_conduit_pipe_side_rotated",
    "particle": "metus_oblita:block/oblita_cruor_arrow_rotated1"
  },
  "render_type": "solid"
}