{
  "parent": "block/cube",
  "textures": {
    "down": "metus_oblita:block/oblita_cruor_ejector_rotated3",
    "up": "metus_oblita:block/oblita_cruor_ejector",
    "north": "metus_oblita:block/oblita_cruor_ejector_muzzle",
    "east": "metus_oblita:block/oblita_cruor_ejector_rotated2",
    "south": "metus_oblita:block/oblita_cruor_conduit",
    "west": "metus_oblita:block/oblita_cruor_ejector_rotated1",
    "particle": "metus_oblita:block/oblita_cruor_ejector_rotated3"
  },
  "render_type": "solid"
}