{
  "parent": "block/cube",
  "textures": {
    "down": "metus_oblita:block/oblita_depthstone_chiseled",
    "up": "metus_oblita:block/oblita_depthstone_chiseled",
    "north": "metus_oblita:block/oblita_depthstone_chiseled",
    "east": "metus_oblita:block/oblita_depthstone_chiseled",
    "south": "metus_oblita:block/oblita_depthstone_chiseled",
    "west": "metus_oblita:block/oblita_depthstone_chiseled",
    "particle": "metus_oblita:block/oblita_depthstone_chiseled"
  },
  "render_type": "solid"
}