{
  "parent": "block/cube",
  "textures": {
    "down": "metus_oblita:block/oblita_depthstone_crude_pillar_top",
    "up": "metus_oblita:block/oblita_depthstone_crude_pillar_top",
    "north": "metus_oblita:block/oblita_depthstone_crude_pillar_side",
    "east": "metus_oblita:block/oblita_depthstone_crude_pillar_side",
    "south": "metus_oblita:block/oblita_depthstone_crude_pillar_side",
    "west": "metus_oblita:block/oblita_depthstone_crude_pillar_side",
    "particle": "metus_oblita:block/oblita_depthstone_crude_pillar_top"
  },
  "render_type": "solid"
}